image_id,p_180
test_00000,0
test_00001,1
test_00002,1
test_00003,0
test_00004,1
test_00005,0
test_00006,1
test_00007,1
test_00008,1
test_00009,0
test_00010,1
test_00011,0
test_00012,0
test_00013,1
test_00014,1
test_00015,1
test_00016,1
test_00017,0
test_00018,0
test_00019,0
test_00020,0
test_00021,0
test_00022,1
test_00023,0
test_00024,1
test_00025,1
test_00026,1
test_00027,1
test_00028,1
test_00029,1
test_00030,0
test_00031,1
test_00032,1
test_00033,1
test_00034,1
test_00035,1
test_00036,0
test_00037,0
test_00038,0
test_00039,0
test_00040,0
test_00041,0
test_00042,1
test_00043,0
test_00044,0
test_00045,1
test_00046,0
test_00047,1
test_00048,1
test_00049,1
test_00050,1
test_00051,0
test_00052,0
test_00053,1
test_00054,0
test_00055,1
test_00056,0
test_00057,1
test_00058,0
test_00059,1
test_00060,0
test_00061,0
test_00062,0
test_00063,0
test_00064,0
test_00065,1
test_00066,1
test_00067,0
test_00068,0
test_00069,0
test_00070,1
test_00071,1
test_00072,1
test_00073,1
test_00074,0
test_00075,1
test_00076,0
test_00077,1
test_00078,1
test_00079,1
test_00080,0
test_00081,1
test_00082,1
test_00083,0
test_00084,1
test_00085,1
test_00086,1
test_00087,1
test_00088,1
test_00089,0
test_00090,0
test_00091,0
test_00092,1
test_00093,1
test_00094,0
test_00095,1
test_00096,0
test_00097,0
test_00098,0
test_00099,0
test_00100,0
test_00101,1
test_00102,0
test_00103,1
test_00104,0
test_00105,0
test_00106,1
test_00107,1
test_00108,1
test_00109,0
test_00110,1
test_00111,0
test_00112,1
test_00113,0
test_00114,1
test_00115,1
test_00116,0
test_00117,1
test_00118,1
test_00119,1
test_00120,0
test_00121,1
test_00122,1
test_00123,1
test_00124,0
test_00125,0
test_00126,0
test_00127,1
test_00128,0
test_00129,0
test_00130,1
test_00131,0
test_00132,0
test_00133,1
test_00134,0
test_00135,1
test_00136,0
test_00137,1
test_00138,1
test_00139,0
test_00140,1
test_00141,0
test_00142,1
test_00143,1
test_00144,0
test_00145,1
test_00146,0
test_00147,1
test_00148,0
test_00149,0
test_00150,0
test_00151,1
test_00152,0
test_00153,0
test_00154,0
test_00155,1
test_00156,1
test_00157,0
test_00158,1
test_00159,1
test_00160,1
test_00161,0
test_00162,1
test_00163,0
test_00164,0
test_00165,1
test_00166,1
test_00167,1
test_00168,0
test_00169,0
test_00170,1
test_00171,1
test_00172,1
test_00173,0
test_00174,0
test_00175,1
test_00176,1
test_00177,0
test_00178,0
test_00179,1
test_00180,0
test_00181,0
test_00182,1
test_00183,1
test_00184,1
test_00185,1
test_00186,0
test_00187,1
test_00188,1
test_00189,1
test_00190,0
test_00191,0
test_00192,0
test_00193,0
test_00194,0
test_00195,0
test_00196,1
test_00197,0
test_00198,0
test_00199,1
test_00200,1
test_00201,1
test_00202,1
test_00203,0
test_00204,1
test_00205,0
test_00206,0
test_00207,0
test_00208,0
test_00209,0
test_00210,0
test_00211,1
test_00212,1
test_00213,1
test_00214,1
test_00215,0
test_00216,0
test_00217,0
test_00218,0
test_00219,1
test_00220,1
test_00221,1
test_00222,0
test_00223,1
test_00224,1
test_00225,1
test_00226,0
test_00227,0
test_00228,0
test_00229,0
test_00230,0
test_00231,1
test_00232,1
test_00233,1
test_00234,0
test_00235,1
test_00236,0
test_00237,0
test_00238,1
test_00239,0
test_00240,0
test_00241,0
test_00242,1
test_00243,1
test_00244,1
test_00245,0
test_00246,0
test_00247,0
test_00248,1
test_00249,1
test_00250,0
test_00251,1
test_00252,0
test_00253,1
test_00254,0
test_00255,0
test_00256,0
test_00257,0
test_00258,0
test_00259,0
test_00260,0
test_00261,1
test_00262,1
test_00263,1
test_00264,1
test_00265,1
test_00266,1
test_00267,1
test_00268,0
test_00269,1
test_00270,1
test_00271,0
test_00272,1
test_00273,0
test_00274,1
test_00275,0
test_00276,0
test_00277,1
test_00278,0
test_00279,1
test_00280,1
test_00281,1
test_00282,1
test_00283,0
test_00284,0
test_00285,0
test_00286,0
test_00287,1
test_00288,1
test_00289,1
test_00290,1
test_00291,1
test_00292,1
test_00293,0
test_00294,1
test_00295,1
test_00296,0
test_00297,1
test_00298,0
test_00299,1
test_00300,0
test_00301,1
test_00302,1
test_00303,1
test_00304,0
test_00305,1
test_00306,1
test_00307,1
test_00308,1
test_00309,0
test_00310,0
test_00311,1
test_00312,0
test_00313,1
test_00314,0
test_00315,0
test_00316,1
test_00317,0
test_00318,1
test_00319,0
test_00320,1
test_00321,0
test_00322,0
test_00323,1
test_00324,1
test_00325,1
test_00326,0
test_00327,1
test_00328,1
test_00329,0
test_00330,1
test_00331,1
test_00332,1
test_00333,1
test_00334,1
test_00335,0
test_00336,0
test_00337,1
test_00338,0
test_00339,1
test_00340,0
test_00341,0
test_00342,1
test_00343,1
test_00344,1
test_00345,1
test_00346,0
test_00347,0
test_00348,1
test_00349,0
test_00350,1
test_00351,0
test_00352,1
test_00353,1
test_00354,0
test_00355,1
test_00356,0
test_00357,0
test_00358,1
test_00359,1
test_00360,1
test_00361,1
test_00362,0
test_00363,1
test_00364,1
test_00365,1
test_00366,1
test_00367,0
test_00368,0
test_00369,1
test_00370,0
test_00371,0
test_00372,1
test_00373,0
test_00374,1
test_00375,1
test_00376,0
test_00377,0
test_00378,1
test_00379,0
test_00380,0
test_00381,1
test_00382,1
test_00383,0
test_00384,1
test_00385,0
test_00386,1
test_00387,1
test_00388,0
test_00389,1
test_00390,0
test_00391,0
test_00392,1
test_00393,0
test_00394,0
test_00395,0
test_00396,0
test_00397,1
test_00398,0
test_00399,1
test_00400,1
test_00401,0
test_00402,1
test_00403,0
test_00404,0
test_00405,1
test_00406,1
test_00407,0
test_00408,1
test_00409,1
test_00410,0
test_00411,0
test_00412,1
test_00413,1
test_00414,0
test_00415,0
test_00416,0
test_00417,0
test_00418,1
test_00419,1
test_00420,0
test_00421,1
test_00422,1
test_00423,0
test_00424,0
test_00425,0
test_00426,0
test_00427,0
test_00428,0
test_00429,1
test_00430,1
test_00431,1
test_00432,1
test_00433,0
test_00434,0
test_00435,1
test_00436,1
test_00437,0
test_00438,1
test_00439,0
test_00440,0
test_00441,0
test_00442,1
test_00443,1
test_00444,1
test_00445,0
test_00446,0
test_00447,0
test_00448,1
test_00449,0
test_00450,0
test_00451,1
test_00452,1
test_00453,0
test_00454,1
test_00455,1
test_00456,0
test_00457,0
test_00458,1
test_00459,1
test_00460,1
test_00461,1
test_00462,0
test_00463,1
test_00464,0
test_00465,0
test_00466,1
test_00467,1
test_00468,1
test_00469,0
test_00470,1
test_00471,0
test_00472,0
test_00473,0
test_00474,0
test_00475,0
test_00476,0
test_00477,1
test_00478,1
test_00479,0
test_00480,1
test_00481,0
test_00482,0
test_00483,1
test_00484,0
test_00485,0
test_00486,0
test_00487,0
test_00488,1
test_00489,1
test_00490,1
test_00491,0
test_00492,1
test_00493,1
test_00494,0
test_00495,1
test_00496,0
test_00497,1
test_00498,0
test_00499,0
test_00500,1
test_00501,0
test_00502,1
test_00503,0
test_00504,1
test_00505,1
test_00506,1
test_00507,0
test_00508,1
test_00509,1
test_00510,1
test_00511,1
test_00512,1
test_00513,1
test_00514,0
test_00515,0
test_00516,0
test_00517,0
test_00518,0
test_00519,1
test_00520,0
test_00521,1
test_00522,0
test_00523,1
test_00524,1
test_00525,0
test_00526,1
test_00527,0
test_00528,1
test_00529,1
test_00530,0
test_00531,1
test_00532,0
test_00533,0
test_00534,1
test_00535,0
test_00536,0
test_00537,0
test_00538,1
test_00539,0
test_00540,1
test_00541,0
test_00542,0
test_00543,1
test_00544,1
test_00545,0
test_00546,0
test_00547,1
test_00548,0
test_00549,1
test_00550,0
test_00551,0
test_00552,1
test_00553,0
test_00554,1
test_00555,0
test_00556,1
test_00557,1
test_00558,0
test_00559,0
test_00560,1
test_00561,0
test_00562,0
test_00563,0
test_00564,1
test_00565,1
test_00566,0
test_00567,1
test_00568,0
test_00569,1
test_00570,0
test_00571,0
test_00572,0
test_00573,0
test_00574,0
test_00575,0
test_00576,1
test_00577,0
test_00578,0
test_00579,1
test_00580,1
test_00581,0
test_00582,0
test_00583,1
test_00584,0
test_00585,0
test_00586,1
test_00587,1
test_00588,0
test_00589,0
test_00590,0
test_00591,0
test_00592,0
test_00593,1
test_00594,1
test_00595,0
test_00596,0
test_00597,0
test_00598,1
test_00599,0
test_00600,1
test_00601,1
test_00602,1
test_00603,1
test_00604,1
test_00605,1
test_00606,1
test_00607,0
test_00608,0
test_00609,0
test_00610,1
test_00611,1
test_00612,1
test_00613,1
test_00614,0
test_00615,1
test_00616,0
test_00617,1
test_00618,0
test_00619,1
test_00620,1
test_00621,0
test_00622,1
test_00623,0
test_00624,0
test_00625,0
test_00626,1
test_00627,0
test_00628,0
test_00629,0
test_00630,1
test_00631,1
test_00632,1
test_00633,1
test_00634,1
test_00635,0
test_00636,1
test_00637,1
test_00638,0
test_00639,1
test_00640,0
test_00641,1
test_00642,1
test_00643,0
test_00644,1
test_00645,1
test_00646,0
test_00647,0
test_00648,0
test_00649,0
test_00650,0
test_00651,1
test_00652,0
test_00653,1
test_00654,1
test_00655,1
test_00656,0
test_00657,1
test_00658,1
test_00659,0
test_00660,0
test_00661,0
test_00662,0
test_00663,1
test_00664,0
test_00665,0
test_00666,1
test_00667,1
test_00668,0
test_00669,0
test_00670,1
test_00671,1
test_00672,1
test_00673,0
test_00674,1
test_00675,1
test_00676,1
test_00677,1
test_00678,1
test_00679,1
test_00680,0
test_00681,1
test_00682,1
test_00683,1
test_00684,1
test_00685,1
test_00686,1
test_00687,0
test_00688,0
test_00689,1
test_00690,1
test_00691,1
test_00692,1
test_00693,1
test_00694,0
test_00695,0
test_00696,0
test_00697,1
test_00698,0
test_00699,0
test_00700,1
test_00701,1
test_00702,1
test_00703,0
test_00704,0
test_00705,1
test_00706,1
test_00707,1
test_00708,0
test_00709,1
test_00710,1
test_00711,0
test_00712,0
test_00713,1
test_00714,0
test_00715,1
test_00716,0
test_00717,1
test_00718,0
test_00719,0
test_00720,1
test_00721,0
test_00722,0
test_00723,1
test_00724,1
test_00725,1
test_00726,0
test_00727,0
test_00728,1
test_00729,1
test_00730,1
test_00731,0
test_00732,0
test_00733,0
test_00734,1
test_00735,0
test_00736,1
test_00737,1
test_00738,0
test_00739,1
test_00740,0
test_00741,1
test_00742,1
test_00743,1
test_00744,0
test_00745,1
test_00746,0
test_00747,0
test_00748,1
test_00749,0
test_00750,0
test_00751,1
test_00752,0
test_00753,0
test_00754,0
test_00755,1
test_00756,1
test_00757,0
test_00758,0
test_00759,0
test_00760,1
test_00761,1
test_00762,0
test_00763,1
test_00764,0
test_00765,1
test_00766,0
test_00767,1
test_00768,0
test_00769,0
test_00770,1
test_00771,1
test_00772,0
test_00773,1
test_00774,1
test_00775,1
test_00776,1
test_00777,0
test_00778,0
test_00779,0
test_00780,0
test_00781,0
test_00782,1
test_00783,1
test_00784,0
test_00785,1
test_00786,1
test_00787,0
test_00788,1
test_00789,0
test_00790,1
test_00791,1
test_00792,1
test_00793,0
test_00794,1
test_00795,0
test_00796,0
test_00797,0
test_00798,1
test_00799,1
test_00800,0
test_00801,0
test_00802,0
test_00803,0
test_00804,0
test_00805,1
test_00806,1
test_00807,1
test_00808,0
test_00809,0
test_00810,1
test_00811,1
test_00812,1
test_00813,0
test_00814,1
test_00815,1
test_00816,0
test_00817,0
test_00818,0
test_00819,1
test_00820,0
test_00821,0
test_00822,1
test_00823,0
test_00824,0
test_00825,1
test_00826,1
test_00827,1
test_00828,0
test_00829,1
test_00830,1
test_00831,1
test_00832,0
test_00833,0
test_00834,0
test_00835,0
test_00836,0
test_00837,1
test_00838,0
test_00839,0
test_00840,0
test_00841,0
test_00842,1
test_00843,1
test_00844,0
test_00845,0
test_00846,1
test_00847,1
test_00848,0
test_00849,0
test_00850,0
test_00851,1
test_00852,1
test_00853,1
test_00854,1
test_00855,0
test_00856,1
test_00857,1
test_00858,1
test_00859,1
test_00860,0
test_00861,1
test_00862,0
test_00863,1
test_00864,1
test_00865,0
test_00866,1
test_00867,0
test_00868,1
test_00869,0
test_00870,1
test_00871,0
test_00872,0
test_00873,1
test_00874,0
test_00875,0
test_00876,0
test_00877,0
test_00878,0
test_00879,1
test_00880,1
test_00881,1
test_00882,1
test_00883,1
test_00884,1
test_00885,0
test_00886,1
test_00887,0
test_00888,0
test_00889,1
test_00890,1
test_00891,1
test_00892,0
test_00893,0
test_00894,1
test_00895,1
test_00896,0
test_00897,1
test_00898,1
test_00899,0
test_00900,0
test_00901,1
test_00902,0
test_00903,1
test_00904,1
test_00905,0
test_00906,0
test_00907,0
test_00908,0
test_00909,1
test_00910,0
test_00911,1
test_00912,1
test_00913,0
test_00914,0
test_00915,1
test_00916,0
test_00917,0
test_00918,0
test_00919,0
test_00920,0
test_00921,0
test_00922,0
test_00923,0
test_00924,1
test_00925,1
test_00926,1
test_00927,0
test_00928,1
test_00929,1
test_00930,0
test_00931,1
test_00932,0
test_00933,1
test_00934,1
test_00935,0
test_00936,1
test_00937,1
test_00938,0
test_00939,1
test_00940,1
test_00941,1
test_00942,1
test_00943,0
test_00944,0
test_00945,1
test_00946,1
test_00947,0
test_00948,0
test_00949,0
test_00950,0
test_00951,0
test_00952,1
test_00953,1
test_00954,1
test_00955,1
test_00956,0
test_00957,0
test_00958,0
test_00959,1
test_00960,0
test_00961,1
test_00962,0
test_00963,1
test_00964,1
test_00965,1
test_00966,1
test_00967,0
test_00968,0
test_00969,1
test_00970,1
test_00971,1
test_00972,0
test_00973,1
test_00974,0
test_00975,0
test_00976,1
test_00977,1
test_00978,0
test_00979,1
test_00980,1
test_00981,1
test_00982,1
test_00983,0
test_00984,1
test_00985,1
test_00986,0
test_00987,0
test_00988,1
test_00989,1
test_00990,0
test_00991,1
test_00992,0
test_00993,0
test_00994,1
test_00995,1
test_00996,1
test_00997,1
test_00998,0
test_00999,0
test_01000,0
test_01001,1
test_01002,1
test_01003,1
test_01004,0
test_01005,0
test_01006,0
test_01007,0
test_01008,1
test_01009,1
test_01010,1
test_01011,1
test_01012,0
test_01013,0
test_01014,0
test_01015,1
test_01016,1
test_01017,0
test_01018,1
test_01019,1
test_01020,1
test_01021,1
test_01022,0
test_01023,1
test_01024,0
test_01025,1
test_01026,1
test_01027,0
test_01028,0
test_01029,1
test_01030,1
test_01031,0
test_01032,1
test_01033,1
test_01034,0
test_01035,0
test_01036,1
test_01037,0
test_01038,1
test_01039,1
test_01040,1
test_01041,1
test_01042,1
test_01043,0
test_01044,1
test_01045,1
test_01046,0
test_01047,1
test_01048,1
test_01049,0
test_01050,0
test_01051,0
test_01052,0
test_01053,1
test_01054,1
test_01055,1
test_01056,0
test_01057,0
test_01058,1
test_01059,1
test_01060,1
test_01061,1
test_01062,1
test_01063,0
test_01064,0
test_01065,0
test_01066,0
test_01067,1
test_01068,1
test_01069,0
test_01070,1
test_01071,1
test_01072,1
test_01073,0
test_01074,1
test_01075,0
test_01076,0
test_01077,1
test_01078,1
test_01079,0
test_01080,1
test_01081,1
test_01082,1
test_01083,1
test_01084,0
test_01085,1
test_01086,1
test_01087,0
test_01088,0
test_01089,1
test_01090,1
test_01091,1
test_01092,1
test_01093,1
test_01094,0
test_01095,1
test_01096,0
test_01097,1
test_01098,1
test_01099,1
test_01100,0
test_01101,1
test_01102,1
test_01103,0
test_01104,1
test_01105,1
test_01106,0
test_01107,1
test_01108,1
test_01109,0
test_01110,1
test_01111,0
test_01112,0
test_01113,1
test_01114,0
test_01115,1
test_01116,1
test_01117,0
test_01118,0
test_01119,0
test_01120,0
test_01121,0
test_01122,0
test_01123,0
test_01124,0
test_01125,1
test_01126,1
test_01127,0
test_01128,0
test_01129,1
test_01130,1
test_01131,1
test_01132,0
test_01133,1
test_01134,0
test_01135,0
test_01136,0
test_01137,1
test_01138,1
test_01139,0
test_01140,1
test_01141,1
test_01142,1
test_01143,0
test_01144,1
test_01145,1
test_01146,1
test_01147,0
test_01148,1
test_01149,0
test_01150,0
test_01151,0
test_01152,0
test_01153,1
test_01154,1
test_01155,0
test_01156,0
test_01157,0
test_01158,0
test_01159,0
test_01160,0
test_01161,0
test_01162,0
test_01163,1
test_01164,0
test_01165,0
test_01166,1
test_01167,1
test_01168,1
test_01169,0
test_01170,0
test_01171,1
test_01172,1
test_01173,0
test_01174,0
test_01175,0
test_01176,0
test_01177,0
test_01178,1
test_01179,0
test_01180,0
test_01181,0
test_01182,1
test_01183,1
test_01184,1
test_01185,0
test_01186,0
test_01187,0
test_01188,0
test_01189,0
test_01190,0
test_01191,0
test_01192,1
test_01193,0
test_01194,1
test_01195,1
test_01196,1
test_01197,1
test_01198,0
test_01199,0
test_01200,0
test_01201,0
test_01202,1
test_01203,1
test_01204,1
test_01205,0
test_01206,1
test_01207,0
test_01208,1
test_01209,0
test_01210,1
test_01211,1
test_01212,0
test_01213,1
test_01214,1
test_01215,0
test_01216,0
test_01217,0
test_01218,0
test_01219,0
test_01220,1
test_01221,1
test_01222,1
test_01223,1
test_01224,1
test_01225,1
test_01226,0
test_01227,1
test_01228,0
test_01229,1
test_01230,1
test_01231,1
test_01232,0
test_01233,1
test_01234,0
test_01235,1
test_01236,1
test_01237,0
test_01238,0
test_01239,1
test_01240,1
test_01241,1
test_01242,1
test_01243,0
test_01244,0
test_01245,1
test_01246,1
test_01247,1
test_01248,0
test_01249,1
test_01250,1
test_01251,1
test_01252,1
test_01253,1
test_01254,1
test_01255,1
test_01256,1
test_01257,0
test_01258,0
test_01259,0
test_01260,0
test_01261,0
test_01262,1
test_01263,1
test_01264,0
test_01265,1
test_01266,0
test_01267,0
test_01268,0
test_01269,0
test_01270,1
test_01271,0
test_01272,0
test_01273,0
test_01274,0
test_01275,1
test_01276,0
test_01277,1
test_01278,1
test_01279,0
test_01280,1
test_01281,1
test_01282,1
test_01283,0
test_01284,0
test_01285,0
test_01286,1
test_01287,1
test_01288,0
test_01289,1
test_01290,1
test_01291,0
test_01292,1
test_01293,0
test_01294,1
test_01295,1
test_01296,0
test_01297,1
test_01298,0
test_01299,1
test_01300,0
test_01301,1
test_01302,1
test_01303,0
test_01304,1
test_01305,0
test_01306,0
test_01307,1
test_01308,1
test_01309,0
test_01310,1
test_01311,0
test_01312,1
test_01313,1
test_01314,1
test_01315,0
test_01316,0
test_01317,1
test_01318,0
test_01319,0
test_01320,1
test_01321,0
test_01322,1
test_01323,1
test_01324,0
test_01325,1
test_01326,0
test_01327,0
test_01328,1
test_01329,1
test_01330,1
test_01331,0
test_01332,1
test_01333,1
test_01334,0
test_01335,1
test_01336,0
test_01337,1
test_01338,1
test_01339,1
test_01340,0
test_01341,1
test_01342,1
test_01343,1
test_01344,0
test_01345,1
test_01346,1
test_01347,1
test_01348,0
test_01349,0
test_01350,1
test_01351,1
test_01352,1
test_01353,0
test_01354,1
test_01355,1
test_01356,0
test_01357,0
test_01358,1
test_01359,0
test_01360,0
test_01361,1
test_01362,0
test_01363,1
test_01364,1
test_01365,0
test_01366,0
test_01367,1
test_01368,0
test_01369,0
test_01370,0
test_01371,0
test_01372,0
test_01373,1
test_01374,1
test_01375,0
test_01376,0
test_01377,0
test_01378,0
test_01379,0
test_01380,0
test_01381,0
test_01382,1
test_01383,1
test_01384,1
test_01385,1
test_01386,0
test_01387,0
test_01388,0
test_01389,0
test_01390,0
test_01391,0
test_01392,1
test_01393,1
test_01394,0
test_01395,1
test_01396,1
test_01397,0
test_01398,0
test_01399,0
test_01400,0
test_01401,0
test_01402,0
test_01403,0
test_01404,0
test_01405,1
test_01406,0
test_01407,1
test_01408,1
test_01409,1
test_01410,1
test_01411,0
test_01412,0
test_01413,0
test_01414,0
test_01415,1
test_01416,1
test_01417,0
test_01418,1
test_01419,0
test_01420,0
test_01421,0
test_01422,0
test_01423,1
test_01424,1
test_01425,1
test_01426,1
test_01427,0
test_01428,1
test_01429,1
test_01430,1
test_01431,0
test_01432,1
test_01433,1
test_01434,1
test_01435,1
test_01436,0
test_01437,0
test_01438,0
test_01439,1
test_01440,1
test_01441,0
test_01442,1
test_01443,0
test_01444,1
test_01445,1
test_01446,1
test_01447,1
test_01448,1
test_01449,1
test_01450,1
test_01451,0
test_01452,1
test_01453,1
test_01454,1
test_01455,1
test_01456,1
test_01457,1
test_01458,1
test_01459,1
test_01460,0
test_01461,0
test_01462,0
test_01463,1
test_01464,0
test_01465,1
test_01466,1
test_01467,1
test_01468,1
test_01469,0
test_01470,0
test_01471,1
test_01472,1
test_01473,0
test_01474,1
test_01475,0
test_01476,0
test_01477,1
test_01478,0
test_01479,1
test_01480,1
test_01481,1
test_01482,0
test_01483,1
test_01484,0
test_01485,0
test_01486,1
test_01487,0
test_01488,1
test_01489,1
test_01490,1
test_01491,0
test_01492,0
test_01493,0
test_01494,0
test_01495,0
test_01496,1
test_01497,1
test_01498,1
test_01499,1
test_01500,0
test_01501,0
test_01502,0
test_01503,1
test_01504,1
test_01505,0
test_01506,0
test_01507,1
test_01508,1
test_01509,1
test_01510,1
test_01511,1
test_01512,1
test_01513,1
test_01514,1
test_01515,1
test_01516,1
test_01517,0
test_01518,1
test_01519,1
test_01520,1
test_01521,1
test_01522,1
test_01523,0
test_01524,1
test_01525,1
test_01526,0
test_01527,1
test_01528,1
test_01529,0
test_01530,1
test_01531,1
test_01532,1
test_01533,0
test_01534,0
test_01535,0
test_01536,0
test_01537,1
test_01538,0
test_01539,1
test_01540,1
test_01541,1
test_01542,1
test_01543,1
test_01544,0
test_01545,1
test_01546,1
test_01547,1
test_01548,0
test_01549,0
test_01550,1
test_01551,0
test_01552,1
test_01553,1
test_01554,0
test_01555,1
test_01556,0
test_01557,1
test_01558,1
test_01559,0
test_01560,1
test_01561,0
test_01562,0
test_01563,0
test_01564,0
test_01565,1
test_01566,1
test_01567,0
test_01568,0
test_01569,0
test_01570,0
test_01571,1
test_01572,1
test_01573,1
test_01574,1
test_01575,0
test_01576,1
test_01577,0
test_01578,1
test_01579,1
test_01580,1
test_01581,1
test_01582,0
test_01583,0
test_01584,1
test_01585,0
test_01586,0
test_01587,1
test_01588,0
test_01589,1
test_01590,1
test_01591,1
test_01592,1
test_01593,0
test_01594,1
test_01595,1
test_01596,0
test_01597,1
test_01598,1
test_01599,1
test_01600,0
test_01601,1
test_01602,0
test_01603,1
test_01604,0
test_01605,0
test_01606,0
test_01607,1
test_01608,1
test_01609,1
test_01610,1
test_01611,0
test_01612,1
test_01613,0
test_01614,0
test_01615,1
test_01616,0
test_01617,1
test_01618,1
test_01619,0
test_01620,0
test_01621,0
test_01622,1
test_01623,1
test_01624,0
test_01625,0
test_01626,1
test_01627,1
test_01628,0
test_01629,1
test_01630,1
test_01631,1
test_01632,0
test_01633,1
test_01634,0
test_01635,1
test_01636,1
test_01637,0
test_01638,1
test_01639,0
test_01640,0
test_01641,0
test_01642,1
test_01643,0
test_01644,1
test_01645,1
test_01646,1
test_01647,1
test_01648,1
test_01649,0
test_01650,1
test_01651,0
test_01652,1
test_01653,0
test_01654,1
test_01655,1
test_01656,1
test_01657,0
test_01658,1
test_01659,0
test_01660,1
test_01661,0
test_01662,1
test_01663,0
test_01664,0
test_01665,1
test_01666,0
test_01667,0
test_01668,1
test_01669,0
test_01670,0
test_01671,1
test_01672,1
test_01673,0
test_01674,1
test_01675,0
test_01676,1
test_01677,1
test_01678,1
test_01679,1
test_01680,0
test_01681,1
test_01682,1
test_01683,0
test_01684,1
test_01685,1
test_01686,1
test_01687,1
test_01688,0
test_01689,0
test_01690,1
test_01691,1
test_01692,0
test_01693,1
test_01694,0
test_01695,0
test_01696,0
test_01697,1
test_01698,1
test_01699,0
test_01700,1
test_01701,0
test_01702,0
test_01703,1
test_01704,0
test_01705,1
test_01706,1
test_01707,1
test_01708,1
test_01709,1
test_01710,1
test_01711,0
test_01712,1
test_01713,0
test_01714,0
test_01715,1
test_01716,1
test_01717,1
test_01718,0
test_01719,0
test_01720,1
test_01721,0
test_01722,1
test_01723,1
test_01724,1
test_01725,0
test_01726,0
test_01727,1
test_01728,0
test_01729,1
test_01730,0
test_01731,0
test_01732,0
test_01733,1
test_01734,1
test_01735,1
test_01736,1
test_01737,1
test_01738,1
test_01739,1
test_01740,1
test_01741,0
test_01742,0
test_01743,1
test_01744,1
test_01745,1
test_01746,0
test_01747,1
test_01748,0
test_01749,0
test_01750,1
test_01751,0
test_01752,0
test_01753,0
test_01754,0
test_01755,1
test_01756,1
test_01757,1
test_01758,0
test_01759,1
test_01760,1
test_01761,0
test_01762,0
test_01763,0
test_01764,1
test_01765,1
test_01766,0
test_01767,0
test_01768,0
test_01769,1
test_01770,1
test_01771,0
test_01772,0
test_01773,1
test_01774,1
test_01775,1
test_01776,1
test_01777,1
test_01778,1
test_01779,1
test_01780,0
test_01781,1
test_01782,0
test_01783,1
test_01784,1
test_01785,1
test_01786,1
test_01787,0
test_01788,1
test_01789,1
test_01790,0
test_01791,1
test_01792,1
test_01793,1
test_01794,1
test_01795,0
test_01796,0
test_01797,1
test_01798,0
test_01799,1
test_01800,1
test_01801,1
test_01802,0
test_01803,1
test_01804,1
test_01805,0
test_01806,0
test_01807,1
test_01808,1
test_01809,1
test_01810,1
test_01811,1
test_01812,1
test_01813,0
test_01814,0
test_01815,1
test_01816,1
test_01817,0
test_01818,1
test_01819,1
test_01820,1
test_01821,1
test_01822,1
test_01823,0
test_01824,1
test_01825,0
test_01826,1
test_01827,0
test_01828,1
test_01829,0
test_01830,1
test_01831,0
test_01832,0
test_01833,0
test_01834,1
test_01835,1
test_01836,0
test_01837,1
test_01838,0
test_01839,1
test_01840,0
test_01841,1
test_01842,1
test_01843,0
test_01844,1
test_01845,0
test_01846,1
test_01847,1
test_01848,0
test_01849,1
test_01850,1
test_01851,1
test_01852,0
test_01853,1
test_01854,0
test_01855,0
test_01856,1
test_01857,0
test_01858,1
test_01859,1
test_01860,1
test_01861,0
test_01862,1
test_01863,1
test_01864,0
test_01865,1
test_01866,0
test_01867,0
test_01868,0
test_01869,1
test_01870,0
test_01871,1
test_01872,0
test_01873,1
test_01874,0
test_01875,0
test_01876,0
test_01877,1
test_01878,0
test_01879,1
test_01880,1
test_01881,1
test_01882,0
test_01883,1
test_01884,0
test_01885,0
test_01886,0
test_01887,1
test_01888,1
test_01889,0
test_01890,1
test_01891,1
test_01892,0
test_01893,1
test_01894,1
test_01895,0
test_01896,1
test_01897,0
test_01898,1
test_01899,1
test_01900,1
test_01901,0
test_01902,1
test_01903,0
test_01904,0
test_01905,1
test_01906,0
test_01907,1
test_01908,1
test_01909,0
test_01910,0
test_01911,1
test_01912,1
test_01913,0
test_01914,1
test_01915,1
test_01916,1
test_01917,1
test_01918,1
test_01919,0
test_01920,1
test_01921,0
test_01922,1
test_01923,1
test_01924,0
test_01925,1
test_01926,0
test_01927,1
test_01928,1
test_01929,1
test_01930,1
test_01931,0
test_01932,1
test_01933,0
test_01934,0
test_01935,0
test_01936,0
test_01937,1
test_01938,0
test_01939,1
test_01940,0
test_01941,0
test_01942,1
test_01943,0
test_01944,1
test_01945,1
test_01946,0
test_01947,0
test_01948,0
test_01949,1
test_01950,1
test_01951,0
test_01952,1
test_01953,0
test_01954,1
test_01955,0
test_01956,1
test_01957,1
test_01958,1
test_01959,0
test_01960,1
test_01961,1
test_01962,0
test_01963,1
test_01964,0
test_01965,1
test_01966,0
test_01967,0
test_01968,0
test_01969,0
test_01970,0
test_01971,1
test_01972,1
test_01973,0
test_01974,1
test_01975,1
test_01976,1
test_01977,0
test_01978,1
test_01979,0
test_01980,0
test_01981,0
test_01982,0
test_01983,0
test_01984,0
test_01985,1
test_01986,1
test_01987,0
test_01988,0
test_01989,0
test_01990,0
test_01991,1
test_01992,0
test_01993,1
test_01994,1
test_01995,1
test_01996,1
test_01997,0
test_01998,0
test_01999,0
test_02000,1
test_02001,0
test_02002,0
test_02003,1
test_02004,0
test_02005,1
test_02006,0
test_02007,1
test_02008,1
test_02009,1
test_02010,1
test_02011,1
test_02012,0
test_02013,1
test_02014,0
test_02015,0
test_02016,1
test_02017,1
test_02018,1
test_02019,1
test_02020,1
test_02021,1
test_02022,1
test_02023,0
test_02024,0
test_02025,1
test_02026,1
test_02027,0
test_02028,1
test_02029,1
test_02030,0
test_02031,1
test_02032,0
test_02033,0
test_02034,0
test_02035,1
test_02036,0
test_02037,0
test_02038,1
test_02039,1
test_02040,1
test_02041,1
test_02042,0
test_02043,0
test_02044,1
test_02045,1
test_02046,0
test_02047,0
test_02048,1
test_02049,0
test_02050,1
test_02051,1
test_02052,1
test_02053,1
test_02054,1
test_02055,1
test_02056,1
test_02057,1
test_02058,1
test_02059,1
test_02060,1
test_02061,1
test_02062,0
test_02063,0
test_02064,1
test_02065,1
test_02066,1
test_02067,0
test_02068,0
test_02069,1
test_02070,0
test_02071,0
test_02072,1
test_02073,0
test_02074,1
test_02075,1
test_02076,0
test_02077,0
test_02078,1
test_02079,0
test_02080,1
test_02081,0
test_02082,1
test_02083,0
test_02084,0
test_02085,0
test_02086,0
test_02087,0
test_02088,0
test_02089,0
test_02090,0
test_02091,0
test_02092,0
test_02093,0
test_02094,1
test_02095,0
test_02096,1
test_02097,0
test_02098,1
test_02099,1
test_02100,1
test_02101,1
test_02102,1
test_02103,0
test_02104,0
test_02105,1
test_02106,1
test_02107,0
test_02108,0
test_02109,0
test_02110,1
test_02111,0
test_02112,0
test_02113,1
test_02114,1
test_02115,0
test_02116,1
test_02117,0
test_02118,0
test_02119,1
test_02120,0
test_02121,1
test_02122,0
test_02123,0
test_02124,1
test_02125,1
test_02126,0
test_02127,0
test_02128,0
test_02129,0
test_02130,1
test_02131,1
test_02132,1
test_02133,1
test_02134,0
test_02135,1
test_02136,1
test_02137,0
test_02138,1
test_02139,1
test_02140,0
test_02141,1
test_02142,1
test_02143,0
test_02144,1
test_02145,0
test_02146,0
test_02147,0
test_02148,1
test_02149,0
test_02150,1
test_02151,0
test_02152,0
test_02153,1
test_02154,1
test_02155,1
test_02156,1
test_02157,0
test_02158,1
test_02159,1
test_02160,1
test_02161,0
test_02162,1
test_02163,0
test_02164,0
test_02165,1
test_02166,0
test_02167,0
test_02168,0
test_02169,0
test_02170,1
test_02171,0
test_02172,1
test_02173,0
test_02174,0
test_02175,1
test_02176,1
test_02177,1
test_02178,0
test_02179,1
test_02180,1
test_02181,1
test_02182,1
test_02183,0
test_02184,0
test_02185,1
test_02186,0
test_02187,1
test_02188,0
test_02189,1
test_02190,1
test_02191,1
test_02192,0
test_02193,0
test_02194,0
test_02195,1
test_02196,0
test_02197,1
test_02198,0
test_02199,0
test_02200,0
test_02201,1
test_02202,0
test_02203,1
test_02204,1
test_02205,1
test_02206,1
test_02207,0
test_02208,1
test_02209,0
test_02210,0
test_02211,1
test_02212,0
test_02213,1
test_02214,1
test_02215,1
test_02216,0
test_02217,0
test_02218,1
test_02219,0
test_02220,0
test_02221,0
test_02222,0
test_02223,0
test_02224,1
test_02225,0
test_02226,1
test_02227,0
test_02228,1
test_02229,1
test_02230,1
test_02231,0
test_02232,1
test_02233,1
test_02234,0
test_02235,1
test_02236,1
test_02237,1
test_02238,1
test_02239,1
test_02240,1
test_02241,1
test_02242,0
test_02243,0
test_02244,1
test_02245,0
test_02246,1
test_02247,1
test_02248,1
test_02249,1
test_02250,1
test_02251,0
test_02252,1
test_02253,1
test_02254,0
test_02255,1
test_02256,0
test_02257,1
test_02258,0
test_02259,1
test_02260,0
test_02261,0
test_02262,0
test_02263,1
test_02264,1
test_02265,1
test_02266,1
test_02267,0
test_02268,0
test_02269,1
test_02270,1
test_02271,0
test_02272,0
test_02273,0
test_02274,0
test_02275,1
test_02276,1
test_02277,1
test_02278,1
test_02279,1
test_02280,0
test_02281,0
test_02282,0
test_02283,0
test_02284,0
test_02285,1
test_02286,0
test_02287,0
test_02288,0
test_02289,0
test_02290,0
test_02291,0
test_02292,0
test_02293,0
test_02294,1
test_02295,1
test_02296,1
test_02297,1
test_02298,1
test_02299,1
test_02300,0
test_02301,0
test_02302,0
test_02303,1
test_02304,0
test_02305,1
test_02306,1
test_02307,1
test_02308,0
test_02309,0
test_02310,1
test_02311,1
test_02312,1
test_02313,1
test_02314,1
test_02315,1
test_02316,1
test_02317,0
test_02318,1
test_02319,1
test_02320,0
test_02321,1
test_02322,1
test_02323,0
test_02324,1
test_02325,0
test_02326,0
test_02327,1
test_02328,0
test_02329,0
test_02330,0
test_02331,0
test_02332,0
test_02333,0
test_02334,0
test_02335,1
test_02336,1
test_02337,0
test_02338,0
test_02339,1
test_02340,1
test_02341,1
test_02342,0
test_02343,1
test_02344,0
test_02345,0
test_02346,1
test_02347,1
test_02348,1
test_02349,1
test_02350,0
test_02351,0
test_02352,0
test_02353,1
test_02354,1
test_02355,1
test_02356,0
test_02357,0
test_02358,0
test_02359,1
test_02360,0
test_02361,0
test_02362,1
test_02363,0
test_02364,1
test_02365,1
test_02366,0
test_02367,0
test_02368,0
test_02369,0
test_02370,1
test_02371,1
test_02372,0
test_02373,0
test_02374,1
test_02375,1
test_02376,1
test_02377,1
test_02378,0
test_02379,0
test_02380,1
test_02381,1
test_02382,1
test_02383,1
test_02384,0
test_02385,0
test_02386,0
test_02387,1
test_02388,0
test_02389,0
test_02390,1
test_02391,0
test_02392,1
test_02393,0
test_02394,0
test_02395,1
test_02396,0
test_02397,1
test_02398,1
test_02399,0
test_02400,1
test_02401,1
test_02402,1
test_02403,0
test_02404,1
test_02405,1
test_02406,1
test_02407,1
test_02408,1
test_02409,0
test_02410,0
test_02411,1
test_02412,0
test_02413,1
test_02414,1
test_02415,1
test_02416,0
test_02417,0
test_02418,0
test_02419,0
test_02420,0
test_02421,1
test_02422,0
test_02423,1
test_02424,0
test_02425,0
test_02426,1
test_02427,1
test_02428,0
test_02429,0
test_02430,1
test_02431,1
test_02432,1
test_02433,1
test_02434,1
test_02435,1
test_02436,0
test_02437,0
test_02438,1
test_02439,1
test_02440,1
test_02441,1
test_02442,0
test_02443,1
test_02444,0
test_02445,1
test_02446,0
test_02447,1
test_02448,1
test_02449,0
test_02450,1
test_02451,1
test_02452,0
test_02453,1
test_02454,1
test_02455,0
test_02456,0
test_02457,0
test_02458,0
test_02459,0
test_02460,1
test_02461,1
test_02462,1
test_02463,0
test_02464,1
test_02465,0
test_02466,0
test_02467,0
test_02468,1
test_02469,0
test_02470,1
test_02471,1
test_02472,0
test_02473,1
test_02474,0
test_02475,0
test_02476,1
test_02477,0
test_02478,1
test_02479,1
test_02480,1
test_02481,1
test_02482,1
test_02483,0
test_02484,1
test_02485,0
test_02486,1
test_02487,1
test_02488,0
test_02489,1
test_02490,1
test_02491,1
test_02492,0
test_02493,0
test_02494,1
test_02495,0
test_02496,1
test_02497,1
test_02498,1
test_02499,0
test_02500,0
test_02501,0
test_02502,0
test_02503,1
test_02504,1
test_02505,0
test_02506,0
test_02507,1
test_02508,0
test_02509,1
test_02510,0
test_02511,1
test_02512,1
test_02513,1
test_02514,0
test_02515,1
test_02516,1
test_02517,0
test_02518,0
test_02519,1
test_02520,0
test_02521,0
test_02522,0
test_02523,0
test_02524,1
test_02525,1
test_02526,0
test_02527,0
test_02528,1
test_02529,1
test_02530,0
test_02531,1
test_02532,0
test_02533,0
test_02534,0
test_02535,0
test_02536,1
test_02537,1
test_02538,0
test_02539,1
test_02540,0
test_02541,0
test_02542,1
test_02543,1
test_02544,1
test_02545,0
test_02546,0
test_02547,0
test_02548,1
test_02549,1
test_02550,1
test_02551,0
test_02552,1
test_02553,1
test_02554,1
test_02555,0
test_02556,1
test_02557,0
test_02558,1
test_02559,0
test_02560,0
test_02561,1
test_02562,0
test_02563,1
test_02564,1
test_02565,0
test_02566,1
test_02567,0
test_02568,1
test_02569,0
test_02570,1
test_02571,0
test_02572,0
test_02573,0
test_02574,1
test_02575,1
test_02576,1
test_02577,1
test_02578,1
test_02579,0
test_02580,0
test_02581,1
test_02582,0
test_02583,1
test_02584,1
test_02585,0
test_02586,1
test_02587,0
test_02588,1
test_02589,0
test_02590,1
test_02591,1
test_02592,0
test_02593,1
test_02594,1
test_02595,1
test_02596,0
test_02597,1
test_02598,1
test_02599,1
test_02600,1
test_02601,0
test_02602,0
test_02603,0
test_02604,0
test_02605,0
test_02606,0
test_02607,1
test_02608,0
test_02609,1
test_02610,0
test_02611,1
test_02612,0
test_02613,0
test_02614,0
test_02615,0
test_02616,0
test_02617,1
test_02618,0
test_02619,1
test_02620,0
test_02621,1
test_02622,0
test_02623,0
test_02624,1
test_02625,0
test_02626,1
test_02627,1
test_02628,0
test_02629,0
test_02630,1
test_02631,0
test_02632,0
test_02633,1
test_02634,0
test_02635,0
test_02636,0
test_02637,1
test_02638,1
test_02639,0
test_02640,1
test_02641,1
test_02642,0
test_02643,1
test_02644,0
test_02645,0
test_02646,0
test_02647,0
test_02648,0
test_02649,1
test_02650,0
test_02651,1
test_02652,1
test_02653,1
test_02654,1
test_02655,0
test_02656,1
test_02657,1
test_02658,0
test_02659,1
test_02660,0
test_02661,1
test_02662,1
test_02663,0
test_02664,1
test_02665,1
test_02666,1
test_02667,1
test_02668,1
test_02669,0
test_02670,0
test_02671,0
test_02672,1
test_02673,1
test_02674,1
test_02675,1
test_02676,1
test_02677,0
test_02678,1
test_02679,1
test_02680,0
test_02681,0
test_02682,0
test_02683,1
test_02684,0
test_02685,0
test_02686,1
test_02687,0
test_02688,1
test_02689,1
test_02690,0
test_02691,1
test_02692,1
test_02693,0
test_02694,1
test_02695,1
test_02696,1
test_02697,0
test_02698,0
test_02699,1
test_02700,0
test_02701,0
test_02702,1
test_02703,0
test_02704,0
test_02705,1
test_02706,0
test_02707,1
test_02708,1
test_02709,1
test_02710,1
test_02711,0
test_02712,1
test_02713,1
test_02714,0
test_02715,1
test_02716,0
test_02717,1
test_02718,0
test_02719,1
test_02720,1
test_02721,0
test_02722,0
test_02723,1
test_02724,1
test_02725,1
test_02726,1
test_02727,0
test_02728,0
test_02729,0
test_02730,1
test_02731,0
test_02732,1
test_02733,0
test_02734,0
test_02735,1
test_02736,1
test_02737,1
test_02738,1
test_02739,0
test_02740,1
test_02741,1
test_02742,0
test_02743,0
test_02744,0
test_02745,1
test_02746,0
test_02747,0
test_02748,0
test_02749,1
test_02750,1
test_02751,1
test_02752,1
test_02753,1
test_02754,0
test_02755,1
test_02756,1
test_02757,1
test_02758,0
test_02759,1
test_02760,0
test_02761,1
test_02762,0
test_02763,0
test_02764,1
test_02765,0
test_02766,1
test_02767,0
test_02768,1
test_02769,0
test_02770,0
test_02771,1
test_02772,1
test_02773,0
test_02774,1
test_02775,0
test_02776,1
test_02777,1
test_02778,1
test_02779,0
test_02780,1
test_02781,1
test_02782,0
test_02783,0
test_02784,1
test_02785,1
test_02786,0
test_02787,0
test_02788,1
test_02789,0
test_02790,0
test_02791,0
test_02792,0
test_02793,0
test_02794,0
test_02795,1
test_02796,1
test_02797,0
test_02798,1
test_02799,1
test_02800,0
test_02801,0
test_02802,0
test_02803,0
test_02804,0
test_02805,0
test_02806,1
test_02807,0
test_02808,0
test_02809,1
test_02810,0
test_02811,0
test_02812,1
test_02813,1
test_02814,1
test_02815,0
test_02816,1
test_02817,0
test_02818,0
test_02819,1
test_02820,0
test_02821,1
test_02822,1
test_02823,0
test_02824,0
test_02825,1
test_02826,1
test_02827,1
test_02828,1
test_02829,1
test_02830,0
test_02831,1
test_02832,1
test_02833,0
test_02834,1
test_02835,0
test_02836,1
test_02837,1
test_02838,0
test_02839,1
test_02840,1
test_02841,1
test_02842,1
test_02843,0
test_02844,0
test_02845,0
test_02846,1
test_02847,1
test_02848,0
test_02849,0
test_02850,0
test_02851,1
test_02852,0
test_02853,0
test_02854,0
test_02855,1
test_02856,0
test_02857,1
test_02858,1
test_02859,1
test_02860,1
test_02861,1
test_02862,0
test_02863,0
test_02864,1
test_02865,1
test_02866,1
test_02867,1
test_02868,0
test_02869,1
test_02870,1
test_02871,1
test_02872,0
test_02873,1
test_02874,1
test_02875,1
test_02876,0
test_02877,0
test_02878,0
test_02879,0
test_02880,1
test_02881,0
test_02882,0
test_02883,1
test_02884,1
test_02885,1
test_02886,1
test_02887,0
test_02888,0
test_02889,0
test_02890,0
test_02891,0
test_02892,0
test_02893,0
test_02894,0
test_02895,1
test_02896,1
test_02897,0
test_02898,0
test_02899,1
test_02900,0
test_02901,1
test_02902,0
test_02903,0
test_02904,1
test_02905,1
test_02906,1
test_02907,1
test_02908,1
test_02909,0
test_02910,0
test_02911,0
test_02912,1
test_02913,0
test_02914,1
test_02915,1
test_02916,1
test_02917,0
test_02918,0
test_02919,0
test_02920,0
test_02921,0
test_02922,1
test_02923,0
test_02924,0
test_02925,0
test_02926,1
test_02927,0
test_02928,1
test_02929,0
test_02930,1
test_02931,1
test_02932,0
test_02933,0
test_02934,1
test_02935,1
test_02936,1
test_02937,0
test_02938,0
test_02939,1
test_02940,1
test_02941,1
test_02942,0
test_02943,1
test_02944,0
test_02945,1
test_02946,0
test_02947,0
test_02948,0
test_02949,1
test_02950,1
test_02951,0
test_02952,1
test_02953,1
test_02954,1
test_02955,0
test_02956,0
test_02957,0
test_02958,1
test_02959,0
test_02960,0
test_02961,0
test_02962,0
test_02963,0
test_02964,1
test_02965,0
test_02966,0
test_02967,0
test_02968,1
test_02969,1
test_02970,1
test_02971,0
test_02972,1
test_02973,0
test_02974,0
test_02975,0
test_02976,0
test_02977,1
test_02978,1
test_02979,1
test_02980,0
test_02981,0
test_02982,1
test_02983,1
test_02984,1
test_02985,0
test_02986,1
test_02987,0
test_02988,0
test_02989,1
test_02990,1
test_02991,1
test_02992,0
test_02993,0
test_02994,1
test_02995,0
test_02996,0
test_02997,0
test_02998,0
test_02999,1
test_03000,1
test_03001,1
test_03002,1
test_03003,1
test_03004,1
test_03005,0
test_03006,1
test_03007,1
test_03008,0
test_03009,1
test_03010,1
test_03011,1
test_03012,0
test_03013,1
test_03014,1
test_03015,0
test_03016,0
test_03017,1
test_03018,0
test_03019,0
test_03020,1
test_03021,0
test_03022,1
test_03023,0
test_03024,1
test_03025,1
test_03026,0
test_03027,0
test_03028,0
test_03029,0
test_03030,1
test_03031,0
test_03032,1
test_03033,1
test_03034,0
test_03035,0
test_03036,0
test_03037,0
test_03038,0
test_03039,1
test_03040,1
test_03041,1
test_03042,1
test_03043,1
test_03044,0
test_03045,1
test_03046,0
test_03047,1
test_03048,0
test_03049,1
test_03050,1
test_03051,0
test_03052,1
test_03053,0
test_03054,0
test_03055,1
test_03056,1
test_03057,0
test_03058,0
test_03059,1
test_03060,1
test_03061,1
test_03062,1
test_03063,0
test_03064,1
test_03065,0
test_03066,1
test_03067,0
test_03068,1
test_03069,0
test_03070,0
test_03071,1
test_03072,1
test_03073,0
test_03074,1
test_03075,1
test_03076,0
test_03077,1
test_03078,0
test_03079,1
test_03080,0
test_03081,1
test_03082,1
test_03083,0
test_03084,0
test_03085,1
test_03086,0
test_03087,0
test_03088,1
test_03089,0
test_03090,1
test_03091,1
test_03092,0
test_03093,0
test_03094,1
test_03095,1
test_03096,0
test_03097,0
test_03098,0
test_03099,0
test_03100,1
test_03101,0
test_03102,1
test_03103,0
test_03104,0
test_03105,0
test_03106,0
test_03107,0
test_03108,0
test_03109,0
test_03110,0
test_03111,0
test_03112,0
test_03113,0
test_03114,0
test_03115,0
test_03116,1
test_03117,0
test_03118,0
test_03119,1
test_03120,0
test_03121,0
test_03122,0
test_03123,1
test_03124,1
test_03125,1
test_03126,1
test_03127,1
test_03128,0
test_03129,0
test_03130,1
test_03131,1
test_03132,1
test_03133,0
test_03134,0
test_03135,1
test_03136,0
test_03137,1
test_03138,0
test_03139,0
test_03140,0
test_03141,1
test_03142,1
test_03143,0
test_03144,1
test_03145,1
test_03146,0
test_03147,0
test_03148,0
test_03149,1
test_03150,1
test_03151,0
test_03152,1
test_03153,0
test_03154,1
test_03155,0
test_03156,1
test_03157,0
test_03158,1
test_03159,1
test_03160,0
test_03161,0
test_03162,1
test_03163,0
test_03164,1
test_03165,0
test_03166,0
test_03167,0
test_03168,0
test_03169,1
test_03170,0
test_03171,1
test_03172,1
test_03173,1
test_03174,0
test_03175,1
test_03176,1
test_03177,0
test_03178,1
test_03179,1
test_03180,1
test_03181,1
test_03182,0
test_03183,1
test_03184,1
test_03185,1
test_03186,0
test_03187,1
test_03188,1
test_03189,1
test_03190,1
test_03191,0
test_03192,1
test_03193,0
test_03194,1
test_03195,0
test_03196,1
test_03197,0
test_03198,0
test_03199,1
test_03200,0
test_03201,1
test_03202,0
test_03203,0
test_03204,1
test_03205,1
test_03206,0
test_03207,1
test_03208,0
test_03209,1
test_03210,0
test_03211,1
test_03212,1
test_03213,1
test_03214,0
test_03215,1
test_03216,0
test_03217,0
test_03218,0
test_03219,1
test_03220,1
test_03221,1
test_03222,1
test_03223,0
test_03224,1
test_03225,1
test_03226,0
test_03227,1
test_03228,1
test_03229,0
test_03230,1
test_03231,1
test_03232,1
test_03233,0
test_03234,1
test_03235,1
test_03236,0
test_03237,1
test_03238,1
test_03239,0
test_03240,0
test_03241,0
test_03242,1
test_03243,0
test_03244,1
test_03245,1
test_03246,1
test_03247,1
test_03248,1
test_03249,1
test_03250,0
test_03251,0
test_03252,1
test_03253,1
test_03254,0
test_03255,0
test_03256,1
test_03257,1
test_03258,1
test_03259,1
test_03260,0
test_03261,0
test_03262,1
test_03263,1
test_03264,0
test_03265,0
test_03266,1
test_03267,1
test_03268,1
test_03269,1
test_03270,0
test_03271,0
test_03272,1
test_03273,1
test_03274,0
test_03275,0
test_03276,1
test_03277,0
test_03278,1
test_03279,1
test_03280,1
test_03281,1
test_03282,1
test_03283,0
test_03284,0
test_03285,1
test_03286,1
test_03287,1
test_03288,1
test_03289,1
test_03290,1
test_03291,1
test_03292,0
test_03293,1
test_03294,1
test_03295,0
test_03296,0
test_03297,1
test_03298,0
test_03299,1
test_03300,1
test_03301,0
test_03302,1
test_03303,0
test_03304,0
test_03305,1
test_03306,1
test_03307,1
test_03308,1
test_03309,0
test_03310,1
test_03311,0
test_03312,0
test_03313,0
test_03314,0
test_03315,1
test_03316,1
test_03317,1
test_03318,1
test_03319,0
test_03320,1
test_03321,1
test_03322,1
test_03323,1
test_03324,1
test_03325,1
test_03326,0
test_03327,1
test_03328,1
test_03329,0
test_03330,1
test_03331,0
test_03332,1
test_03333,0
test_03334,1
test_03335,0
test_03336,0
test_03337,0
test_03338,1
test_03339,1
test_03340,1
test_03341,0
test_03342,1
test_03343,0
test_03344,1
test_03345,0
test_03346,0
test_03347,0
test_03348,0
test_03349,1
test_03350,1
test_03351,0
test_03352,1
test_03353,1
test_03354,0
test_03355,0
test_03356,0
test_03357,1
test_03358,0
test_03359,1
test_03360,1
test_03361,0
test_03362,1
test_03363,1
test_03364,1
test_03365,0
test_03366,1
test_03367,1
test_03368,1
test_03369,0
test_03370,0
test_03371,1
test_03372,0
test_03373,1
test_03374,0
test_03375,0
test_03376,1
test_03377,1
test_03378,0
test_03379,1
test_03380,1
test_03381,1
test_03382,1
test_03383,0
test_03384,0
test_03385,1
test_03386,1
test_03387,1
test_03388,0
test_03389,1
test_03390,0
test_03391,1
test_03392,1
test_03393,0
test_03394,0
test_03395,0
test_03396,0
test_03397,0
test_03398,1
test_03399,1
test_03400,0
test_03401,0
test_03402,0
test_03403,0
test_03404,0
test_03405,1
test_03406,0
test_03407,0
test_03408,1
test_03409,0
test_03410,1
test_03411,1
test_03412,1
test_03413,0
test_03414,0
test_03415,1
test_03416,0
test_03417,0
test_03418,0
test_03419,0
test_03420,1
test_03421,0
test_03422,1
test_03423,1
test_03424,0
test_03425,0
test_03426,1
test_03427,1
test_03428,0
test_03429,0
test_03430,1
test_03431,1
test_03432,1
test_03433,1
test_03434,0
test_03435,1
test_03436,1
test_03437,1
test_03438,0
test_03439,1
test_03440,1
test_03441,1
test_03442,0
test_03443,1
test_03444,1
test_03445,1
test_03446,1
test_03447,1
test_03448,1
test_03449,1
test_03450,0
test_03451,0
test_03452,0
test_03453,0
test_03454,1
test_03455,0
test_03456,0
test_03457,0
test_03458,1
test_03459,0
test_03460,0
test_03461,1
test_03462,1
test_03463,0
test_03464,1
test_03465,0
test_03466,0
test_03467,1
test_03468,0
test_03469,0
test_03470,0
test_03471,1
test_03472,1
test_03473,1
test_03474,1
test_03475,1
test_03476,0
test_03477,0
test_03478,0
test_03479,0
test_03480,1
test_03481,1
test_03482,1
test_03483,0
test_03484,1
test_03485,0
test_03486,1
test_03487,1
test_03488,1
test_03489,0
test_03490,1
test_03491,1
test_03492,1
test_03493,1
test_03494,0
test_03495,0
test_03496,0
test_03497,1
test_03498,1
test_03499,1
test_03500,1
test_03501,0
test_03502,0
test_03503,0
test_03504,0
test_03505,0
test_03506,0
test_03507,0
test_03508,0
test_03509,0
test_03510,1
test_03511,0
test_03512,1
test_03513,0
test_03514,1
test_03515,1
test_03516,0
test_03517,1
test_03518,0
test_03519,1
test_03520,1
test_03521,1
test_03522,1
test_03523,1
test_03524,0
test_03525,1
test_03526,1
test_03527,1
test_03528,0
test_03529,0
test_03530,0
test_03531,0
test_03532,1
test_03533,0
test_03534,1
test_03535,0
test_03536,1
test_03537,0
test_03538,0
test_03539,1
test_03540,0
test_03541,1
test_03542,0
test_03543,1
test_03544,0
test_03545,0
test_03546,1
test_03547,1
test_03548,1
test_03549,0
test_03550,1
test_03551,1
test_03552,1
test_03553,0
test_03554,1
test_03555,0
test_03556,0
test_03557,1
test_03558,0
test_03559,0
test_03560,1
test_03561,1
test_03562,1
test_03563,1
test_03564,1
test_03565,1
test_03566,0
test_03567,0
test_03568,0
test_03569,0
test_03570,1
test_03571,0
test_03572,1
test_03573,1
test_03574,1
test_03575,1
test_03576,1
test_03577,0
test_03578,0
test_03579,0
test_03580,1
test_03581,0
test_03582,1
test_03583,1
test_03584,0
test_03585,1
test_03586,0
test_03587,1
test_03588,0
test_03589,0
test_03590,1
test_03591,0
test_03592,1
test_03593,1
test_03594,0
test_03595,1
test_03596,1
test_03597,1
test_03598,1
test_03599,1
test_03600,0
test_03601,1
test_03602,0
test_03603,1
test_03604,1
test_03605,0
test_03606,0
test_03607,0
test_03608,1
test_03609,0
test_03610,0
test_03611,1
test_03612,1
test_03613,1
test_03614,0
test_03615,1
test_03616,0
test_03617,0
test_03618,1
test_03619,0
test_03620,0
test_03621,1
test_03622,0
test_03623,0
test_03624,0
test_03625,1
test_03626,1
test_03627,0
test_03628,0
test_03629,0
test_03630,1
test_03631,0
test_03632,1
test_03633,0
test_03634,0
test_03635,1
test_03636,1
test_03637,0
test_03638,1
test_03639,0
test_03640,0
test_03641,1
test_03642,1
test_03643,1
test_03644,0
test_03645,1
test_03646,1
test_03647,0
test_03648,1
test_03649,1
test_03650,1
test_03651,0
test_03652,0
test_03653,1
test_03654,1
test_03655,1
test_03656,1
test_03657,0
test_03658,1
test_03659,1
test_03660,1
test_03661,0
test_03662,1
test_03663,1
test_03664,1
test_03665,1
test_03666,1
test_03667,0
test_03668,1
test_03669,1
test_03670,0
test_03671,0
test_03672,1
test_03673,1
test_03674,0
test_03675,1
test_03676,1
test_03677,1
test_03678,1
test_03679,0
test_03680,1
test_03681,0
test_03682,0
test_03683,1
test_03684,1
test_03685,1
test_03686,1
test_03687,1
test_03688,1
test_03689,0
test_03690,0
test_03691,1
test_03692,0
test_03693,1
test_03694,1
test_03695,0
test_03696,0
test_03697,0
test_03698,1
test_03699,1
test_03700,1
test_03701,0
test_03702,1
test_03703,1
test_03704,0
test_03705,0
test_03706,0
test_03707,1
test_03708,0
test_03709,1
test_03710,1
test_03711,1
test_03712,1
test_03713,0
test_03714,0
test_03715,1
test_03716,1
test_03717,0
test_03718,0
test_03719,1
test_03720,0
test_03721,0
test_03722,0
test_03723,0
test_03724,1
test_03725,0
test_03726,1
test_03727,0
test_03728,0
test_03729,0
test_03730,0
test_03731,0
test_03732,0
test_03733,0
test_03734,1
test_03735,0
test_03736,0
test_03737,1
test_03738,1
test_03739,1
test_03740,0
test_03741,0
test_03742,1
test_03743,1
test_03744,1
test_03745,1
test_03746,0
test_03747,0
test_03748,0
test_03749,1
test_03750,1
test_03751,1
test_03752,1
test_03753,1
test_03754,1
test_03755,0
test_03756,1
test_03757,0
test_03758,1
test_03759,0
test_03760,1
test_03761,1
test_03762,1
test_03763,0
test_03764,0
test_03765,0
test_03766,1
test_03767,0
test_03768,0
test_03769,1
test_03770,1
test_03771,0
test_03772,1
test_03773,0
test_03774,1
test_03775,0
test_03776,0
test_03777,0
test_03778,1
test_03779,0
test_03780,0
test_03781,0
test_03782,0
test_03783,0
test_03784,0
test_03785,1
test_03786,0
test_03787,0
test_03788,0
test_03789,0
test_03790,0
test_03791,1
test_03792,1
test_03793,0
test_03794,1
test_03795,1
test_03796,1
test_03797,0
test_03798,1
test_03799,0
test_03800,1
test_03801,0
test_03802,1
test_03803,0
test_03804,0
test_03805,1
test_03806,0
test_03807,1
test_03808,1
test_03809,1
test_03810,0
test_03811,0
test_03812,0
test_03813,1
test_03814,0
test_03815,1
test_03816,0
test_03817,0
test_03818,0
test_03819,0
test_03820,1
test_03821,1
test_03822,1
test_03823,0
test_03824,1
test_03825,1
test_03826,1
test_03827,1
test_03828,1
test_03829,0
test_03830,0
test_03831,0
test_03832,0
test_03833,0
test_03834,1
test_03835,0
test_03836,0
test_03837,0
test_03838,0
test_03839,0
test_03840,1
test_03841,1
test_03842,0
test_03843,0
test_03844,0
test_03845,1
test_03846,1
test_03847,0
test_03848,1
test_03849,1
test_03850,0
test_03851,1
test_03852,0
test_03853,1
test_03854,1
test_03855,0
test_03856,1
test_03857,0
test_03858,0
test_03859,0
test_03860,0
test_03861,0
test_03862,1
test_03863,1
test_03864,1
test_03865,1
test_03866,1
test_03867,0
test_03868,0
test_03869,1
test_03870,1
test_03871,0
test_03872,0
test_03873,0
test_03874,0
test_03875,0
test_03876,1
test_03877,1
test_03878,0
test_03879,1
test_03880,1
test_03881,0
test_03882,1
test_03883,0
test_03884,1
test_03885,0
test_03886,0
test_03887,1
test_03888,1
test_03889,0
test_03890,1
test_03891,0
test_03892,0
test_03893,0
test_03894,0
test_03895,0
test_03896,1
test_03897,1
test_03898,0
test_03899,1
test_03900,1
test_03901,0
test_03902,0
test_03903,1
test_03904,0
test_03905,1
test_03906,0
test_03907,1
test_03908,1
test_03909,1
test_03910,0
test_03911,0
test_03912,1
test_03913,0
test_03914,1
test_03915,0
test_03916,1
test_03917,1
test_03918,1
test_03919,1
test_03920,1
test_03921,0
test_03922,0
test_03923,1
test_03924,1
test_03925,0
test_03926,1
test_03927,0
test_03928,0
test_03929,1
test_03930,0
test_03931,1
test_03932,0
test_03933,0
test_03934,1
test_03935,0
test_03936,1
test_03937,0
test_03938,1
test_03939,0
test_03940,0
test_03941,1
test_03942,0
test_03943,0
test_03944,1
test_03945,1
test_03946,1
test_03947,1
test_03948,1
test_03949,0
test_03950,1
test_03951,0
test_03952,0
test_03953,1
test_03954,1
test_03955,0
test_03956,0
test_03957,1
test_03958,1
test_03959,0
test_03960,0
test_03961,1
test_03962,1
test_03963,0
test_03964,1
test_03965,0
test_03966,1
test_03967,0
test_03968,1
test_03969,1
test_03970,1
test_03971,0
test_03972,0
test_03973,1
test_03974,1
test_03975,1
test_03976,1
test_03977,1
test_03978,0
test_03979,1
test_03980,1
test_03981,1
test_03982,1
test_03983,1
test_03984,1
test_03985,0
test_03986,0
test_03987,0
test_03988,1
test_03989,0
test_03990,0
test_03991,0
test_03992,1
test_03993,0
test_03994,0
test_03995,0
test_03996,1
test_03997,1
test_03998,0
test_03999,1
test_04000,1
test_04001,0
test_04002,1
test_04003,1
test_04004,0
test_04005,0
test_04006,0
test_04007,0
test_04008,1
test_04009,0
test_04010,0
test_04011,0
test_04012,0
test_04013,0
test_04014,1
test_04015,1
test_04016,0
test_04017,0
test_04018,1
test_04019,1
test_04020,1
test_04021,0
test_04022,0
test_04023,0
test_04024,0
test_04025,0
test_04026,1
test_04027,0
test_04028,0
test_04029,1
test_04030,1
test_04031,0
test_04032,0
test_04033,1
test_04034,1
test_04035,1
test_04036,0
test_04037,1
test_04038,0
test_04039,0
test_04040,1
test_04041,1
test_04042,1
test_04043,0
test_04044,0
test_04045,0
test_04046,1
test_04047,1
test_04048,1
test_04049,1
test_04050,0
test_04051,1
test_04052,1
test_04053,1
test_04054,0
test_04055,1
test_04056,1
test_04057,1
test_04058,1
test_04059,1
test_04060,1
test_04061,0
test_04062,0
test_04063,0
test_04064,0
test_04065,1
test_04066,1
test_04067,0
test_04068,0
test_04069,0
test_04070,0
test_04071,0
test_04072,0
test_04073,0
test_04074,0
test_04075,1
test_04076,1
test_04077,1
test_04078,1
test_04079,0
test_04080,0
test_04081,1
test_04082,0
test_04083,1
test_04084,0
test_04085,0
test_04086,1
test_04087,1
test_04088,1
test_04089,0
test_04090,1
test_04091,1
test_04092,1
test_04093,1
test_04094,0
test_04095,0
test_04096,0
test_04097,0
test_04098,0
test_04099,1
test_04100,1
test_04101,0
test_04102,0
test_04103,0
test_04104,1
test_04105,0
test_04106,0
test_04107,0
test_04108,1
test_04109,1
test_04110,0
test_04111,1
test_04112,1
test_04113,1
test_04114,0
test_04115,1
test_04116,1
test_04117,1
test_04118,0
test_04119,0
test_04120,1
test_04121,1
test_04122,1
test_04123,1
test_04124,0
test_04125,0
test_04126,0
test_04127,0
test_04128,0
test_04129,1
test_04130,0
test_04131,0
test_04132,0
test_04133,0
test_04134,1
test_04135,1
test_04136,1
test_04137,0
test_04138,1
test_04139,0
test_04140,1
test_04141,0
test_04142,1
test_04143,0
test_04144,1
test_04145,1
test_04146,0
test_04147,0
test_04148,1
test_04149,0
test_04150,0
test_04151,1
test_04152,1
test_04153,1
test_04154,0
test_04155,0
test_04156,0
test_04157,1
test_04158,1
test_04159,0
test_04160,1
test_04161,0
test_04162,1
test_04163,1
test_04164,1
test_04165,1
test_04166,0
test_04167,0
test_04168,0
test_04169,1
test_04170,1
test_04171,1
test_04172,0
test_04173,1
test_04174,0
test_04175,1
test_04176,1
test_04177,0
test_04178,1
test_04179,0
test_04180,0
test_04181,1
test_04182,1
test_04183,0
test_04184,1
test_04185,1
test_04186,1
test_04187,1
test_04188,0
test_04189,0
test_04190,1
test_04191,1
test_04192,0
test_04193,0
test_04194,0
test_04195,0
test_04196,0
test_04197,0
test_04198,1
test_04199,0
test_04200,0
test_04201,1
test_04202,1
test_04203,1
test_04204,1
test_04205,0
test_04206,0
test_04207,1
test_04208,0
test_04209,1
test_04210,0
test_04211,0
test_04212,1
test_04213,0
test_04214,1
test_04215,0
test_04216,0
test_04217,1
test_04218,0
test_04219,1
test_04220,0
test_04221,1
test_04222,1
test_04223,1
test_04224,1
test_04225,1
test_04226,1
test_04227,1
test_04228,1
test_04229,1
test_04230,1
test_04231,0
test_04232,1
test_04233,1
test_04234,1
test_04235,1
test_04236,0
test_04237,1
test_04238,0
test_04239,0
test_04240,1
test_04241,1
test_04242,1
test_04243,0
test_04244,1
test_04245,1
test_04246,1
test_04247,1
test_04248,1
test_04249,1
test_04250,1
test_04251,1
test_04252,0
test_04253,0
test_04254,0
test_04255,1
test_04256,1
test_04257,1
test_04258,1
test_04259,1
test_04260,1
test_04261,1
test_04262,1
test_04263,0
test_04264,1
test_04265,1
test_04266,0
test_04267,0
test_04268,1
test_04269,1
test_04270,0
test_04271,0
test_04272,0
test_04273,1
test_04274,0
test_04275,0
test_04276,0
test_04277,1
test_04278,1
test_04279,0
test_04280,0
test_04281,1
test_04282,0
test_04283,0
test_04284,0
test_04285,1
test_04286,0
test_04287,1
test_04288,0
test_04289,1
test_04290,0
test_04291,1
test_04292,1
test_04293,1
test_04294,0
test_04295,0
test_04296,0
test_04297,1
test_04298,1
test_04299,0
test_04300,0
test_04301,1
test_04302,1
test_04303,0
test_04304,1
test_04305,1
test_04306,0
test_04307,1
test_04308,0
test_04309,0
test_04310,1
test_04311,1
test_04312,0
test_04313,0
test_04314,0
test_04315,1
test_04316,0
test_04317,0
test_04318,0
test_04319,0
test_04320,0
test_04321,1
test_04322,0
test_04323,0
test_04324,1
test_04325,1
test_04326,1
test_04327,1
test_04328,1
test_04329,1
test_04330,1
test_04331,1
test_04332,0
test_04333,0
test_04334,1
test_04335,0
test_04336,0
test_04337,1
test_04338,1
test_04339,1
test_04340,0
test_04341,1
test_04342,0
test_04343,1
test_04344,1
test_04345,0
test_04346,0
test_04347,0
test_04348,1
test_04349,1
test_04350,1
test_04351,0
test_04352,0
test_04353,0
test_04354,0
test_04355,1
test_04356,0
test_04357,0
test_04358,0
test_04359,1
test_04360,1
test_04361,0
test_04362,0
test_04363,0
test_04364,1
test_04365,1
test_04366,0
test_04367,0
test_04368,0
test_04369,0
test_04370,0
test_04371,1
test_04372,1
test_04373,0
test_04374,0
test_04375,1
test_04376,0
test_04377,0
test_04378,1
test_04379,0
test_04380,0
test_04381,1
test_04382,0
test_04383,0
test_04384,1
test_04385,0
test_04386,0
test_04387,0
test_04388,0
test_04389,0
test_04390,1
test_04391,1
test_04392,1
test_04393,1
test_04394,1
test_04395,0
test_04396,0
test_04397,0
test_04398,0
test_04399,0
test_04400,0
test_04401,0
test_04402,1
test_04403,1
test_04404,0
test_04405,1
test_04406,1
test_04407,0
test_04408,1
test_04409,1
test_04410,1
test_04411,1
test_04412,1
test_04413,1
test_04414,1
test_04415,0
test_04416,0
test_04417,0
test_04418,0
test_04419,0
test_04420,0
test_04421,1
test_04422,0
test_04423,0
test_04424,0
test_04425,1
test_04426,1
test_04427,1
test_04428,0
test_04429,1
test_04430,1
test_04431,1
test_04432,0
test_04433,0
test_04434,1
test_04435,1
test_04436,0
test_04437,1
test_04438,0
test_04439,0
test_04440,1
test_04441,1
test_04442,0
test_04443,0
test_04444,1
test_04445,1
test_04446,0
test_04447,1
test_04448,0
test_04449,0
test_04450,1
test_04451,0
test_04452,0
test_04453,1
test_04454,0
test_04455,1
test_04456,0
test_04457,1
test_04458,1
test_04459,0
test_04460,0
test_04461,1
test_04462,0
test_04463,1
test_04464,1
test_04465,1
test_04466,0
test_04467,1
test_04468,0
test_04469,0
test_04470,1
test_04471,1
test_04472,1
test_04473,0
test_04474,0
test_04475,0
test_04476,0
test_04477,0
test_04478,1
test_04479,0
test_04480,1
test_04481,1
test_04482,0
test_04483,1
test_04484,1
test_04485,1
test_04486,1
test_04487,1
test_04488,0
test_04489,0
test_04490,1
test_04491,0
test_04492,0
test_04493,0
test_04494,0
test_04495,1
test_04496,0
test_04497,0
test_04498,0
test_04499,0
test_04500,1
test_04501,0
test_04502,1
test_04503,0
test_04504,0
test_04505,0
test_04506,1
test_04507,0
test_04508,0
test_04509,0
test_04510,0
test_04511,0
test_04512,1
test_04513,0
test_04514,1
test_04515,0
test_04516,1
test_04517,1
test_04518,0
test_04519,0
test_04520,0
test_04521,1
test_04522,0
test_04523,0
test_04524,1
test_04525,0
test_04526,1
test_04527,0
test_04528,1
test_04529,0
test_04530,0
test_04531,0
test_04532,0
test_04533,0
test_04534,0
test_04535,1
test_04536,0
test_04537,0
test_04538,0
test_04539,1
test_04540,1
test_04541,1
test_04542,0
test_04543,0
test_04544,0
test_04545,1
test_04546,1
test_04547,1
test_04548,1
test_04549,0
test_04550,1
test_04551,1
test_04552,0
test_04553,0
test_04554,0
test_04555,0
test_04556,1
test_04557,0
test_04558,0
test_04559,0
test_04560,0
test_04561,0
test_04562,0
test_04563,1
test_04564,0
test_04565,0
test_04566,0
test_04567,1
test_04568,1
test_04569,1
test_04570,0
test_04571,0
test_04572,1
test_04573,1
test_04574,0
test_04575,0
test_04576,1
test_04577,1
test_04578,1
test_04579,1
test_04580,0
test_04581,0
test_04582,1
test_04583,0
test_04584,1
test_04585,1
test_04586,0
test_04587,0
test_04588,1
test_04589,1
test_04590,1
test_04591,1
test_04592,0
test_04593,0
test_04594,1
test_04595,1
test_04596,0
test_04597,0
test_04598,0
test_04599,1
test_04600,0
test_04601,0
test_04602,1
test_04603,1
test_04604,0
test_04605,1
test_04606,1
test_04607,0
test_04608,0
test_04609,1
test_04610,0
test_04611,1
test_04612,1
test_04613,1
test_04614,1
test_04615,1
test_04616,1
test_04617,0
test_04618,1
test_04619,1
test_04620,0
test_04621,1
test_04622,1
test_04623,1
test_04624,0
test_04625,1
test_04626,0
test_04627,0
test_04628,1
test_04629,1
test_04630,1
test_04631,1
test_04632,0
test_04633,0
test_04634,1
test_04635,1
test_04636,1
test_04637,1
test_04638,1
test_04639,1
test_04640,1
test_04641,1
test_04642,0
test_04643,1
test_04644,1
test_04645,1
test_04646,0
test_04647,1
test_04648,1
test_04649,1
test_04650,0
test_04651,1
test_04652,0
test_04653,1
test_04654,0
test_04655,0
test_04656,0
test_04657,1
test_04658,1
test_04659,1
test_04660,1
test_04661,1
test_04662,0
test_04663,0
test_04664,0
test_04665,1
test_04666,0
test_04667,1
test_04668,0
test_04669,1
test_04670,1
test_04671,1
test_04672,0
test_04673,1
test_04674,0
test_04675,1
test_04676,0
test_04677,1
test_04678,1
test_04679,0
test_04680,1
test_04681,1
test_04682,0
test_04683,0
test_04684,0
test_04685,1
test_04686,1
test_04687,1
test_04688,0
test_04689,1
test_04690,1
test_04691,0
test_04692,0
test_04693,1
test_04694,1
test_04695,0
test_04696,1
test_04697,0
test_04698,0
test_04699,0
test_04700,1
test_04701,1
test_04702,0
test_04703,1
test_04704,0
test_04705,0
test_04706,0
test_04707,1
test_04708,0
test_04709,0
test_04710,1
test_04711,1
test_04712,1
test_04713,1
test_04714,0
test_04715,1
test_04716,0
test_04717,0
test_04718,0
test_04719,0
test_04720,1
test_04721,1
test_04722,1
test_04723,1
test_04724,1
test_04725,1
test_04726,1
test_04727,1
test_04728,1
test_04729,0
test_04730,0
test_04731,0
test_04732,1
test_04733,0
test_04734,1
test_04735,1
test_04736,1
test_04737,0
test_04738,0
test_04739,1
test_04740,1
test_04741,1
test_04742,1
test_04743,0
test_04744,1
test_04745,0
test_04746,0
test_04747,1
test_04748,0
test_04749,0
test_04750,1
test_04751,1
test_04752,0
test_04753,1
test_04754,0
test_04755,0
test_04756,0
test_04757,0
test_04758,0
test_04759,1
test_04760,1
test_04761,0
test_04762,0
test_04763,0
test_04764,1
test_04765,1
test_04766,0
test_04767,1
test_04768,0
test_04769,1
test_04770,1
test_04771,0
test_04772,1
test_04773,1
test_04774,0
test_04775,1
test_04776,1
test_04777,0
test_04778,1
test_04779,0
test_04780,1
test_04781,0
test_04782,0
test_04783,1
test_04784,0
test_04785,1
test_04786,1
test_04787,1
test_04788,0
test_04789,0
test_04790,1
test_04791,0
test_04792,1
test_04793,1
test_04794,0
test_04795,0
test_04796,0
test_04797,1
test_04798,1
test_04799,0
test_04800,1
test_04801,1
test_04802,0
test_04803,1
test_04804,1
test_04805,0
test_04806,1
test_04807,0
test_04808,0
test_04809,0
test_04810,0
test_04811,0
test_04812,1
test_04813,1
test_04814,0
test_04815,0
test_04816,1
test_04817,0
test_04818,0
test_04819,0
test_04820,0
test_04821,1
test_04822,1
test_04823,1
test_04824,0
test_04825,1
test_04826,1
test_04827,0
test_04828,1
test_04829,1
test_04830,0
test_04831,1
test_04832,1
test_04833,0
test_04834,0
test_04835,1
test_04836,0
test_04837,0
test_04838,0
test_04839,0
test_04840,0
test_04841,0
test_04842,1
test_04843,0
test_04844,0
test_04845,1
test_04846,0
test_04847,1
test_04848,1
test_04849,1
test_04850,1
test_04851,1
test_04852,1
test_04853,0
test_04854,1
test_04855,1
test_04856,0
test_04857,0
test_04858,1
test_04859,0
test_04860,0
test_04861,1
test_04862,0
test_04863,0
test_04864,0
test_04865,0
test_04866,0
test_04867,0
test_04868,0
test_04869,0
test_04870,1
test_04871,1
test_04872,1
test_04873,1
test_04874,0
test_04875,1
test_04876,0
test_04877,1
test_04878,0
test_04879,1
test_04880,0
test_04881,0
test_04882,0
test_04883,1
test_04884,0
test_04885,0
test_04886,1
test_04887,0
test_04888,0
test_04889,1
test_04890,0
test_04891,1
test_04892,1
test_04893,0
test_04894,0
test_04895,0
test_04896,0
test_04897,0
test_04898,0
test_04899,0
test_04900,1
test_04901,1
test_04902,0
test_04903,1
test_04904,1
test_04905,0
test_04906,1
test_04907,0
test_04908,1
test_04909,1
test_04910,1
test_04911,1
test_04912,1
test_04913,1
test_04914,0
test_04915,1
test_04916,0
test_04917,1
test_04918,1
test_04919,0
test_04920,0
test_04921,1
test_04922,0
test_04923,0
test_04924,0
test_04925,0
test_04926,1
test_04927,0
test_04928,0
test_04929,1
test_04930,0
test_04931,1
test_04932,0
test_04933,1
test_04934,0
test_04935,0
test_04936,1
test_04937,0
test_04938,0
test_04939,1
test_04940,0
test_04941,1
test_04942,1
test_04943,1
test_04944,1
test_04945,0
test_04946,0
test_04947,1
test_04948,1
test_04949,1
test_04950,0
test_04951,0
test_04952,1
test_04953,0
test_04954,1
test_04955,1
test_04956,1
test_04957,1
test_04958,0
test_04959,0
test_04960,0
test_04961,1
test_04962,1
test_04963,0
test_04964,1
test_04965,1
test_04966,1
test_04967,0
test_04968,1
test_04969,1
test_04970,1
test_04971,1
test_04972,0
test_04973,1
test_04974,0
test_04975,0
test_04976,0
test_04977,0
test_04978,0
test_04979,0
test_04980,1
test_04981,1
test_04982,1
test_04983,0
test_04984,0
test_04985,1
test_04986,0
test_04987,1
test_04988,0
test_04989,0
test_04990,1
test_04991,0
test_04992,0
test_04993,1
test_04994,0
test_04995,1
test_04996,1
test_04997,0
test_04998,0
test_04999,0
test_05000,1
test_05001,1
test_05002,0
test_05003,1
test_05004,1
test_05005,1
test_05006,0
test_05007,1
test_05008,1
test_05009,1
test_05010,0
test_05011,1
test_05012,1
test_05013,1
test_05014,1
test_05015,0
test_05016,0
test_05017,1
test_05018,1
test_05019,0
test_05020,1
test_05021,0
test_05022,1
test_05023,1
test_05024,1
test_05025,0
test_05026,0
test_05027,1
test_05028,1
test_05029,1
test_05030,1
test_05031,0
test_05032,1
test_05033,1
test_05034,0
test_05035,1
test_05036,1
test_05037,1
test_05038,0
test_05039,1
test_05040,1
test_05041,1
test_05042,1
test_05043,1
test_05044,1
test_05045,1
test_05046,0
test_05047,1
test_05048,0
test_05049,1
test_05050,0
test_05051,1
test_05052,1
test_05053,1
test_05054,0
test_05055,0
test_05056,1
test_05057,1
test_05058,1
test_05059,0
test_05060,1
test_05061,1
test_05062,0
test_05063,1
test_05064,0
test_05065,0
test_05066,0
test_05067,1
test_05068,1
test_05069,1
test_05070,1
test_05071,0
test_05072,0
test_05073,0
test_05074,0
test_05075,1
test_05076,1
test_05077,0
test_05078,1
test_05079,1
test_05080,1
test_05081,0
test_05082,0
test_05083,0
test_05084,1
test_05085,1
test_05086,1
test_05087,1
test_05088,0
test_05089,0
test_05090,0
test_05091,1
test_05092,0
test_05093,0
test_05094,1
test_05095,1
test_05096,0
test_05097,1
test_05098,0
test_05099,1
test_05100,0
test_05101,1
test_05102,0
test_05103,1
test_05104,0
test_05105,1
test_05106,1
test_05107,1
test_05108,0
test_05109,0
test_05110,1
test_05111,1
test_05112,0
test_05113,1
test_05114,0
test_05115,0
test_05116,0
test_05117,0
test_05118,0
test_05119,1
test_05120,1
test_05121,0
test_05122,0
test_05123,0
test_05124,0
test_05125,1
test_05126,1
test_05127,1
test_05128,0
test_05129,1
test_05130,0
test_05131,1
test_05132,1
test_05133,0
test_05134,0
test_05135,0
test_05136,0
test_05137,1
test_05138,1
test_05139,1
test_05140,1
test_05141,0
test_05142,1
test_05143,0
test_05144,1
test_05145,1
test_05146,1
test_05147,0
test_05148,0
test_05149,0
test_05150,0
test_05151,1
test_05152,1
test_05153,1
test_05154,0
test_05155,0
test_05156,1
test_05157,0
test_05158,1
test_05159,0
test_05160,1
test_05161,1
test_05162,0
test_05163,0
test_05164,0
test_05165,0
test_05166,1
test_05167,1
test_05168,0
test_05169,1
test_05170,0
test_05171,1
test_05172,1
test_05173,0
test_05174,0
test_05175,0
test_05176,0
test_05177,1
test_05178,0
test_05179,0
test_05180,0
test_05181,0
test_05182,0
test_05183,1
test_05184,1
test_05185,1
test_05186,1
test_05187,1
test_05188,1
test_05189,1
test_05190,1
test_05191,1
test_05192,0
test_05193,0
test_05194,0
test_05195,0
test_05196,0
test_05197,1
test_05198,1
test_05199,1
test_05200,1
test_05201,1
test_05202,1
test_05203,1
test_05204,0
test_05205,0
test_05206,0
test_05207,0
test_05208,1
test_05209,1
test_05210,1
test_05211,1
test_05212,1
test_05213,0
test_05214,1
test_05215,1
test_05216,1
test_05217,1
test_05218,1
test_05219,1
test_05220,1
test_05221,0
test_05222,0
test_05223,1
test_05224,0
test_05225,1
test_05226,0
test_05227,1
test_05228,1
test_05229,0
test_05230,0
test_05231,0
test_05232,0
test_05233,1
test_05234,0
test_05235,1
test_05236,1
test_05237,0
test_05238,0
test_05239,1
test_05240,1
test_05241,0
test_05242,0
test_05243,1
test_05244,1
test_05245,0
test_05246,0
test_05247,0
test_05248,0
test_05249,1
test_05250,1
test_05251,1
test_05252,0
test_05253,0
test_05254,1
test_05255,1
test_05256,0
test_05257,1
test_05258,1
test_05259,0
test_05260,0
test_05261,1
test_05262,1
test_05263,1
test_05264,0
test_05265,0
test_05266,1
test_05267,1
test_05268,1
test_05269,1
test_05270,0
test_05271,1
test_05272,1
test_05273,0
test_05274,1
test_05275,0
test_05276,1
test_05277,0
test_05278,1
test_05279,0
test_05280,0
test_05281,1
test_05282,1
test_05283,1
test_05284,1
test_05285,0
test_05286,1
test_05287,0
test_05288,1
test_05289,1
test_05290,1
test_05291,0
test_05292,1
test_05293,0
test_05294,1
test_05295,1
test_05296,0
test_05297,0
test_05298,1
test_05299,0
test_05300,0
test_05301,0
test_05302,0
test_05303,1
test_05304,0
test_05305,1
test_05306,0
test_05307,0
test_05308,1
test_05309,0
test_05310,0
test_05311,1
test_05312,1
test_05313,1
test_05314,1
test_05315,0
test_05316,1
test_05317,1
test_05318,1
test_05319,1
test_05320,1
test_05321,1
test_05322,1
test_05323,1
test_05324,1
test_05325,1
test_05326,1
test_05327,0
test_05328,1
test_05329,1
test_05330,0
test_05331,0
test_05332,0
test_05333,0
test_05334,0
test_05335,0
test_05336,1
test_05337,1
test_05338,1
test_05339,0
test_05340,1
test_05341,0
test_05342,0
test_05343,1
test_05344,0
test_05345,0
test_05346,1
test_05347,0
test_05348,1
test_05349,1
test_05350,0
test_05351,1
test_05352,0
test_05353,0
test_05354,0
test_05355,0
test_05356,0
test_05357,1
test_05358,0
test_05359,0
test_05360,0
test_05361,1
test_05362,1
test_05363,0
test_05364,1
test_05365,0
test_05366,0
test_05367,0
test_05368,0
test_05369,0
test_05370,1
test_05371,0
test_05372,1
test_05373,1
test_05374,0
test_05375,0
test_05376,0
test_05377,1
test_05378,1
test_05379,1
test_05380,0
test_05381,1
test_05382,1
test_05383,0
test_05384,1
test_05385,1
test_05386,0
test_05387,1
test_05388,1
test_05389,0
test_05390,1
test_05391,1
test_05392,1
test_05393,1
test_05394,1
test_05395,1
test_05396,1
test_05397,0
test_05398,1
test_05399,1
test_05400,0
test_05401,1
test_05402,1
test_05403,1
test_05404,1
test_05405,0
test_05406,1
test_05407,0
test_05408,1
test_05409,0
test_05410,1
test_05411,1
test_05412,1
test_05413,0
test_05414,0
test_05415,0
test_05416,0
test_05417,0
test_05418,1
test_05419,1
test_05420,0
test_05421,1
test_05422,0
test_05423,1
test_05424,0
test_05425,0
test_05426,0
test_05427,0
test_05428,1
test_05429,1
test_05430,1
test_05431,1
test_05432,1
test_05433,1
test_05434,1
test_05435,1
test_05436,0
test_05437,1
test_05438,0
test_05439,0
test_05440,0
test_05441,1
test_05442,1
test_05443,0
test_05444,1
test_05445,1
test_05446,0
test_05447,1
test_05448,1
test_05449,0
test_05450,1
test_05451,0
test_05452,1
test_05453,1
test_05454,0
test_05455,0
test_05456,0
test_05457,0
test_05458,0
test_05459,0
test_05460,1
test_05461,0
test_05462,1
test_05463,1
test_05464,1
test_05465,0
test_05466,1
test_05467,0
test_05468,1
test_05469,0
test_05470,0
test_05471,0
test_05472,1
test_05473,1
test_05474,0
test_05475,0
test_05476,0
test_05477,0
test_05478,1
test_05479,1
test_05480,0
test_05481,0
test_05482,0
test_05483,1
test_05484,0
test_05485,0
test_05486,0
test_05487,1
test_05488,1
test_05489,0
test_05490,0
test_05491,1
test_05492,0
test_05493,0
test_05494,1
test_05495,1
test_05496,1
test_05497,0
test_05498,1
test_05499,0
test_05500,1
test_05501,1
test_05502,0
test_05503,0
test_05504,1
test_05505,1
test_05506,0
test_05507,0
test_05508,1
test_05509,0
test_05510,1
test_05511,1
test_05512,0
test_05513,1
test_05514,0
test_05515,0
test_05516,0
test_05517,0
test_05518,1
test_05519,1
test_05520,0
test_05521,1
test_05522,0
test_05523,1
test_05524,1
test_05525,0
test_05526,0
test_05527,1
test_05528,0
test_05529,1
test_05530,0
test_05531,0
test_05532,1
test_05533,1
test_05534,1
test_05535,1
test_05536,1
test_05537,1
test_05538,1
test_05539,1
test_05540,1
test_05541,1
test_05542,0
test_05543,0
test_05544,1
test_05545,0
test_05546,0
test_05547,0
test_05548,1
test_05549,1
test_05550,0
test_05551,1
test_05552,0
test_05553,1
test_05554,1
test_05555,1
test_05556,1
test_05557,1
test_05558,1
test_05559,0
test_05560,1
test_05561,1
test_05562,1
test_05563,1
test_05564,1
test_05565,1
test_05566,0
test_05567,1
test_05568,1
test_05569,1
test_05570,0
test_05571,1
test_05572,1
test_05573,1
test_05574,0
test_05575,1
test_05576,0
test_05577,1
test_05578,1
test_05579,0
test_05580,1
test_05581,0
test_05582,1
test_05583,0
test_05584,1
test_05585,0
test_05586,1
test_05587,0
test_05588,1
test_05589,0
test_05590,1
test_05591,0
test_05592,0
test_05593,1
test_05594,1
test_05595,1
test_05596,1
test_05597,0
test_05598,1
test_05599,0
test_05600,1
test_05601,1
test_05602,0
test_05603,0
test_05604,1
test_05605,1
test_05606,0
test_05607,0
test_05608,0
test_05609,0
test_05610,1
test_05611,0
test_05612,1
test_05613,0
test_05614,1
test_05615,1
test_05616,0
test_05617,0
test_05618,0
test_05619,0
test_05620,0
test_05621,0
test_05622,1
test_05623,0
test_05624,1
test_05625,0
test_05626,0
test_05627,0
test_05628,0
test_05629,1
test_05630,0
test_05631,0
test_05632,1
test_05633,1
test_05634,1
test_05635,0
test_05636,1
test_05637,1
test_05638,0
test_05639,1
test_05640,1
test_05641,0
test_05642,1
test_05643,1
test_05644,1
test_05645,1
test_05646,1
test_05647,1
test_05648,0
test_05649,0
test_05650,1
test_05651,0
test_05652,1
test_05653,0
test_05654,1
test_05655,1
test_05656,1
test_05657,0
test_05658,0
test_05659,1
test_05660,1
test_05661,0
test_05662,1
test_05663,1
test_05664,1
test_05665,0
test_05666,0
test_05667,0
test_05668,0
test_05669,1
test_05670,0
test_05671,1
test_05672,0
test_05673,0
test_05674,0
test_05675,0
test_05676,0
test_05677,0
test_05678,0
test_05679,1
test_05680,0
test_05681,0
test_05682,1
test_05683,0
test_05684,1
test_05685,0
test_05686,0
test_05687,0
test_05688,0
test_05689,1
test_05690,0
test_05691,1
test_05692,0
test_05693,1
test_05694,1
test_05695,0
test_05696,1
test_05697,1
test_05698,0
test_05699,1
test_05700,1
test_05701,1
test_05702,1
test_05703,1
test_05704,1
test_05705,0
test_05706,0
test_05707,1
test_05708,0
test_05709,1
test_05710,1
test_05711,0
test_05712,1
test_05713,0
test_05714,1
test_05715,0
test_05716,1
test_05717,1
test_05718,1
test_05719,0
test_05720,0
test_05721,1
test_05722,1
test_05723,0
test_05724,1
test_05725,0
test_05726,0
test_05727,1
test_05728,1
test_05729,0
test_05730,1
test_05731,1
test_05732,0
test_05733,1
test_05734,1
test_05735,0
test_05736,0
test_05737,0
test_05738,0
test_05739,0
test_05740,0
test_05741,0
test_05742,0
test_05743,0
test_05744,0
test_05745,1
test_05746,0
test_05747,1
test_05748,1
test_05749,1
test_05750,0
test_05751,0
test_05752,0
test_05753,0
test_05754,1
test_05755,1
test_05756,1
test_05757,0
test_05758,0
test_05759,0
test_05760,1
test_05761,0
test_05762,0
test_05763,1
test_05764,1
test_05765,1
test_05766,0
test_05767,0
test_05768,0
test_05769,1
test_05770,1
test_05771,1
test_05772,0
test_05773,1
test_05774,1
test_05775,1
test_05776,0
test_05777,1
test_05778,1
test_05779,1
test_05780,1
test_05781,1
test_05782,1
test_05783,1
test_05784,1
test_05785,1
test_05786,1
test_05787,0
test_05788,1
test_05789,1
test_05790,1
test_05791,0
test_05792,1
test_05793,1
test_05794,1
test_05795,1
test_05796,1
test_05797,1
test_05798,0
test_05799,1
test_05800,1
test_05801,0
test_05802,0
test_05803,1
test_05804,1
test_05805,1
test_05806,0
test_05807,0
test_05808,1
test_05809,1
test_05810,1
test_05811,0
test_05812,1
test_05813,1
test_05814,1
test_05815,0
test_05816,0
test_05817,0
test_05818,1
test_05819,1
test_05820,0
test_05821,1
test_05822,1
test_05823,1
test_05824,0
test_05825,0
test_05826,0
test_05827,0
test_05828,0
test_05829,0
test_05830,0
test_05831,0
test_05832,1
test_05833,1
test_05834,0
test_05835,1
test_05836,1
test_05837,0
test_05838,0
test_05839,1
test_05840,1
test_05841,1
test_05842,0
test_05843,1
test_05844,0
test_05845,0
test_05846,0
test_05847,1
test_05848,0
test_05849,0
test_05850,0
test_05851,0
test_05852,1
test_05853,1
test_05854,0
test_05855,1
test_05856,1
test_05857,1
test_05858,0
test_05859,0
test_05860,0
test_05861,0
test_05862,0
test_05863,0
test_05864,0
test_05865,0
test_05866,1
test_05867,1
test_05868,1
test_05869,1
test_05870,0
test_05871,1
test_05872,1
test_05873,0
test_05874,0
test_05875,0
test_05876,0
test_05877,1
test_05878,1
test_05879,1
test_05880,1
test_05881,1
test_05882,1
test_05883,1
test_05884,1
test_05885,0
test_05886,0
test_05887,0
test_05888,0
test_05889,0
test_05890,0
test_05891,0
test_05892,1
test_05893,0
test_05894,0
test_05895,0
test_05896,1
test_05897,0
test_05898,0
test_05899,1
test_05900,1
test_05901,1
test_05902,1
test_05903,0
test_05904,0
test_05905,1
test_05906,1
test_05907,1
test_05908,0
test_05909,0
test_05910,1
test_05911,0
test_05912,0
test_05913,0
test_05914,0
test_05915,0
test_05916,0
test_05917,0
test_05918,1
test_05919,1
test_05920,0
test_05921,1
test_05922,1
test_05923,1
test_05924,0
test_05925,0
test_05926,0
test_05927,0
test_05928,1
test_05929,0
test_05930,1
test_05931,1
test_05932,0
test_05933,0
test_05934,0
test_05935,0
test_05936,1
test_05937,0
test_05938,1
test_05939,0
test_05940,1
test_05941,1
test_05942,0
test_05943,1
test_05944,1
test_05945,0
test_05946,1
test_05947,1
test_05948,1
test_05949,0
test_05950,0
test_05951,0
test_05952,0
test_05953,1
test_05954,0
test_05955,0
test_05956,1
test_05957,0
test_05958,0
test_05959,1
test_05960,0
test_05961,1
test_05962,1
test_05963,1
test_05964,1
test_05965,0
test_05966,0
test_05967,1
test_05968,1
test_05969,0
test_05970,1
test_05971,0
test_05972,1
test_05973,0
test_05974,0
test_05975,1
test_05976,1
test_05977,1
test_05978,1
test_05979,0
test_05980,0
test_05981,1
test_05982,1
test_05983,0
test_05984,0
test_05985,0
test_05986,1
test_05987,1
test_05988,1
test_05989,1
test_05990,1
test_05991,1
test_05992,1
test_05993,1
test_05994,0
test_05995,0
test_05996,0
test_05997,1
test_05998,1
test_05999,0
test_06000,1
test_06001,1
test_06002,0
test_06003,1
test_06004,0
test_06005,1
test_06006,1
test_06007,0
test_06008,0
test_06009,0
test_06010,1
test_06011,0
test_06012,1
test_06013,1
test_06014,0
test_06015,0
test_06016,0
test_06017,0
test_06018,1
test_06019,1
test_06020,1
test_06021,0
test_06022,0
test_06023,0
test_06024,1
test_06025,1
test_06026,0
test_06027,1
test_06028,0
test_06029,0
test_06030,1
test_06031,1
test_06032,0
test_06033,0
test_06034,1
test_06035,0
test_06036,1
test_06037,0
test_06038,1
test_06039,0
test_06040,0
test_06041,0
test_06042,1
test_06043,0
test_06044,1
test_06045,1
test_06046,0
test_06047,1
test_06048,1
test_06049,0
test_06050,0
test_06051,0
test_06052,1
test_06053,0
test_06054,0
test_06055,0
test_06056,1
test_06057,1
test_06058,1
test_06059,1
test_06060,1
test_06061,0
test_06062,1
test_06063,1
test_06064,1
test_06065,0
test_06066,0
test_06067,1
test_06068,1
test_06069,1
test_06070,0
test_06071,0
test_06072,1
test_06073,1
test_06074,0
test_06075,0
test_06076,1
test_06077,1
test_06078,0
test_06079,1
test_06080,1
test_06081,1
test_06082,1
test_06083,0
test_06084,0
test_06085,1
test_06086,0
test_06087,0
test_06088,1
test_06089,1
test_06090,1
test_06091,1
test_06092,0
test_06093,0
test_06094,1
test_06095,0
test_06096,1
test_06097,0
test_06098,0
test_06099,0
test_06100,0
test_06101,0
test_06102,1
test_06103,1
test_06104,1
test_06105,1
test_06106,1
test_06107,0
test_06108,0
test_06109,0
test_06110,1
test_06111,0
test_06112,1
test_06113,0
test_06114,0
test_06115,1
test_06116,1
test_06117,0
test_06118,0
test_06119,1
test_06120,1
test_06121,1
test_06122,1
test_06123,1
test_06124,1
test_06125,1
test_06126,0
test_06127,1
test_06128,1
test_06129,1
test_06130,1
test_06131,0
test_06132,1
test_06133,0
test_06134,0
test_06135,0
test_06136,1
test_06137,1
test_06138,1
test_06139,1
test_06140,1
test_06141,1
test_06142,1
test_06143,0
test_06144,1
test_06145,0
test_06146,0
test_06147,1
test_06148,0
test_06149,0
test_06150,0
test_06151,0
test_06152,0
test_06153,1
test_06154,0
test_06155,1
test_06156,0
test_06157,0
test_06158,0
test_06159,0
test_06160,1
test_06161,0
test_06162,1
test_06163,1
test_06164,1
test_06165,0
test_06166,0
test_06167,0
test_06168,0
test_06169,1
test_06170,0
test_06171,0
test_06172,1
test_06173,1
test_06174,0
test_06175,0
test_06176,1
test_06177,1
test_06178,1
test_06179,1
test_06180,1
test_06181,0
test_06182,0
test_06183,1
test_06184,0
test_06185,0
test_06186,1
test_06187,0
test_06188,0
test_06189,0
test_06190,1
test_06191,0
test_06192,0
test_06193,1
test_06194,0
test_06195,0
test_06196,0
test_06197,1
test_06198,0
test_06199,1
test_06200,1
test_06201,1
test_06202,0
test_06203,0
test_06204,0
test_06205,1
test_06206,0
test_06207,1
test_06208,0
test_06209,0
test_06210,1
test_06211,1
test_06212,1
test_06213,0
test_06214,1
test_06215,1
test_06216,1
test_06217,1
test_06218,1
test_06219,0
test_06220,0
test_06221,0
test_06222,0
test_06223,0
test_06224,1
test_06225,1
test_06226,1
test_06227,0
test_06228,1
test_06229,0
test_06230,0
test_06231,0
test_06232,0
test_06233,0
test_06234,1
test_06235,0
test_06236,0
test_06237,1
test_06238,0
test_06239,1
test_06240,1
test_06241,1
test_06242,0
test_06243,1
test_06244,0
test_06245,1
test_06246,1
test_06247,1
test_06248,1
test_06249,1
test_06250,1
test_06251,0
test_06252,0
test_06253,0
test_06254,1
test_06255,0
test_06256,1
test_06257,1
test_06258,1
test_06259,0
test_06260,1
test_06261,1
test_06262,1
test_06263,1
test_06264,1
test_06265,0
test_06266,1
test_06267,1
test_06268,1
test_06269,0
test_06270,0
test_06271,1
test_06272,1
test_06273,0
test_06274,1
test_06275,1
test_06276,1
test_06277,1
test_06278,0
test_06279,0
test_06280,0
test_06281,1
test_06282,1
test_06283,0
test_06284,1
test_06285,0
test_06286,1
test_06287,0
test_06288,0
test_06289,0
test_06290,0
test_06291,0
test_06292,0
test_06293,0
test_06294,0
test_06295,0
test_06296,0
test_06297,1
test_06298,1
test_06299,1
test_06300,1
test_06301,0
test_06302,1
test_06303,0
test_06304,1
test_06305,0
test_06306,0
test_06307,1
test_06308,1
test_06309,1
test_06310,0
test_06311,0
test_06312,1
test_06313,0
test_06314,0
test_06315,0
test_06316,1
test_06317,1
test_06318,1
test_06319,1
test_06320,1
test_06321,1
test_06322,1
test_06323,0
test_06324,0
test_06325,1
test_06326,1
test_06327,0
test_06328,1
test_06329,0
test_06330,0
test_06331,0
test_06332,0
test_06333,1
test_06334,0
test_06335,0
test_06336,0
test_06337,0
test_06338,1
test_06339,1
test_06340,1
test_06341,0
test_06342,1
test_06343,0
test_06344,0
test_06345,1
test_06346,1
test_06347,0
test_06348,1
test_06349,1
test_06350,0
test_06351,1
test_06352,1
test_06353,0
test_06354,0
test_06355,0
test_06356,1
test_06357,0
test_06358,1
test_06359,1
test_06360,1
test_06361,1
test_06362,0
test_06363,1
test_06364,1
test_06365,0
test_06366,1
test_06367,1
test_06368,1
test_06369,1
test_06370,1
test_06371,0
test_06372,0
test_06373,1
test_06374,1
test_06375,0
test_06376,0
test_06377,1
test_06378,1
test_06379,0
test_06380,0
test_06381,0
test_06382,1
test_06383,0
test_06384,1
test_06385,1
test_06386,1
test_06387,1
test_06388,1
test_06389,1
test_06390,0
test_06391,0
test_06392,0
test_06393,0
test_06394,1
test_06395,1
test_06396,1
test_06397,0
test_06398,1
test_06399,0
test_06400,0
test_06401,1
test_06402,1
test_06403,0
test_06404,1
test_06405,0
test_06406,0
test_06407,0
test_06408,0
test_06409,1
test_06410,1
test_06411,0
test_06412,1
test_06413,0
test_06414,1
test_06415,0
test_06416,1
test_06417,1
test_06418,0
test_06419,1
test_06420,0
test_06421,1
test_06422,1
test_06423,1
test_06424,1
test_06425,0
test_06426,0
test_06427,1
test_06428,1
test_06429,0
test_06430,0
test_06431,1
test_06432,0
test_06433,1
test_06434,1
test_06435,1
test_06436,0
test_06437,0
test_06438,0
test_06439,1
test_06440,0
test_06441,1
test_06442,0
test_06443,1
test_06444,0
test_06445,0
test_06446,1
test_06447,1
test_06448,1
test_06449,0
test_06450,1
test_06451,1
test_06452,1
test_06453,0
test_06454,1
test_06455,1
test_06456,0
test_06457,1
test_06458,0
test_06459,1
test_06460,0
test_06461,0
test_06462,1
test_06463,1
test_06464,0
test_06465,0
test_06466,0
test_06467,1
test_06468,0
test_06469,1
test_06470,1
test_06471,0
test_06472,0
test_06473,1
test_06474,0
test_06475,1
test_06476,0
test_06477,0
test_06478,1
test_06479,1
test_06480,1
test_06481,0
test_06482,1
test_06483,0
test_06484,0
test_06485,1
test_06486,0
test_06487,0
test_06488,1
test_06489,0
test_06490,1
test_06491,0
test_06492,1
test_06493,0
test_06494,1
test_06495,0
test_06496,0
test_06497,1
test_06498,1
test_06499,0
test_06500,0
test_06501,0
test_06502,1
test_06503,1
test_06504,0
test_06505,0
test_06506,1
test_06507,1
test_06508,1
test_06509,0
test_06510,0
test_06511,1
test_06512,0
test_06513,0
test_06514,0
test_06515,1
test_06516,1
test_06517,1
test_06518,1
test_06519,0
test_06520,0
test_06521,1
test_06522,1
test_06523,1
test_06524,0
test_06525,0
test_06526,1
test_06527,0
test_06528,1
test_06529,0
test_06530,0
test_06531,1
test_06532,0
test_06533,1
test_06534,1
test_06535,1
test_06536,1
test_06537,0
test_06538,1
test_06539,0
test_06540,0
test_06541,1
test_06542,0
test_06543,0
test_06544,1
test_06545,1
test_06546,1
test_06547,0
test_06548,1
test_06549,0
test_06550,1
test_06551,0
test_06552,1
test_06553,1
test_06554,0
test_06555,1
test_06556,1
test_06557,0
test_06558,0
test_06559,0
test_06560,0
test_06561,0
test_06562,0
test_06563,0
test_06564,1
test_06565,1
test_06566,1
test_06567,0
test_06568,0
test_06569,0
test_06570,0
test_06571,0
test_06572,0
test_06573,0
test_06574,0
test_06575,0
test_06576,0
test_06577,0
test_06578,1
test_06579,1
test_06580,1
test_06581,0
test_06582,1
test_06583,0
test_06584,1
test_06585,0
test_06586,0
test_06587,1
test_06588,1
test_06589,1
test_06590,0
test_06591,0
test_06592,1
test_06593,0
test_06594,1
test_06595,0
test_06596,1
test_06597,1
test_06598,0
test_06599,0
test_06600,0
test_06601,0
test_06602,1
test_06603,0
test_06604,0
test_06605,0
test_06606,0
test_06607,0
test_06608,1
test_06609,1
test_06610,0
test_06611,1
test_06612,0
test_06613,0
test_06614,0
test_06615,0
test_06616,1
test_06617,1
test_06618,0
test_06619,0
test_06620,1
test_06621,0
test_06622,0
test_06623,0
test_06624,1
test_06625,1
test_06626,0
test_06627,0
test_06628,1
test_06629,0
test_06630,0
test_06631,0
test_06632,0
test_06633,0
test_06634,0
test_06635,0
test_06636,1
test_06637,0
test_06638,1
test_06639,1
test_06640,1
test_06641,0
test_06642,1
test_06643,1
test_06644,1
test_06645,1
test_06646,1
test_06647,1
test_06648,0
test_06649,1
test_06650,0
test_06651,1
test_06652,0
test_06653,1
test_06654,1
test_06655,0
test_06656,1
test_06657,1
test_06658,0
test_06659,1
test_06660,0
test_06661,0
test_06662,0
test_06663,0
test_06664,0
test_06665,0
test_06666,1
test_06667,1
test_06668,1
test_06669,0
test_06670,0
test_06671,1
test_06672,0
test_06673,0
test_06674,1
test_06675,0
test_06676,0
test_06677,1
test_06678,1
test_06679,0
test_06680,0
test_06681,1
test_06682,0
test_06683,1
test_06684,0
test_06685,1
test_06686,1
test_06687,0
test_06688,1
test_06689,1
test_06690,1
test_06691,0
test_06692,1
test_06693,1
test_06694,1
test_06695,1
test_06696,1
test_06697,1
test_06698,0
test_06699,1
test_06700,1
test_06701,1
test_06702,1
test_06703,0
test_06704,1
test_06705,1
test_06706,1
test_06707,0
test_06708,0
test_06709,1
test_06710,0
test_06711,1
test_06712,0
test_06713,1
test_06714,1
test_06715,0
test_06716,1
test_06717,1
test_06718,0
test_06719,1
test_06720,1
test_06721,0
test_06722,1
test_06723,1
test_06724,0
test_06725,1
test_06726,1
test_06727,1
test_06728,1
test_06729,0
test_06730,0
test_06731,1
test_06732,0
test_06733,1
test_06734,0
test_06735,1
test_06736,1
test_06737,1
test_06738,1
test_06739,0
test_06740,1
test_06741,1
test_06742,1
test_06743,1
test_06744,0
test_06745,0
test_06746,1
test_06747,1
test_06748,0
test_06749,1
test_06750,1
test_06751,0
test_06752,0
test_06753,0
test_06754,0
test_06755,1
test_06756,0
test_06757,1
test_06758,0
test_06759,0
test_06760,0
test_06761,1
test_06762,1
test_06763,1
test_06764,1
test_06765,1
test_06766,0
test_06767,0
test_06768,1
test_06769,0
test_06770,0
test_06771,1
test_06772,0
test_06773,1
test_06774,0
test_06775,0
test_06776,1
test_06777,1
test_06778,0
test_06779,1
test_06780,1
test_06781,1
test_06782,1
test_06783,0
test_06784,0
test_06785,1
test_06786,1
test_06787,0
test_06788,0
test_06789,1
test_06790,0
test_06791,0
test_06792,1
test_06793,0
test_06794,1
test_06795,0
test_06796,1
test_06797,0
test_06798,1
test_06799,0
test_06800,0
test_06801,0
test_06802,0
test_06803,0
test_06804,1
test_06805,0
test_06806,1
test_06807,1
test_06808,1
test_06809,0
test_06810,1
test_06811,1
test_06812,0
test_06813,1
test_06814,1
test_06815,1
test_06816,1
test_06817,0
test_06818,1
test_06819,1
test_06820,0
test_06821,1
test_06822,1
test_06823,0
test_06824,1
test_06825,0
test_06826,0
test_06827,0
test_06828,1
test_06829,0
test_06830,0
test_06831,0
test_06832,0
test_06833,0
test_06834,0
test_06835,0
test_06836,1
test_06837,0
test_06838,0
test_06839,0
test_06840,1
test_06841,0
test_06842,1
test_06843,0
test_06844,0
test_06845,0
test_06846,1
test_06847,1
test_06848,1
test_06849,0
test_06850,0
test_06851,0
test_06852,0
test_06853,0
test_06854,1
test_06855,0
test_06856,0
test_06857,1
test_06858,0
test_06859,0
test_06860,1
test_06861,0
test_06862,1
test_06863,1
test_06864,0
test_06865,0
test_06866,0
test_06867,0
test_06868,1
test_06869,0
test_06870,1
test_06871,1
test_06872,0
test_06873,0
test_06874,1
test_06875,0
test_06876,0
test_06877,1
test_06878,1
test_06879,0
test_06880,0
test_06881,1
test_06882,0
test_06883,0
test_06884,0
test_06885,0
test_06886,0
test_06887,1
test_06888,1
test_06889,1
test_06890,0
test_06891,0
test_06892,0
test_06893,1
test_06894,0
test_06895,0
test_06896,1
test_06897,1
test_06898,0
test_06899,0
test_06900,0
test_06901,1
test_06902,0
test_06903,1
test_06904,1
test_06905,1
test_06906,1
test_06907,1
test_06908,1
test_06909,0
test_06910,1
test_06911,1
test_06912,0
test_06913,0
test_06914,1
test_06915,0
test_06916,1
test_06917,0
test_06918,0
test_06919,1
test_06920,1
test_06921,1
test_06922,1
test_06923,1
test_06924,0
test_06925,0
test_06926,0
test_06927,0
test_06928,0
test_06929,1
test_06930,0
test_06931,0
test_06932,1
test_06933,1
test_06934,0
test_06935,0
test_06936,1
test_06937,0
test_06938,0
test_06939,0
test_06940,1
test_06941,0
test_06942,0
test_06943,0
test_06944,1
test_06945,0
test_06946,0
test_06947,1
test_06948,1
test_06949,1
test_06950,1
test_06951,0
test_06952,1
test_06953,0
test_06954,0
test_06955,1
test_06956,0
test_06957,1
test_06958,1
test_06959,0
test_06960,0
test_06961,1
test_06962,0
test_06963,0
test_06964,1
test_06965,1
test_06966,0
test_06967,0
test_06968,0
test_06969,0
test_06970,1
test_06971,1
test_06972,0
test_06973,1
test_06974,1
test_06975,1
test_06976,1
test_06977,1
test_06978,0
test_06979,1
test_06980,1
test_06981,1
test_06982,1
test_06983,0
test_06984,0
test_06985,0
test_06986,1
test_06987,0
test_06988,0
test_06989,0
test_06990,1
test_06991,1
test_06992,0
test_06993,0
test_06994,0
test_06995,0
test_06996,0
test_06997,1
test_06998,0
test_06999,1
test_07000,0
test_07001,1
test_07002,1
test_07003,0
test_07004,0
test_07005,1
test_07006,1
test_07007,0
test_07008,0
test_07009,1
test_07010,1
test_07011,1
test_07012,1
test_07013,0
test_07014,1
test_07015,1
test_07016,1
test_07017,0
test_07018,1
test_07019,0
test_07020,0
test_07021,1
test_07022,0
test_07023,1
test_07024,0
test_07025,1
test_07026,1
test_07027,0
test_07028,1
test_07029,1
test_07030,1
test_07031,0
test_07032,1
test_07033,1
test_07034,0
test_07035,1
test_07036,0
test_07037,0
test_07038,1
test_07039,0
test_07040,0
test_07041,1
test_07042,1
test_07043,0
test_07044,1
test_07045,0
test_07046,1
test_07047,1
test_07048,0
test_07049,0
test_07050,1
test_07051,0
test_07052,1
test_07053,0
test_07054,0
test_07055,1
test_07056,1
test_07057,0
test_07058,0
test_07059,1
test_07060,1
test_07061,1
test_07062,0
test_07063,0
test_07064,0
test_07065,0
test_07066,0
test_07067,1
test_07068,1
test_07069,1
test_07070,0
test_07071,0
test_07072,1
test_07073,1
test_07074,1
test_07075,1
test_07076,1
test_07077,0
test_07078,1
test_07079,1
test_07080,0
test_07081,0
test_07082,1
test_07083,0
test_07084,0
test_07085,0
test_07086,1
test_07087,0
test_07088,1
test_07089,1
test_07090,0
test_07091,0
test_07092,1
test_07093,0
test_07094,1
test_07095,0
test_07096,1
test_07097,0
test_07098,1
test_07099,0
test_07100,0
test_07101,1
test_07102,1
test_07103,0
test_07104,1
test_07105,0
test_07106,0
test_07107,0
test_07108,0
test_07109,0
test_07110,1
test_07111,0
test_07112,1
test_07113,0
test_07114,1
test_07115,1
test_07116,0
test_07117,0
test_07118,0
test_07119,0
test_07120,0
test_07121,1
test_07122,1
test_07123,0
test_07124,1
test_07125,1
test_07126,1
test_07127,1
test_07128,0
test_07129,0
test_07130,1
test_07131,1
test_07132,0
test_07133,0
test_07134,1
test_07135,0
test_07136,1
test_07137,1
test_07138,0
test_07139,1
test_07140,0
test_07141,1
test_07142,1
test_07143,0
test_07144,0
test_07145,1
test_07146,1
test_07147,1
test_07148,1
test_07149,0
test_07150,1
test_07151,1
test_07152,1
test_07153,1
test_07154,1
test_07155,0
test_07156,0
test_07157,0
test_07158,1
test_07159,0
test_07160,1
test_07161,0
test_07162,1
test_07163,1
test_07164,0
test_07165,1
test_07166,1
test_07167,0
test_07168,1
test_07169,0
test_07170,1
test_07171,0
test_07172,1
test_07173,1
test_07174,1
test_07175,1
test_07176,0
test_07177,0
test_07178,0
test_07179,1
test_07180,0
test_07181,1
test_07182,0
test_07183,0
test_07184,0
test_07185,1
test_07186,1
test_07187,0
test_07188,1
test_07189,0
test_07190,1
test_07191,0
test_07192,0
test_07193,0
test_07194,1
test_07195,1
test_07196,1
test_07197,1
test_07198,0
test_07199,0
test_07200,1
test_07201,1
test_07202,0
test_07203,1
test_07204,1
test_07205,0
test_07206,1
test_07207,1
test_07208,0
test_07209,1
test_07210,0
test_07211,1
test_07212,1
test_07213,0
test_07214,1
test_07215,1
test_07216,0
test_07217,0
test_07218,0
test_07219,1
test_07220,0
test_07221,1
test_07222,0
test_07223,0
test_07224,1
test_07225,1
test_07226,1
test_07227,1
test_07228,0
test_07229,0
test_07230,0
test_07231,0
test_07232,1
test_07233,1
test_07234,1
test_07235,1
test_07236,0
test_07237,1
test_07238,0
test_07239,1
test_07240,0
test_07241,0
test_07242,0
test_07243,0
test_07244,1
test_07245,1
test_07246,0
test_07247,1
test_07248,1
test_07249,0
test_07250,0
test_07251,0
test_07252,1
test_07253,0
test_07254,1
test_07255,1
test_07256,0
test_07257,1
test_07258,0
test_07259,0
test_07260,1
test_07261,0
test_07262,0
test_07263,1
test_07264,0
test_07265,1
test_07266,0
test_07267,1
test_07268,1
test_07269,1
test_07270,1
test_07271,1
test_07272,0
test_07273,1
test_07274,1
test_07275,0
test_07276,0
test_07277,1
test_07278,1
test_07279,0
test_07280,0
test_07281,0
test_07282,1
test_07283,0
test_07284,1
test_07285,1
test_07286,0
test_07287,0
test_07288,0
test_07289,0
test_07290,0
test_07291,1
test_07292,0
test_07293,0
test_07294,1
test_07295,1
test_07296,1
test_07297,1
test_07298,0
test_07299,0
test_07300,0
test_07301,1
test_07302,0
test_07303,0
test_07304,0
test_07305,1
test_07306,0
test_07307,0
test_07308,0
test_07309,0
test_07310,0
test_07311,0
test_07312,1
test_07313,0
test_07314,1
test_07315,1
test_07316,1
test_07317,1
test_07318,0
test_07319,1
test_07320,1
test_07321,0
test_07322,1
test_07323,0
test_07324,1
test_07325,0
test_07326,1
test_07327,1
test_07328,1
test_07329,0
test_07330,0
test_07331,0
test_07332,0
test_07333,1
test_07334,1
test_07335,1
test_07336,0
test_07337,1
test_07338,0
test_07339,0
test_07340,1
test_07341,0
test_07342,0
test_07343,1
test_07344,0
test_07345,0
test_07346,0
test_07347,0
test_07348,1
test_07349,0
test_07350,1
test_07351,0
test_07352,0
test_07353,0
test_07354,1
test_07355,1
test_07356,1
test_07357,1
test_07358,1
test_07359,0
test_07360,1
test_07361,1
test_07362,0
test_07363,1
test_07364,0
test_07365,1
test_07366,1
test_07367,0
test_07368,0
test_07369,0
test_07370,1
test_07371,0
test_07372,0
test_07373,1
test_07374,0
test_07375,0
test_07376,0
test_07377,0
test_07378,1
test_07379,0
test_07380,1
test_07381,0
test_07382,1
test_07383,1
test_07384,1
test_07385,0
test_07386,1
test_07387,0
test_07388,1
test_07389,0
test_07390,0
test_07391,1
test_07392,1
test_07393,1
test_07394,0
test_07395,1
test_07396,0
test_07397,1
test_07398,1
test_07399,1
test_07400,1
test_07401,0
test_07402,1
test_07403,0
test_07404,0
test_07405,1
test_07406,0
test_07407,0
test_07408,0
test_07409,1
test_07410,1
test_07411,1
test_07412,0
test_07413,1
test_07414,0
test_07415,0
test_07416,0
test_07417,0
test_07418,1
test_07419,0
test_07420,0
test_07421,1
test_07422,1
test_07423,1
test_07424,0
test_07425,0
test_07426,0
test_07427,1
test_07428,0
test_07429,1
test_07430,0
test_07431,1
test_07432,0
test_07433,0
test_07434,0
test_07435,0
test_07436,0
test_07437,1
test_07438,1
test_07439,0
test_07440,0
test_07441,0
test_07442,0
test_07443,1
test_07444,0
test_07445,0
test_07446,0
test_07447,0
test_07448,0
test_07449,1
test_07450,1
test_07451,1
test_07452,1
test_07453,0
test_07454,1
test_07455,1
test_07456,1
test_07457,1
test_07458,1
test_07459,1
test_07460,0
test_07461,1
test_07462,1
test_07463,0
test_07464,0
test_07465,1
test_07466,0
test_07467,1
test_07468,1
test_07469,0
test_07470,1
test_07471,0
test_07472,1
test_07473,0
test_07474,0
test_07475,0
test_07476,0
test_07477,0
test_07478,1
test_07479,1
test_07480,0
test_07481,0
test_07482,1
test_07483,1
test_07484,0
test_07485,1
test_07486,1
test_07487,0
test_07488,0
test_07489,1
test_07490,0
test_07491,0
test_07492,0
test_07493,1
test_07494,1
test_07495,1
test_07496,0
test_07497,0
test_07498,0
test_07499,0
test_07500,0
test_07501,0
test_07502,1
test_07503,0
test_07504,0
test_07505,1
test_07506,1
test_07507,0
test_07508,0
test_07509,1
test_07510,1
test_07511,1
test_07512,0
test_07513,1
test_07514,1
test_07515,1
test_07516,1
test_07517,1
test_07518,0
test_07519,0
test_07520,0
test_07521,0
test_07522,1
test_07523,0
test_07524,0
test_07525,0
test_07526,0
test_07527,0
test_07528,1
test_07529,0
test_07530,1
test_07531,1
test_07532,1
test_07533,0
test_07534,0
test_07535,0
test_07536,0
test_07537,0
test_07538,0
test_07539,1
test_07540,0
test_07541,0
test_07542,1
test_07543,0
test_07544,1
test_07545,0
test_07546,1
test_07547,1
test_07548,1
test_07549,1
test_07550,1
test_07551,1
test_07552,0
test_07553,1
test_07554,1
test_07555,0
test_07556,0
test_07557,1
test_07558,0
test_07559,1
test_07560,1
test_07561,0
test_07562,0
test_07563,1
test_07564,1
test_07565,1
test_07566,1
test_07567,0
test_07568,0
test_07569,1
test_07570,1
test_07571,0
test_07572,1
test_07573,1
test_07574,1
test_07575,0
test_07576,0
test_07577,0
test_07578,0
test_07579,0
test_07580,1
test_07581,0
test_07582,0
test_07583,1
test_07584,1
test_07585,1
test_07586,1
test_07587,1
test_07588,1
test_07589,0
test_07590,0
test_07591,1
test_07592,0
test_07593,1
test_07594,0
test_07595,0
test_07596,0
test_07597,1
test_07598,1
test_07599,1
test_07600,0
test_07601,0
test_07602,0
test_07603,1
test_07604,0
test_07605,0
test_07606,0
test_07607,0
test_07608,1
test_07609,1
test_07610,0
test_07611,0
test_07612,0
test_07613,0
test_07614,1
test_07615,1
test_07616,1
test_07617,1
test_07618,1
test_07619,0
test_07620,0
test_07621,0
test_07622,0
test_07623,1
test_07624,0
test_07625,0
test_07626,1
test_07627,1
test_07628,1
test_07629,0
test_07630,1
test_07631,0
test_07632,0
test_07633,0
test_07634,1
test_07635,1
test_07636,0
test_07637,1
test_07638,1
test_07639,0
test_07640,0
test_07641,1
test_07642,0
test_07643,1
test_07644,1
test_07645,0
test_07646,0
test_07647,1
test_07648,1
test_07649,1
test_07650,1
test_07651,1
test_07652,1
test_07653,1
test_07654,1
test_07655,1
test_07656,0
test_07657,1
test_07658,0
test_07659,1
test_07660,1
test_07661,1
test_07662,0
test_07663,1
test_07664,0
test_07665,0
test_07666,1
test_07667,0
test_07668,0
test_07669,1
test_07670,0
test_07671,0
test_07672,0
test_07673,0
test_07674,0
test_07675,0
test_07676,1
test_07677,0
test_07678,1
test_07679,0
test_07680,1
test_07681,0
test_07682,0
test_07683,1
test_07684,0
test_07685,0
test_07686,0
test_07687,0
test_07688,1
test_07689,1
test_07690,1
test_07691,0
test_07692,1
test_07693,1
test_07694,0
test_07695,0
test_07696,1
test_07697,1
test_07698,1
test_07699,0
test_07700,1
test_07701,0
test_07702,0
test_07703,1
test_07704,1
test_07705,0
test_07706,1
test_07707,1
test_07708,1
test_07709,0
test_07710,1
test_07711,1
test_07712,0
test_07713,0
test_07714,0
test_07715,1
test_07716,1
test_07717,0
test_07718,0
test_07719,0
test_07720,0
test_07721,0
test_07722,0
test_07723,1
test_07724,1
test_07725,1
test_07726,1
test_07727,0
test_07728,0
test_07729,1
test_07730,0
test_07731,0
test_07732,1
test_07733,1
test_07734,0
test_07735,0
test_07736,0
test_07737,1
test_07738,0
test_07739,0
test_07740,0
test_07741,0
test_07742,0
test_07743,1
test_07744,0
test_07745,1
test_07746,1
test_07747,1
test_07748,0
test_07749,1
test_07750,1
test_07751,1
test_07752,0
test_07753,0
test_07754,1
test_07755,1
test_07756,1
test_07757,0
test_07758,0
test_07759,1
test_07760,1
test_07761,1
test_07762,1
test_07763,1
test_07764,1
test_07765,1
test_07766,1
test_07767,0
test_07768,1
test_07769,0
test_07770,0
test_07771,1
test_07772,1
test_07773,1
test_07774,0
test_07775,0
test_07776,1
test_07777,1
test_07778,1
test_07779,1
test_07780,1
test_07781,0
test_07782,0
test_07783,0
test_07784,1
test_07785,0
test_07786,1
test_07787,1
test_07788,1
test_07789,1
test_07790,0
test_07791,1
test_07792,0
test_07793,0
test_07794,0
test_07795,1
test_07796,0
test_07797,0
test_07798,1
test_07799,1
test_07800,1
test_07801,0
test_07802,1
test_07803,1
test_07804,1
test_07805,0
test_07806,0
test_07807,0
test_07808,0
test_07809,0
test_07810,0
test_07811,1
test_07812,0
test_07813,1
test_07814,0
test_07815,0
test_07816,1
test_07817,1
test_07818,0
test_07819,1
test_07820,0
test_07821,1
test_07822,0
test_07823,0
test_07824,1
test_07825,1
test_07826,0
test_07827,1
test_07828,0
test_07829,1
test_07830,1
test_07831,1
test_07832,1
test_07833,1
test_07834,1
test_07835,0
test_07836,0
test_07837,0
test_07838,1
test_07839,1
test_07840,1
test_07841,0
test_07842,0
test_07843,0
test_07844,1
test_07845,1
test_07846,0
test_07847,1
test_07848,0
test_07849,1
test_07850,1
test_07851,1
test_07852,1
test_07853,0
test_07854,1
test_07855,0
test_07856,0
test_07857,0
test_07858,0
test_07859,1
test_07860,0
test_07861,1
test_07862,0
test_07863,1
test_07864,0
test_07865,1
test_07866,1
test_07867,0
test_07868,1
test_07869,1
test_07870,0
test_07871,1
test_07872,0
test_07873,0
test_07874,1
test_07875,0
test_07876,1
test_07877,0
test_07878,0
test_07879,0
test_07880,1
test_07881,1
test_07882,0
test_07883,1
test_07884,0
test_07885,1
test_07886,0
test_07887,1
test_07888,0
test_07889,1
test_07890,0
test_07891,1
test_07892,1
test_07893,1
test_07894,0
test_07895,1
test_07896,1
test_07897,0
test_07898,1
test_07899,1
test_07900,1
test_07901,1
test_07902,0
test_07903,0
test_07904,0
test_07905,1
test_07906,0
test_07907,0
test_07908,0
test_07909,1
test_07910,1
test_07911,1
test_07912,0
test_07913,0
test_07914,0
test_07915,0
test_07916,0
test_07917,0
test_07918,0
test_07919,0
test_07920,0
test_07921,1
test_07922,1
test_07923,1
test_07924,1
test_07925,0
test_07926,1
test_07927,1
test_07928,0
test_07929,0
test_07930,0
test_07931,0
test_07932,1
test_07933,1
test_07934,1
test_07935,0
test_07936,0
test_07937,0
test_07938,1
test_07939,0
test_07940,0
test_07941,0
test_07942,0
test_07943,1
test_07944,0
test_07945,0
test_07946,0
test_07947,1
test_07948,0
test_07949,1
test_07950,1
test_07951,0
test_07952,0
test_07953,0
test_07954,0
test_07955,0
test_07956,0
test_07957,0
test_07958,0
test_07959,1
test_07960,0
test_07961,1
test_07962,0
test_07963,0
test_07964,0
test_07965,0
test_07966,1
test_07967,1
test_07968,0
test_07969,0
test_07970,0
test_07971,0
test_07972,1
test_07973,0
test_07974,1
test_07975,0
test_07976,0
test_07977,0
test_07978,1
test_07979,0
test_07980,1
test_07981,0
test_07982,0
test_07983,0
test_07984,0
test_07985,1
test_07986,0
test_07987,0
test_07988,0
test_07989,0
test_07990,0
test_07991,1
test_07992,0
test_07993,1
test_07994,1
test_07995,0
test_07996,1
test_07997,1
test_07998,1
test_07999,1
test_08000,0
test_08001,0
test_08002,1
test_08003,0
test_08004,0
test_08005,1
test_08006,0
test_08007,0
test_08008,1
test_08009,0
test_08010,1
test_08011,1
test_08012,1
test_08013,0
test_08014,0
test_08015,0
test_08016,1
test_08017,0
test_08018,1
test_08019,1
test_08020,1
test_08021,0
test_08022,0
test_08023,0
test_08024,0
test_08025,1
test_08026,1
test_08027,0
test_08028,0
test_08029,1
test_08030,0
test_08031,0
test_08032,1
test_08033,0
test_08034,1
test_08035,0
test_08036,1
test_08037,1
test_08038,0
test_08039,1
test_08040,1
test_08041,1
test_08042,1
test_08043,0
test_08044,0
test_08045,0
test_08046,0
test_08047,0
test_08048,1
test_08049,1
test_08050,1
test_08051,0
test_08052,1
test_08053,1
test_08054,0
test_08055,1
test_08056,1
test_08057,0
test_08058,1
test_08059,1
test_08060,1
test_08061,1
test_08062,1
test_08063,1
test_08064,1
test_08065,1
test_08066,0
test_08067,1
test_08068,0
test_08069,1
test_08070,0
test_08071,1
test_08072,0
test_08073,1
test_08074,0
test_08075,1
test_08076,0
test_08077,0
test_08078,0
test_08079,0
test_08080,1
test_08081,0
test_08082,0
test_08083,1
test_08084,0
test_08085,0
test_08086,0
test_08087,1
test_08088,1
test_08089,0
test_08090,0
test_08091,1
test_08092,1
test_08093,0
test_08094,0
test_08095,0
test_08096,0
test_08097,1
test_08098,0
test_08099,0
test_08100,1
test_08101,0
test_08102,0
test_08103,1
test_08104,0
test_08105,1
test_08106,1
test_08107,0
test_08108,0
test_08109,1
test_08110,1
test_08111,0
test_08112,1
test_08113,0
test_08114,0
test_08115,0
test_08116,1
test_08117,0
test_08118,0
test_08119,0
test_08120,0
test_08121,0
test_08122,1
test_08123,0
test_08124,1
test_08125,1
test_08126,1
test_08127,0
test_08128,0
test_08129,0
test_08130,0
test_08131,1
test_08132,0
test_08133,1
test_08134,0
test_08135,0
test_08136,1
test_08137,0
test_08138,0
test_08139,1
test_08140,1
test_08141,1
test_08142,1
test_08143,0
test_08144,1
test_08145,0
test_08146,0
test_08147,0
test_08148,0
test_08149,0
test_08150,1
test_08151,1
test_08152,0
test_08153,1
test_08154,0
test_08155,0
test_08156,0
test_08157,0
test_08158,0
test_08159,1
test_08160,1
test_08161,0
test_08162,1
test_08163,1
test_08164,0
test_08165,0
test_08166,0
test_08167,1
test_08168,1
test_08169,1
test_08170,0
test_08171,1
test_08172,0
test_08173,0
test_08174,0
test_08175,1
test_08176,1
test_08177,1
test_08178,1
test_08179,1
test_08180,0
test_08181,0
test_08182,0
test_08183,1
test_08184,1
test_08185,1
test_08186,1
test_08187,0
test_08188,0
test_08189,0
test_08190,0
test_08191,1
test_08192,1
test_08193,1
test_08194,0
test_08195,0
test_08196,0
test_08197,1
test_08198,1
test_08199,0
test_08200,1
test_08201,0
test_08202,1
test_08203,1
test_08204,1
test_08205,1
test_08206,0
test_08207,1
test_08208,1
test_08209,0
test_08210,1
test_08211,1
test_08212,1
test_08213,1
test_08214,1
test_08215,0
test_08216,0
test_08217,1
test_08218,1
test_08219,1
test_08220,0
test_08221,0
test_08222,0
test_08223,0
test_08224,0
test_08225,0
test_08226,1
test_08227,1
test_08228,1
test_08229,0
test_08230,1
test_08231,0
test_08232,0
test_08233,0
test_08234,0
test_08235,0
test_08236,0
test_08237,1
test_08238,1
test_08239,0
test_08240,0
test_08241,1
test_08242,1
test_08243,0
test_08244,1
test_08245,0
test_08246,1
test_08247,1
test_08248,0
test_08249,1
test_08250,1
test_08251,0
test_08252,1
test_08253,0
test_08254,0
test_08255,0
test_08256,0
test_08257,0
test_08258,1
test_08259,1
test_08260,1
test_08261,1
test_08262,0
test_08263,1
test_08264,1
test_08265,1
test_08266,1
test_08267,0
test_08268,0
test_08269,0
test_08270,0
test_08271,1
test_08272,0
test_08273,1
test_08274,1
test_08275,1
test_08276,1
test_08277,0
test_08278,0
test_08279,1
test_08280,0
test_08281,1
test_08282,1
test_08283,1
test_08284,1
test_08285,1
test_08286,0
test_08287,0
test_08288,0
test_08289,0
test_08290,0
test_08291,1
test_08292,0
test_08293,1
test_08294,0
test_08295,1
test_08296,1
test_08297,1
test_08298,0
test_08299,0
test_08300,1
test_08301,1
test_08302,1
test_08303,1
test_08304,0
test_08305,0
test_08306,0
test_08307,0
test_08308,1
test_08309,0
test_08310,1
test_08311,1
test_08312,1
test_08313,1
test_08314,0
test_08315,1
test_08316,1
test_08317,1
test_08318,0
test_08319,0
test_08320,1
test_08321,1
test_08322,1
test_08323,1
test_08324,1
test_08325,1
test_08326,0
test_08327,0
test_08328,0
test_08329,1
test_08330,1
test_08331,1
test_08332,0
test_08333,0
test_08334,1
test_08335,0
test_08336,1
test_08337,1
test_08338,1
test_08339,0
test_08340,0
test_08341,1
test_08342,0
test_08343,1
test_08344,0
test_08345,1
test_08346,0
test_08347,0
test_08348,1
test_08349,0
test_08350,1
test_08351,1
test_08352,0
test_08353,1
test_08354,0
test_08355,0
test_08356,1
test_08357,0
test_08358,1
test_08359,1
test_08360,1
test_08361,1
test_08362,0
test_08363,1
test_08364,1
test_08365,0
test_08366,1
test_08367,1
test_08368,1
test_08369,0
test_08370,1
test_08371,0
test_08372,0
test_08373,1
test_08374,1
test_08375,0
test_08376,1
test_08377,0
test_08378,1
test_08379,1
test_08380,1
test_08381,1
test_08382,1
test_08383,0
test_08384,0
test_08385,0
test_08386,0
test_08387,0
test_08388,0
test_08389,1
test_08390,0
test_08391,1
test_08392,0
test_08393,1
test_08394,0
test_08395,0
test_08396,0
test_08397,0
test_08398,1
test_08399,0
test_08400,0
test_08401,0
test_08402,1
test_08403,0
test_08404,1
test_08405,1
test_08406,0
test_08407,1
test_08408,0
test_08409,0
test_08410,0
test_08411,1
test_08412,1
test_08413,0
test_08414,1
test_08415,0
test_08416,1
test_08417,1
test_08418,1
test_08419,0
test_08420,0
test_08421,0
test_08422,1
test_08423,1
test_08424,0
test_08425,0
test_08426,0
test_08427,1
test_08428,1
test_08429,0
test_08430,1
test_08431,0
test_08432,0
test_08433,0
test_08434,1
test_08435,0
test_08436,1
test_08437,0
test_08438,1
test_08439,0
test_08440,1
test_08441,0
test_08442,1
test_08443,0
test_08444,0
test_08445,1
test_08446,0
test_08447,0
test_08448,1
test_08449,1
test_08450,0
test_08451,1
test_08452,0
test_08453,0
test_08454,0
test_08455,0
test_08456,1
test_08457,1
test_08458,0
test_08459,1
test_08460,1
test_08461,0
test_08462,0
test_08463,1
test_08464,0
test_08465,1
test_08466,0
test_08467,0
test_08468,1
test_08469,0
test_08470,0
test_08471,0
test_08472,1
test_08473,0
test_08474,1
test_08475,0
test_08476,0
test_08477,1
test_08478,1
test_08479,0
test_08480,0
test_08481,1
test_08482,1
test_08483,0
test_08484,1
test_08485,0
test_08486,0
test_08487,1
test_08488,1
test_08489,1
test_08490,0
test_08491,1
test_08492,1
test_08493,0
test_08494,0
test_08495,0
test_08496,0
test_08497,0
test_08498,0
test_08499,1
test_08500,1
test_08501,0
test_08502,1
test_08503,0
test_08504,1
test_08505,0
test_08506,0
test_08507,0
test_08508,1
test_08509,1
test_08510,1
test_08511,0
test_08512,1
test_08513,1
test_08514,0
test_08515,1
test_08516,1
test_08517,1
test_08518,1
test_08519,1
test_08520,1
test_08521,0
test_08522,0
test_08523,0
test_08524,0
test_08525,0
test_08526,0
test_08527,0
test_08528,0
test_08529,1
test_08530,0
test_08531,0
test_08532,1
test_08533,0
test_08534,0
test_08535,1
test_08536,0
test_08537,1
test_08538,1
test_08539,0
test_08540,1
test_08541,0
test_08542,1
test_08543,0
test_08544,1
test_08545,1
test_08546,0
test_08547,1
test_08548,0
test_08549,0
test_08550,1
test_08551,1
test_08552,0
test_08553,1
test_08554,0
test_08555,1
test_08556,0
test_08557,0
test_08558,0
test_08559,1
test_08560,0
test_08561,1
test_08562,0
test_08563,0
test_08564,0
test_08565,1
test_08566,1
test_08567,0
test_08568,1
test_08569,0
test_08570,0
test_08571,0
test_08572,0
test_08573,1
test_08574,0
test_08575,0
test_08576,0
test_08577,1
test_08578,0
test_08579,1
test_08580,1
test_08581,1
test_08582,0
test_08583,0
test_08584,0
test_08585,0
test_08586,1
test_08587,0
test_08588,1
test_08589,0
test_08590,1
test_08591,0
test_08592,1
test_08593,0
test_08594,0
test_08595,1
test_08596,1
test_08597,1
test_08598,1
test_08599,1
test_08600,1
test_08601,1
test_08602,1
test_08603,1
test_08604,0
test_08605,0
test_08606,1
test_08607,1
test_08608,0
test_08609,0
test_08610,0
test_08611,0
test_08612,1
test_08613,0
test_08614,1
test_08615,0
test_08616,1
test_08617,0
test_08618,0
test_08619,1
test_08620,1
test_08621,1
test_08622,1
test_08623,1
test_08624,0
test_08625,1
test_08626,0
test_08627,0
test_08628,1
test_08629,0
test_08630,1
test_08631,1
test_08632,0
test_08633,1
test_08634,1
test_08635,1
test_08636,0
test_08637,1
test_08638,1
test_08639,0
test_08640,0
test_08641,1
test_08642,1
test_08643,0
test_08644,1
test_08645,0
test_08646,0
test_08647,0
test_08648,0
test_08649,1
test_08650,1
test_08651,1
test_08652,1
test_08653,1
test_08654,0
test_08655,0
test_08656,0
test_08657,1
test_08658,0
test_08659,0
test_08660,0
test_08661,1
test_08662,0
test_08663,0
test_08664,0
test_08665,0
test_08666,1
test_08667,1
test_08668,1
test_08669,1
test_08670,1
test_08671,0
test_08672,1
test_08673,1
test_08674,1
test_08675,0
test_08676,1
test_08677,1
test_08678,1
test_08679,1
test_08680,1
test_08681,0
test_08682,0
test_08683,1
test_08684,0
test_08685,0
test_08686,1
test_08687,0
test_08688,1
test_08689,1
test_08690,0
test_08691,1
test_08692,1
test_08693,0
test_08694,0
test_08695,1
test_08696,0
test_08697,0
test_08698,1
test_08699,0
test_08700,1
test_08701,1
test_08702,0
test_08703,0
test_08704,0
test_08705,0
test_08706,0
test_08707,1
test_08708,0
test_08709,1
test_08710,0
test_08711,1
test_08712,0
test_08713,1
test_08714,1
test_08715,0
test_08716,1
test_08717,1
test_08718,1
test_08719,0
test_08720,1
test_08721,1
test_08722,1
test_08723,1
test_08724,0
test_08725,1
test_08726,1
test_08727,0
test_08728,0
test_08729,1
test_08730,0
test_08731,0
test_08732,0
test_08733,0
test_08734,1
test_08735,0
test_08736,1
test_08737,0
test_08738,1
test_08739,0
test_08740,0
test_08741,0
test_08742,1
test_08743,0
test_08744,1
test_08745,1
test_08746,0
test_08747,1
test_08748,0
test_08749,0
test_08750,1
test_08751,0
test_08752,0
test_08753,1
test_08754,0
test_08755,1
test_08756,1
test_08757,1
test_08758,0
test_08759,0
test_08760,0
test_08761,1
test_08762,1
test_08763,0
test_08764,0
test_08765,0
test_08766,1
test_08767,0
test_08768,1
test_08769,0
test_08770,1
test_08771,1
test_08772,0
test_08773,0
test_08774,0
test_08775,1
test_08776,1
test_08777,0
test_08778,1
test_08779,0
test_08780,1
test_08781,1
test_08782,1
test_08783,1
test_08784,1
test_08785,0
test_08786,1
test_08787,0
test_08788,0
test_08789,1
test_08790,0
test_08791,0
test_08792,0
test_08793,0
test_08794,0
test_08795,1
test_08796,1
test_08797,0
test_08798,1
test_08799,1
test_08800,1
test_08801,1
test_08802,1
test_08803,1
test_08804,1
test_08805,1
test_08806,0
test_08807,0
test_08808,1
test_08809,1
test_08810,0
test_08811,1
test_08812,0
test_08813,1
test_08814,0
test_08815,0
test_08816,0
test_08817,1
test_08818,0
test_08819,1
test_08820,1
test_08821,1
test_08822,1
test_08823,0
test_08824,0
test_08825,0
test_08826,0
test_08827,1
test_08828,0
test_08829,0
test_08830,1
test_08831,0
test_08832,0
test_08833,1
test_08834,1
test_08835,1
test_08836,0
test_08837,0
test_08838,0
test_08839,1
test_08840,1
test_08841,0
test_08842,0
test_08843,0
test_08844,0
test_08845,0
test_08846,1
test_08847,1
test_08848,0
test_08849,0
test_08850,1
test_08851,0
test_08852,1
test_08853,1
test_08854,1
test_08855,1
test_08856,1
test_08857,1
test_08858,1
test_08859,0
test_08860,1
test_08861,1
test_08862,0
test_08863,0
test_08864,0
test_08865,0
test_08866,1
test_08867,1
test_08868,0
test_08869,0
test_08870,1
test_08871,1
test_08872,0
test_08873,1
test_08874,0
test_08875,1
test_08876,1
test_08877,0
test_08878,0
test_08879,0
test_08880,1
test_08881,1
test_08882,0
test_08883,0
test_08884,0
test_08885,0
test_08886,0
test_08887,0
test_08888,1
test_08889,1
test_08890,0
test_08891,1
test_08892,0
test_08893,0
test_08894,1
test_08895,0
test_08896,1
test_08897,0
test_08898,1
test_08899,0
test_08900,1
test_08901,1
test_08902,0
test_08903,1
test_08904,1
test_08905,1
test_08906,1
test_08907,1
test_08908,1
test_08909,0
test_08910,0
test_08911,1
test_08912,0
test_08913,0
test_08914,0
test_08915,1
test_08916,1
test_08917,1
test_08918,1
test_08919,1
test_08920,0
test_08921,1
test_08922,1
test_08923,0
test_08924,1
test_08925,1
test_08926,0
test_08927,0
test_08928,1
test_08929,1
test_08930,1
test_08931,0
test_08932,1
test_08933,1
test_08934,0
test_08935,1
test_08936,1
test_08937,1
test_08938,1
test_08939,0
test_08940,0
test_08941,0
test_08942,1
test_08943,1
test_08944,1
test_08945,1
test_08946,1
test_08947,0
test_08948,1
test_08949,0
test_08950,0
test_08951,1
test_08952,1
test_08953,1
test_08954,0
test_08955,1
test_08956,1
test_08957,1
test_08958,0
test_08959,0
test_08960,1
test_08961,0
test_08962,0
test_08963,0
test_08964,0
test_08965,0
test_08966,1
test_08967,0
test_08968,1
test_08969,0
test_08970,1
test_08971,0
test_08972,0
test_08973,1
test_08974,1
test_08975,0
test_08976,0
test_08977,1
test_08978,1
test_08979,0
test_08980,1
test_08981,1
test_08982,1
test_08983,0
test_08984,0
test_08985,0
test_08986,1
test_08987,0
test_08988,0
test_08989,1
test_08990,0
test_08991,0
test_08992,0
test_08993,0
test_08994,1
test_08995,0
test_08996,1
test_08997,1
test_08998,1
test_08999,1
test_09000,1
test_09001,0
test_09002,0
test_09003,1
test_09004,0
test_09005,1
test_09006,1
test_09007,0
test_09008,0
test_09009,1
test_09010,1
test_09011,0
test_09012,1
test_09013,1
test_09014,0
test_09015,1
test_09016,1
test_09017,0
test_09018,1
test_09019,1
test_09020,0
test_09021,1
test_09022,1
test_09023,0
test_09024,1
test_09025,1
test_09026,1
test_09027,0
test_09028,1
test_09029,0
test_09030,1
test_09031,0
test_09032,1
test_09033,1
test_09034,0
test_09035,0
test_09036,0
test_09037,0
test_09038,0
test_09039,0
test_09040,1
test_09041,1
test_09042,1
test_09043,0
test_09044,0
test_09045,0
test_09046,1
test_09047,0
test_09048,0
test_09049,1
test_09050,0
test_09051,1
test_09052,1
test_09053,1
test_09054,1
test_09055,1
test_09056,0
test_09057,0
test_09058,1
test_09059,0
test_09060,1
test_09061,0
test_09062,0
test_09063,1
test_09064,0
test_09065,1
test_09066,1
test_09067,1
test_09068,0
test_09069,0
test_09070,0
test_09071,0
test_09072,1
test_09073,1
test_09074,1
test_09075,1
test_09076,0
test_09077,1
test_09078,1
test_09079,1
test_09080,1
test_09081,1
test_09082,0
test_09083,1
test_09084,0
test_09085,1
test_09086,1
test_09087,0
test_09088,0
test_09089,0
test_09090,1
test_09091,0
test_09092,0
test_09093,0
test_09094,1
test_09095,1
test_09096,0
test_09097,0
test_09098,1
test_09099,0
test_09100,0
test_09101,0
test_09102,0
test_09103,0
test_09104,1
test_09105,0
test_09106,0
test_09107,0
test_09108,1
test_09109,0
test_09110,1
test_09111,1
test_09112,1
test_09113,1
test_09114,0
test_09115,0
test_09116,1
test_09117,0
test_09118,1
test_09119,0
test_09120,1
test_09121,0
test_09122,1
test_09123,0
test_09124,1
test_09125,1
test_09126,0
test_09127,1
test_09128,0
test_09129,0
test_09130,0
test_09131,0
test_09132,0
test_09133,0
test_09134,1
test_09135,1
test_09136,1
test_09137,1
test_09138,0
test_09139,1
test_09140,1
test_09141,0
test_09142,0
test_09143,0
test_09144,1
test_09145,1
test_09146,0
test_09147,0
test_09148,0
test_09149,1
test_09150,0
test_09151,0
test_09152,0
test_09153,1
test_09154,0
test_09155,1
test_09156,0
test_09157,0
test_09158,1
test_09159,0
test_09160,0
test_09161,1
test_09162,0
test_09163,1
test_09164,1
test_09165,0
test_09166,1
test_09167,0
test_09168,1
test_09169,1
test_09170,0
test_09171,1
test_09172,1
test_09173,1
test_09174,0
test_09175,0
test_09176,0
test_09177,1
test_09178,1
test_09179,0
test_09180,0
test_09181,1
test_09182,1
test_09183,0
test_09184,0
test_09185,0
test_09186,0
test_09187,1
test_09188,0
test_09189,0
test_09190,1
test_09191,1
test_09192,0
test_09193,1
test_09194,0
test_09195,1
test_09196,1
test_09197,0
test_09198,0
test_09199,1
test_09200,0
test_09201,1
test_09202,0
test_09203,1
test_09204,1
test_09205,0
test_09206,1
test_09207,0
test_09208,0
test_09209,0
test_09210,1
test_09211,1
test_09212,0
test_09213,1
test_09214,0
test_09215,1
test_09216,0
test_09217,0
test_09218,1
test_09219,1
test_09220,1
test_09221,1
test_09222,1
test_09223,1
test_09224,1
test_09225,1
test_09226,1
test_09227,0
test_09228,0
test_09229,0
test_09230,0
test_09231,1
test_09232,0
test_09233,0
test_09234,1
test_09235,0
test_09236,0
test_09237,1
test_09238,1
test_09239,0
test_09240,0
test_09241,1
test_09242,1
test_09243,0
test_09244,0
test_09245,1
test_09246,1
test_09247,1
test_09248,1
test_09249,1
test_09250,0
test_09251,0
test_09252,0
test_09253,1
test_09254,0
test_09255,0
test_09256,1
test_09257,0
test_09258,0
test_09259,0
test_09260,0
test_09261,0
test_09262,1
test_09263,1
test_09264,0
test_09265,1
test_09266,1
test_09267,0
test_09268,1
test_09269,0
test_09270,0
test_09271,1
test_09272,1
test_09273,1
test_09274,0
test_09275,0
test_09276,1
test_09277,1
test_09278,1
test_09279,0
test_09280,0
test_09281,0
test_09282,0
test_09283,0
test_09284,1
test_09285,0
test_09286,0
test_09287,1
test_09288,1
test_09289,1
test_09290,0
test_09291,1
test_09292,1
test_09293,0
test_09294,0
test_09295,0
test_09296,0
test_09297,0
test_09298,1
test_09299,0
test_09300,0
test_09301,0
test_09302,1
test_09303,1
test_09304,0
test_09305,1
test_09306,0
test_09307,0
test_09308,0
test_09309,1
test_09310,1
test_09311,1
test_09312,1
test_09313,1
test_09314,0
test_09315,0
test_09316,1
test_09317,1
test_09318,0
test_09319,0
test_09320,1
test_09321,1
test_09322,1
test_09323,1
test_09324,1
test_09325,1
test_09326,1
test_09327,0
test_09328,1
test_09329,1
test_09330,0
test_09331,1
test_09332,0
test_09333,1
test_09334,1
test_09335,0
test_09336,0
test_09337,0
test_09338,0
test_09339,0
test_09340,1
test_09341,0
test_09342,0
test_09343,0
test_09344,0
test_09345,0
test_09346,1
test_09347,0
test_09348,1
test_09349,0
test_09350,1
test_09351,1
test_09352,0
test_09353,0
test_09354,1
test_09355,1
test_09356,1
test_09357,1
test_09358,0
test_09359,0
test_09360,1
test_09361,0
test_09362,0
test_09363,0
test_09364,0
test_09365,0
test_09366,0
test_09367,0
test_09368,0
test_09369,1
test_09370,0
test_09371,0
test_09372,1
test_09373,0
test_09374,1
test_09375,0
test_09376,0
test_09377,1
test_09378,1
test_09379,1
test_09380,0
test_09381,1
test_09382,1
test_09383,1
test_09384,0
test_09385,1
test_09386,1
test_09387,1
test_09388,1
test_09389,1
test_09390,1
test_09391,0
test_09392,0
test_09393,0
test_09394,1
test_09395,0
test_09396,1
test_09397,0
test_09398,1
test_09399,0
test_09400,1
test_09401,1
test_09402,1
test_09403,0
test_09404,1
test_09405,0
test_09406,0
test_09407,1
test_09408,0
test_09409,0
test_09410,1
test_09411,1
test_09412,1
test_09413,1
test_09414,0
test_09415,1
test_09416,1
test_09417,0
test_09418,1
test_09419,1
test_09420,1
test_09421,0
test_09422,0
test_09423,1
test_09424,1
test_09425,0
test_09426,1
test_09427,0
test_09428,0
test_09429,1
test_09430,1
test_09431,1
test_09432,0
test_09433,1
test_09434,1
test_09435,1
test_09436,0
test_09437,0
test_09438,1
test_09439,1
test_09440,1
test_09441,0
test_09442,0
test_09443,1
test_09444,1
test_09445,1
test_09446,1
test_09447,0
test_09448,1
test_09449,1
test_09450,1
test_09451,0
test_09452,1
test_09453,1
test_09454,0
test_09455,1
test_09456,1
test_09457,0
test_09458,0
test_09459,1
test_09460,1
test_09461,1
test_09462,1
test_09463,0
test_09464,0
test_09465,1
test_09466,0
test_09467,0
test_09468,1
test_09469,0
test_09470,1
test_09471,0
test_09472,1
test_09473,0
test_09474,1
test_09475,1
test_09476,0
test_09477,0
test_09478,0
test_09479,0
test_09480,0
test_09481,0
test_09482,0
test_09483,1
test_09484,0
test_09485,0
test_09486,1
test_09487,1
test_09488,0
test_09489,0
test_09490,0
test_09491,0
test_09492,1
test_09493,0
test_09494,0
test_09495,0
test_09496,0
test_09497,0
test_09498,1
test_09499,1
test_09500,1
test_09501,1
test_09502,0
test_09503,1
test_09504,1
test_09505,1
test_09506,1
test_09507,1
test_09508,1
test_09509,0
test_09510,1
test_09511,0
test_09512,0
test_09513,0
test_09514,1
test_09515,0
test_09516,0
test_09517,0
test_09518,0
test_09519,1
test_09520,1
test_09521,1
test_09522,0
test_09523,0
test_09524,1
test_09525,1
test_09526,1
test_09527,1
test_09528,0
test_09529,1
test_09530,0
test_09531,0
test_09532,0
test_09533,1
test_09534,1
test_09535,0
test_09536,0
test_09537,1
test_09538,0
test_09539,1
test_09540,0
test_09541,0
test_09542,0
test_09543,1
test_09544,1
test_09545,0
test_09546,0
test_09547,0
test_09548,0
test_09549,1
test_09550,0
test_09551,0
test_09552,1
test_09553,0
test_09554,0
test_09555,0
test_09556,0
test_09557,0
test_09558,0
test_09559,1
test_09560,0
test_09561,0
test_09562,1
test_09563,0
test_09564,0
test_09565,1
test_09566,1
test_09567,1
test_09568,1
test_09569,0
test_09570,0
test_09571,1
test_09572,0
test_09573,1
test_09574,1
test_09575,1
test_09576,1
test_09577,0
test_09578,0
test_09579,1
test_09580,0
test_09581,1
test_09582,1
test_09583,0
test_09584,1
test_09585,0
test_09586,1
test_09587,0
test_09588,1
test_09589,1
test_09590,1
test_09591,1
test_09592,1
test_09593,1
test_09594,1
test_09595,1
test_09596,1
test_09597,1
test_09598,0
test_09599,0
test_09600,0
test_09601,1
test_09602,1
test_09603,0
test_09604,0
test_09605,1
test_09606,0
test_09607,0
test_09608,1
test_09609,1
test_09610,1
test_09611,0
test_09612,1
test_09613,0
test_09614,0
test_09615,0
test_09616,0
test_09617,1
test_09618,0
test_09619,0
test_09620,1
test_09621,1
test_09622,0
test_09623,1
test_09624,0
test_09625,1
test_09626,1
test_09627,0
test_09628,0
test_09629,1
test_09630,1
test_09631,0
test_09632,0
test_09633,1
test_09634,0
test_09635,1
test_09636,0
test_09637,1
test_09638,0
test_09639,1
test_09640,0
test_09641,0
test_09642,0
test_09643,1
test_09644,0
test_09645,1
test_09646,0
test_09647,0
test_09648,1
test_09649,0
test_09650,0
test_09651,0
test_09652,1
test_09653,0
test_09654,0
test_09655,0
test_09656,1
test_09657,0
test_09658,0
test_09659,1
test_09660,1
test_09661,1
test_09662,0
test_09663,1
test_09664,1
test_09665,1
test_09666,1
test_09667,0
test_09668,0
test_09669,1
test_09670,0
test_09671,0
test_09672,0
test_09673,0
test_09674,0
test_09675,0
test_09676,0
test_09677,0
test_09678,1
test_09679,0
test_09680,1
test_09681,1
test_09682,0
test_09683,0
test_09684,1
test_09685,1
test_09686,0
test_09687,0
test_09688,1
test_09689,0
test_09690,1
test_09691,1
test_09692,0
test_09693,1
test_09694,1
test_09695,0
test_09696,0
test_09697,1
test_09698,1
test_09699,0
test_09700,0
test_09701,1
test_09702,1
test_09703,1
test_09704,1
test_09705,1
test_09706,1
test_09707,1
test_09708,0
test_09709,0
test_09710,1
test_09711,0
test_09712,0
test_09713,1
test_09714,1
test_09715,0
test_09716,0
test_09717,1
test_09718,1
test_09719,0
test_09720,1
test_09721,0
test_09722,0
test_09723,1
test_09724,0
test_09725,0
test_09726,0
test_09727,1
test_09728,0
test_09729,0
test_09730,1
test_09731,0
test_09732,0
test_09733,0
test_09734,0
test_09735,0
test_09736,0
test_09737,1
test_09738,0
test_09739,0
test_09740,0
test_09741,0
test_09742,0
test_09743,1
test_09744,1
test_09745,1
test_09746,1
test_09747,1
test_09748,1
test_09749,1
test_09750,1
test_09751,1
test_09752,1
test_09753,1
test_09754,0
test_09755,0
test_09756,1
test_09757,1
test_09758,0
test_09759,1
test_09760,0
test_09761,1
test_09762,0
test_09763,1
test_09764,0
test_09765,0
test_09766,0
test_09767,0
test_09768,1
test_09769,0
test_09770,0
test_09771,1
test_09772,1
test_09773,1
test_09774,0
test_09775,0
test_09776,1
test_09777,1
test_09778,0
test_09779,1
test_09780,0
test_09781,1
test_09782,1
test_09783,1
test_09784,0
test_09785,1
test_09786,0
test_09787,0
test_09788,1
test_09789,0
test_09790,0
test_09791,1
test_09792,1
test_09793,1
test_09794,0
test_09795,1
test_09796,1
test_09797,0
test_09798,1
test_09799,1
test_09800,1
test_09801,0
test_09802,1
test_09803,1
test_09804,1
test_09805,0
test_09806,1
test_09807,1
test_09808,1
test_09809,0
test_09810,1
test_09811,0
test_09812,1
test_09813,0
test_09814,1
test_09815,0
test_09816,0
test_09817,0
test_09818,1
test_09819,1
test_09820,1
test_09821,0
test_09822,1
test_09823,1
test_09824,1
test_09825,1
test_09826,1
test_09827,0
test_09828,1
test_09829,1
test_09830,1
test_09831,1
test_09832,1
test_09833,1
test_09834,1
test_09835,0
test_09836,1
test_09837,1
test_09838,1
test_09839,1
test_09840,0
test_09841,1
test_09842,0
test_09843,0
test_09844,0
test_09845,0
test_09846,1
test_09847,0
test_09848,0
test_09849,1
test_09850,1
test_09851,1
test_09852,1
test_09853,1
test_09854,1
test_09855,0
test_09856,0
test_09857,1
test_09858,1
test_09859,0
test_09860,1
test_09861,1
test_09862,0
test_09863,1
test_09864,1
test_09865,0
test_09866,1
test_09867,0
test_09868,1
test_09869,1
test_09870,0
test_09871,0
test_09872,1
test_09873,1
test_09874,0
test_09875,1
test_09876,0
test_09877,1
test_09878,0
test_09879,0
test_09880,0
test_09881,1
test_09882,0
test_09883,0
test_09884,1
test_09885,1
test_09886,0
test_09887,0
test_09888,1
test_09889,1
test_09890,0
test_09891,1
test_09892,1
test_09893,0
test_09894,1
test_09895,0
test_09896,0
test_09897,1
test_09898,1
test_09899,1
test_09900,0
test_09901,0
test_09902,1
test_09903,0
test_09904,0
test_09905,1
test_09906,0
test_09907,1
test_09908,0
test_09909,0
test_09910,0
test_09911,0
test_09912,0
test_09913,0
test_09914,0
test_09915,0
test_09916,1
test_09917,0
test_09918,0
test_09919,0
test_09920,0
test_09921,1
test_09922,0
test_09923,1
test_09924,1
test_09925,1
test_09926,1
test_09927,0
test_09928,0
test_09929,1
test_09930,1
test_09931,1
test_09932,1
test_09933,0
test_09934,0
test_09935,1
test_09936,1
test_09937,1
test_09938,1
test_09939,0
test_09940,1
test_09941,1
test_09942,1
test_09943,1
test_09944,1
test_09945,1
test_09946,0
test_09947,1
test_09948,1
test_09949,0
test_09950,0
test_09951,1
test_09952,1
test_09953,0
test_09954,0
test_09955,0
test_09956,1
test_09957,0
test_09958,1
test_09959,1
test_09960,1
test_09961,0
test_09962,1
test_09963,1
test_09964,0
test_09965,0
test_09966,1
test_09967,0
test_09968,0
test_09969,1
test_09970,0
test_09971,0
test_09972,0
test_09973,0
test_09974,1
test_09975,0
test_09976,0
test_09977,0
test_09978,1
test_09979,0
test_09980,1
test_09981,1
test_09982,1
test_09983,1
test_09984,0
test_09985,0
test_09986,0
test_09987,0
test_09988,1
test_09989,1
test_09990,0
test_09991,1
test_09992,0
test_09993,0
test_09994,1
test_09995,1
test_09996,1
test_09997,0
test_09998,0
test_09999,1
test_10000,1
test_10001,1
test_10002,1
test_10003,1
test_10004,1
test_10005,0
test_10006,1
test_10007,0
test_10008,1
test_10009,0
test_10010,1
test_10011,1
test_10012,0
test_10013,0
test_10014,0
test_10015,0
test_10016,1
test_10017,1
test_10018,1
test_10019,0
test_10020,0
test_10021,0
test_10022,0
test_10023,0
test_10024,1
test_10025,0
test_10026,1
test_10027,0
test_10028,0
test_10029,1
test_10030,1
test_10031,1
test_10032,0
test_10033,0
test_10034,0
test_10035,1
test_10036,1
test_10037,1
test_10038,1
test_10039,0
test_10040,1
test_10041,1
test_10042,0
test_10043,1
test_10044,1
test_10045,1
test_10046,1
test_10047,1
test_10048,0
test_10049,1
test_10050,1
test_10051,1
test_10052,1
test_10053,0
test_10054,1
test_10055,0
test_10056,1
test_10057,1
test_10058,1
test_10059,1
test_10060,1
test_10061,0
test_10062,0
test_10063,1
test_10064,0
test_10065,0
test_10066,1
test_10067,0
test_10068,0
test_10069,0
test_10070,1
test_10071,1
test_10072,0
test_10073,1
test_10074,0
test_10075,1
test_10076,0
test_10077,1
test_10078,0
test_10079,1
test_10080,0
test_10081,0
test_10082,1
test_10083,1
test_10084,1
test_10085,1
test_10086,1
test_10087,1
test_10088,1
test_10089,0
test_10090,1
test_10091,1
test_10092,1
test_10093,0
test_10094,1
test_10095,1
test_10096,0
test_10097,1
test_10098,0
test_10099,0
test_10100,1
test_10101,1
test_10102,0
test_10103,0
test_10104,1
test_10105,1
test_10106,0
test_10107,0
test_10108,1
test_10109,0
test_10110,0
test_10111,0
test_10112,0
test_10113,1
test_10114,0
test_10115,0
test_10116,0
test_10117,0
test_10118,1
test_10119,1
test_10120,0
test_10121,1
test_10122,0
test_10123,1
test_10124,0
test_10125,0
test_10126,0
test_10127,0
test_10128,0
test_10129,1
test_10130,1
test_10131,0
test_10132,0
test_10133,0
test_10134,0
test_10135,0
test_10136,0
test_10137,0
test_10138,1
test_10139,0
test_10140,0
test_10141,0
test_10142,0
test_10143,0
test_10144,0
test_10145,0
test_10146,0
test_10147,1
test_10148,1
test_10149,0
test_10150,1
test_10151,0
test_10152,0
test_10153,1
test_10154,1
test_10155,0
test_10156,1
test_10157,1
test_10158,0
test_10159,1
test_10160,0
test_10161,1
test_10162,1
test_10163,1
test_10164,0
test_10165,0
test_10166,1
test_10167,1
test_10168,1
test_10169,1
test_10170,0
test_10171,0
test_10172,1
test_10173,1
test_10174,1
test_10175,0
test_10176,0
test_10177,0
test_10178,1
test_10179,0
test_10180,1
test_10181,0
test_10182,1
test_10183,0
test_10184,0
test_10185,1
test_10186,0
test_10187,1
test_10188,1
test_10189,1
test_10190,1
test_10191,0
test_10192,0
test_10193,0
test_10194,1
test_10195,1
test_10196,0
test_10197,1
test_10198,1
test_10199,0
test_10200,0
test_10201,0
test_10202,1
test_10203,1
test_10204,0
test_10205,1
test_10206,0
test_10207,0
test_10208,0
test_10209,1
test_10210,1
test_10211,0
test_10212,1
test_10213,0
test_10214,1
test_10215,0
test_10216,1
test_10217,1
test_10218,1
test_10219,1
test_10220,1
test_10221,0
test_10222,1
test_10223,1
test_10224,1
test_10225,0
test_10226,0
test_10227,0
test_10228,1
test_10229,0
test_10230,0
test_10231,1
test_10232,1
test_10233,1
test_10234,0
test_10235,0
test_10236,1
test_10237,1
test_10238,0
test_10239,1
test_10240,1
test_10241,1
test_10242,1
test_10243,1
test_10244,1
test_10245,1
test_10246,1
test_10247,1
test_10248,1
test_10249,0
test_10250,0
test_10251,1
test_10252,0
test_10253,1
test_10254,0
test_10255,0
test_10256,0
test_10257,0
test_10258,0
test_10259,0
test_10260,1
test_10261,1
test_10262,1
test_10263,1
test_10264,0
test_10265,0
test_10266,0
test_10267,1
test_10268,1
test_10269,0
test_10270,0
test_10271,0
test_10272,0
test_10273,1
test_10274,0
test_10275,1
test_10276,1
test_10277,1
test_10278,1
test_10279,0
test_10280,1
test_10281,0
test_10282,1
test_10283,0
test_10284,0
test_10285,1
test_10286,0
test_10287,1
test_10288,1
test_10289,1
test_10290,1
test_10291,1
test_10292,1
test_10293,1
test_10294,1
test_10295,1
test_10296,1
test_10297,1
test_10298,0
test_10299,0
test_10300,0
test_10301,0
test_10302,1
test_10303,1
test_10304,1
test_10305,1
test_10306,0
test_10307,0
test_10308,0
test_10309,1
test_10310,0
test_10311,0
test_10312,0
test_10313,0
test_10314,1
test_10315,0
test_10316,1
test_10317,0
test_10318,0
test_10319,1
test_10320,1
test_10321,1
test_10322,1
test_10323,0
test_10324,0
test_10325,1
test_10326,1
test_10327,1
test_10328,0
test_10329,1
test_10330,0
test_10331,1
test_10332,1
test_10333,1
test_10334,0
test_10335,0
test_10336,0
test_10337,0
test_10338,1
test_10339,1
test_10340,1
test_10341,0
test_10342,1
test_10343,0
test_10344,1
test_10345,0
test_10346,1
test_10347,1
test_10348,1
test_10349,1
test_10350,1
test_10351,0
test_10352,0
test_10353,0
test_10354,1
test_10355,1
test_10356,0
test_10357,0
test_10358,1
test_10359,0
test_10360,0
test_10361,1
test_10362,1
test_10363,1
test_10364,0
test_10365,0
test_10366,0
test_10367,0
test_10368,0
test_10369,1
test_10370,1
test_10371,1
test_10372,0
test_10373,1
test_10374,0
test_10375,0
test_10376,1
test_10377,0
test_10378,0
test_10379,1
test_10380,1
test_10381,0
test_10382,1
test_10383,1
test_10384,0
test_10385,0
test_10386,0
test_10387,1
test_10388,0
test_10389,0
test_10390,0
test_10391,0
test_10392,0
test_10393,0
test_10394,1
test_10395,1
test_10396,0
test_10397,0
test_10398,1
test_10399,0
test_10400,1
test_10401,0
test_10402,0
test_10403,0
test_10404,0
test_10405,0
test_10406,1
test_10407,1
test_10408,1
test_10409,0
test_10410,0
test_10411,1
test_10412,0
test_10413,0
test_10414,0
test_10415,0
test_10416,0
test_10417,1
test_10418,1
test_10419,1
test_10420,1
test_10421,1
test_10422,0
test_10423,1
test_10424,1
test_10425,0
test_10426,1
test_10427,1
test_10428,0
test_10429,1
test_10430,0
test_10431,0
test_10432,0
test_10433,1
test_10434,1
test_10435,0
test_10436,1
test_10437,0
test_10438,1
test_10439,1
test_10440,0
test_10441,1
test_10442,1
test_10443,1
test_10444,1
test_10445,0
test_10446,1
test_10447,1
test_10448,0
test_10449,1
test_10450,1
test_10451,1
test_10452,1
test_10453,1
test_10454,0
test_10455,1
test_10456,0
test_10457,1
test_10458,1
test_10459,0
test_10460,0
test_10461,1
test_10462,1
test_10463,0
test_10464,0
test_10465,0
test_10466,1
test_10467,1
test_10468,1
test_10469,1
test_10470,1
test_10471,0
test_10472,1
test_10473,1
test_10474,1
test_10475,1
test_10476,0
test_10477,0
test_10478,0
test_10479,1
test_10480,1
test_10481,1
test_10482,0
test_10483,1
test_10484,1
test_10485,0
test_10486,0
test_10487,1
test_10488,0
test_10489,0
test_10490,1
test_10491,0
test_10492,0
test_10493,1
test_10494,0
test_10495,1
test_10496,1
test_10497,0
test_10498,0
test_10499,1
test_10500,1
test_10501,0
test_10502,1
test_10503,1
test_10504,0
test_10505,1
test_10506,1
test_10507,0
test_10508,0
test_10509,1
test_10510,1
test_10511,0
test_10512,0
test_10513,1
test_10514,1
test_10515,0
test_10516,0
test_10517,0
test_10518,0
test_10519,0
test_10520,1
test_10521,1
test_10522,0
test_10523,1
test_10524,0
test_10525,1
test_10526,1
test_10527,0
test_10528,1
test_10529,1
test_10530,1
test_10531,1
test_10532,0
test_10533,1
test_10534,1
test_10535,0
test_10536,1
test_10537,1
test_10538,0
test_10539,1
test_10540,0
test_10541,0
test_10542,1
test_10543,1
test_10544,0
test_10545,0
test_10546,0
test_10547,1
test_10548,0
test_10549,1
test_10550,1
test_10551,0
test_10552,1
test_10553,0
test_10554,1
test_10555,1
test_10556,0
test_10557,0
test_10558,0
test_10559,1
test_10560,1
test_10561,1
test_10562,1
test_10563,1
test_10564,1
test_10565,1
test_10566,1
test_10567,0
test_10568,1
test_10569,1
test_10570,1
test_10571,1
test_10572,1
test_10573,1
test_10574,1
test_10575,1
test_10576,1
test_10577,0
test_10578,0
test_10579,0
test_10580,0
test_10581,0
test_10582,1
test_10583,0
test_10584,1
test_10585,0
test_10586,0
test_10587,0
test_10588,0
test_10589,0
test_10590,0
test_10591,0
test_10592,0
test_10593,1
test_10594,1
test_10595,0
test_10596,1
test_10597,0
test_10598,1
test_10599,1
test_10600,0
test_10601,0
test_10602,1
test_10603,1
test_10604,1
test_10605,1
test_10606,1
test_10607,0
test_10608,0
test_10609,1
test_10610,0
test_10611,1
test_10612,0
test_10613,0
test_10614,0
test_10615,1
test_10616,1
test_10617,1
test_10618,1
test_10619,1
test_10620,1
test_10621,1
test_10622,1
test_10623,0
test_10624,0
test_10625,0
test_10626,0
test_10627,1
test_10628,1
test_10629,1
test_10630,1
test_10631,1
test_10632,0
test_10633,1
test_10634,1
test_10635,0
test_10636,1
test_10637,1
test_10638,0
test_10639,1
test_10640,0
test_10641,1
test_10642,1
test_10643,1
test_10644,1
test_10645,1
test_10646,0
test_10647,0
test_10648,0
test_10649,1
test_10650,1
test_10651,0
test_10652,0
test_10653,1
test_10654,0
test_10655,0
test_10656,1
test_10657,0
test_10658,1
test_10659,1
test_10660,1
test_10661,1
test_10662,0
test_10663,0
test_10664,1
test_10665,1
test_10666,1
test_10667,1
test_10668,0
test_10669,1
test_10670,0
test_10671,0
test_10672,0
test_10673,1
test_10674,0
test_10675,0
test_10676,1
test_10677,1
test_10678,0
test_10679,1
test_10680,0
test_10681,1
test_10682,1
test_10683,0
test_10684,0
test_10685,1
test_10686,1
test_10687,1
test_10688,0
test_10689,0
test_10690,1
test_10691,0
test_10692,0
test_10693,0
test_10694,0
test_10695,1
test_10696,0
test_10697,0
test_10698,1
test_10699,1
test_10700,0
test_10701,1
test_10702,0
test_10703,1
test_10704,1
test_10705,0
test_10706,0
test_10707,1
test_10708,1
test_10709,1
test_10710,1
test_10711,1
test_10712,1
test_10713,0
test_10714,1
test_10715,1
test_10716,1
test_10717,1
test_10718,1
test_10719,1
test_10720,1
test_10721,0
test_10722,1
test_10723,0
test_10724,0
test_10725,0
test_10726,0
test_10727,0
test_10728,0
test_10729,0
test_10730,0
test_10731,0
test_10732,1
test_10733,0
test_10734,0
test_10735,1
test_10736,0
test_10737,0
test_10738,1
test_10739,1
test_10740,1
test_10741,1
test_10742,1
test_10743,1
test_10744,0
test_10745,0
test_10746,0
test_10747,1
test_10748,1
test_10749,1
test_10750,1
test_10751,0
test_10752,1
test_10753,1
test_10754,1
test_10755,0
test_10756,1
test_10757,0
test_10758,0
test_10759,0
test_10760,0
test_10761,0
test_10762,1
test_10763,1
test_10764,1
test_10765,0
test_10766,1
test_10767,1
test_10768,1
test_10769,0
test_10770,0
test_10771,1
test_10772,0
test_10773,1
test_10774,1
test_10775,0
test_10776,0
test_10777,0
test_10778,1
test_10779,1
test_10780,1
test_10781,1
test_10782,1
test_10783,0
test_10784,0
test_10785,1
test_10786,1
test_10787,1
test_10788,0
test_10789,0
test_10790,0
test_10791,0
test_10792,1
test_10793,1
test_10794,0
test_10795,0
test_10796,1
test_10797,0
test_10798,0
test_10799,0
test_10800,1
test_10801,0
test_10802,0
test_10803,0
test_10804,1
test_10805,0
test_10806,1
test_10807,1
test_10808,1
test_10809,1
test_10810,1
test_10811,1
test_10812,1
test_10813,0
test_10814,0
test_10815,1
test_10816,0
test_10817,0
test_10818,1
test_10819,1
test_10820,0
test_10821,0
test_10822,1
test_10823,0
test_10824,0
test_10825,1
test_10826,1
test_10827,0
test_10828,1
test_10829,0
test_10830,1
test_10831,0
test_10832,0
test_10833,0
test_10834,1
test_10835,0
test_10836,0
test_10837,0
test_10838,1
test_10839,0
test_10840,1
test_10841,0
test_10842,0
test_10843,0
test_10844,0
test_10845,0
test_10846,1
test_10847,0
test_10848,0
test_10849,0
test_10850,0
test_10851,0
test_10852,0
test_10853,0
test_10854,1
test_10855,0
test_10856,0
test_10857,1
test_10858,0
test_10859,1
test_10860,0
test_10861,0
test_10862,0
test_10863,1
test_10864,1
test_10865,1
test_10866,1
test_10867,1
test_10868,0
test_10869,0
test_10870,0
test_10871,0
test_10872,1
test_10873,1
test_10874,0
test_10875,1
test_10876,0
test_10877,1
test_10878,0
test_10879,0
test_10880,1
test_10881,0
test_10882,0
test_10883,1
test_10884,1
test_10885,0
test_10886,1
test_10887,1
test_10888,1
test_10889,0
test_10890,0
test_10891,0
test_10892,1
test_10893,0
test_10894,0
test_10895,1
test_10896,0
test_10897,0
test_10898,1
test_10899,1
test_10900,0
test_10901,1
test_10902,1
test_10903,1
test_10904,1
test_10905,1
test_10906,1
test_10907,0
test_10908,0
test_10909,1
test_10910,0
test_10911,0
test_10912,1
test_10913,0
test_10914,1
test_10915,1
test_10916,0
test_10917,0
test_10918,0
test_10919,0
test_10920,1
test_10921,1
test_10922,1
test_10923,1
test_10924,1
test_10925,0
test_10926,0
test_10927,1
test_10928,0
test_10929,0
test_10930,1
test_10931,0
test_10932,1
test_10933,1
test_10934,0
test_10935,0
test_10936,0
test_10937,1
test_10938,0
test_10939,1
test_10940,0
test_10941,0
test_10942,1
test_10943,0
test_10944,1
test_10945,0
test_10946,0
test_10947,1
test_10948,0
test_10949,0
test_10950,0
test_10951,1
test_10952,0
test_10953,1
test_10954,1
test_10955,1
test_10956,0
test_10957,0
test_10958,0
test_10959,0
test_10960,1
test_10961,1
test_10962,0
test_10963,0
test_10964,0
test_10965,0
test_10966,0
test_10967,1
test_10968,0
test_10969,1
test_10970,0
test_10971,1
test_10972,0
test_10973,0
test_10974,0
test_10975,1
test_10976,1
test_10977,1
test_10978,1
test_10979,0
test_10980,1
test_10981,1
test_10982,1
test_10983,0
test_10984,1
test_10985,1
test_10986,0
test_10987,1
test_10988,0
test_10989,0
test_10990,0
test_10991,0
test_10992,1
test_10993,1
test_10994,0
test_10995,0
test_10996,1
test_10997,1
test_10998,0
test_10999,0
test_11000,0
test_11001,1
test_11002,0
test_11003,0
test_11004,1
test_11005,1
test_11006,0
test_11007,0
test_11008,0
test_11009,0
test_11010,1
test_11011,1
test_11012,0
test_11013,1
test_11014,1
test_11015,1
test_11016,0
test_11017,0
test_11018,1
test_11019,0
test_11020,0
test_11021,1
test_11022,1
test_11023,0
test_11024,1
test_11025,0
test_11026,1
test_11027,1
test_11028,1
test_11029,1
test_11030,1
test_11031,0
test_11032,0
test_11033,0
test_11034,0
test_11035,1
test_11036,1
test_11037,0
test_11038,1
test_11039,0
test_11040,1
test_11041,0
test_11042,0
test_11043,1
test_11044,1
test_11045,1
test_11046,1
test_11047,1
test_11048,1
test_11049,1
test_11050,0
test_11051,1
test_11052,1
test_11053,1
test_11054,1
test_11055,0
test_11056,1
test_11057,0
test_11058,1
test_11059,0
test_11060,1
test_11061,0
test_11062,1
test_11063,0
test_11064,1
test_11065,1
test_11066,1
test_11067,0
test_11068,0
test_11069,1
test_11070,1
test_11071,1
test_11072,0
test_11073,0
test_11074,0
test_11075,1
test_11076,1
test_11077,0
test_11078,0
test_11079,1
test_11080,0
test_11081,0
test_11082,0
test_11083,0
test_11084,1
test_11085,0
test_11086,0
test_11087,1
test_11088,0
test_11089,0
test_11090,1
test_11091,1
test_11092,0
test_11093,1
test_11094,1
test_11095,1
test_11096,0
test_11097,1
test_11098,0
test_11099,1
test_11100,1
test_11101,0
test_11102,1
test_11103,1
test_11104,1
test_11105,0
test_11106,1
test_11107,1
test_11108,1
test_11109,0
test_11110,1
test_11111,1
test_11112,0
test_11113,0
test_11114,0
test_11115,1
test_11116,1
test_11117,0
test_11118,1
test_11119,1
test_11120,0
test_11121,1
test_11122,1
test_11123,1
test_11124,1
test_11125,1
test_11126,1
test_11127,1
test_11128,0
test_11129,1
test_11130,1
test_11131,0
test_11132,1
test_11133,0
test_11134,0
test_11135,1
test_11136,1
test_11137,0
test_11138,1
test_11139,0
test_11140,1
test_11141,0
test_11142,0
test_11143,1
test_11144,1
test_11145,0
test_11146,0
test_11147,1
test_11148,0
test_11149,0
test_11150,1
test_11151,0
test_11152,1
test_11153,1
test_11154,1
test_11155,0
test_11156,1
test_11157,1
test_11158,0
test_11159,0
test_11160,1
test_11161,1
test_11162,0
test_11163,0
test_11164,0
test_11165,1
test_11166,0
test_11167,0
test_11168,0
test_11169,1
test_11170,1
test_11171,0
test_11172,1
test_11173,1
test_11174,0
test_11175,0
test_11176,0
test_11177,0
test_11178,0
test_11179,0
test_11180,0
test_11181,1
test_11182,0
test_11183,0
test_11184,1
test_11185,1
test_11186,0
test_11187,0
test_11188,1
test_11189,0
test_11190,0
test_11191,1
test_11192,0
test_11193,0
test_11194,1
test_11195,1
test_11196,1
test_11197,1
test_11198,1
test_11199,0
test_11200,0
test_11201,0
test_11202,1
test_11203,1
test_11204,0
test_11205,0
test_11206,1
test_11207,0
test_11208,1
test_11209,0
test_11210,1
test_11211,0
test_11212,1
test_11213,0
test_11214,0
test_11215,0
test_11216,0
test_11217,1
test_11218,1
test_11219,0
test_11220,1
test_11221,0
test_11222,0
test_11223,0
test_11224,1
test_11225,0
test_11226,0
test_11227,1
test_11228,1
test_11229,1
test_11230,0
test_11231,1
test_11232,0
test_11233,1
test_11234,1
test_11235,1
test_11236,1
test_11237,0
test_11238,1
test_11239,1
test_11240,1
test_11241,0
test_11242,1
test_11243,1
test_11244,0
test_11245,0
test_11246,1
test_11247,0
test_11248,1
test_11249,0
test_11250,1
test_11251,1
test_11252,0
test_11253,0
test_11254,1
test_11255,0
test_11256,1
test_11257,1
test_11258,1
test_11259,0
test_11260,0
test_11261,0
test_11262,1
test_11263,1
test_11264,0
test_11265,1
test_11266,0
test_11267,0
test_11268,1
test_11269,0
test_11270,1
test_11271,1
test_11272,0
test_11273,1
test_11274,1
test_11275,1
test_11276,0
test_11277,1
test_11278,0
test_11279,1
test_11280,1
test_11281,1
test_11282,1
test_11283,0
test_11284,0
test_11285,0
test_11286,0
test_11287,1
test_11288,1
test_11289,0
test_11290,0
test_11291,1
test_11292,1
test_11293,0
test_11294,1
test_11295,1
test_11296,0
test_11297,1
test_11298,0
test_11299,1
test_11300,1
test_11301,1
test_11302,0
test_11303,1
test_11304,1
test_11305,0
test_11306,1
test_11307,1
test_11308,1
test_11309,0
test_11310,0
test_11311,0
test_11312,1
test_11313,0
test_11314,1
test_11315,1
test_11316,0
test_11317,0
test_11318,1
test_11319,0
test_11320,0
test_11321,0
test_11322,0
test_11323,0
test_11324,0
test_11325,0
test_11326,0
test_11327,0
test_11328,1
test_11329,0
test_11330,1
test_11331,0
test_11332,1
test_11333,1
test_11334,0
test_11335,1
test_11336,1
test_11337,1
test_11338,0
test_11339,1
test_11340,1
test_11341,1
test_11342,0
test_11343,1
test_11344,0
test_11345,1
test_11346,0
test_11347,0
test_11348,1
test_11349,0
test_11350,0
test_11351,0
test_11352,0
test_11353,1
test_11354,0
test_11355,0
test_11356,0
test_11357,0
test_11358,0
test_11359,0
test_11360,0
test_11361,0
test_11362,0
test_11363,0
test_11364,0
test_11365,0
test_11366,1
test_11367,0
test_11368,0
test_11369,0
test_11370,1
test_11371,0
test_11372,0
test_11373,0
test_11374,1
test_11375,0
test_11376,0
test_11377,1
test_11378,0
test_11379,0
test_11380,0
test_11381,0
test_11382,1
test_11383,0
test_11384,0
test_11385,1
test_11386,1
test_11387,1
test_11388,0
test_11389,0
test_11390,1
test_11391,1
test_11392,1
test_11393,0
test_11394,1
test_11395,0
test_11396,1
test_11397,0
test_11398,1
test_11399,0
test_11400,0
test_11401,1
test_11402,1
test_11403,0
test_11404,1
test_11405,1
test_11406,0
test_11407,0
test_11408,0
test_11409,0
test_11410,0
test_11411,0
test_11412,1
test_11413,0
test_11414,0
test_11415,1
test_11416,0
test_11417,1
test_11418,0
test_11419,1
test_11420,0
test_11421,0
test_11422,0
test_11423,0
test_11424,1
test_11425,0
test_11426,0
test_11427,1
test_11428,0
test_11429,1
test_11430,0
test_11431,1
test_11432,1
test_11433,0
test_11434,1
test_11435,1
test_11436,1
test_11437,1
test_11438,0
test_11439,0
test_11440,0
test_11441,0
test_11442,0
test_11443,1
test_11444,0
test_11445,0
test_11446,0
test_11447,1
test_11448,1
test_11449,1
test_11450,1
test_11451,1
test_11452,0
test_11453,0
test_11454,0
test_11455,0
test_11456,0
test_11457,1
test_11458,0
test_11459,0
test_11460,0
test_11461,1
test_11462,1
test_11463,0
test_11464,1
test_11465,1
test_11466,0
test_11467,0
test_11468,0
test_11469,0
test_11470,0
test_11471,1
test_11472,0
test_11473,1
test_11474,1
test_11475,0
test_11476,0
test_11477,1
test_11478,0
test_11479,0
test_11480,1
test_11481,0
test_11482,0
test_11483,1
test_11484,0
test_11485,1
test_11486,1
test_11487,1
test_11488,0
test_11489,1
test_11490,1
test_11491,0
test_11492,1
test_11493,1
test_11494,0
test_11495,0
test_11496,1
test_11497,1
test_11498,0
test_11499,1
test_11500,0
test_11501,0
test_11502,0
test_11503,0
test_11504,1
test_11505,1
test_11506,0
test_11507,0
test_11508,0
test_11509,0
test_11510,0
test_11511,0
test_11512,0
test_11513,0
test_11514,0
test_11515,0
test_11516,0
test_11517,1
test_11518,0
test_11519,1
test_11520,1
test_11521,0
test_11522,0
test_11523,0
test_11524,0
test_11525,1
test_11526,0
test_11527,1
test_11528,0
test_11529,0
test_11530,1
test_11531,1
test_11532,1
test_11533,0
test_11534,1
test_11535,1
test_11536,1
test_11537,1
test_11538,0
test_11539,1
test_11540,1
test_11541,0
test_11542,0
test_11543,1
test_11544,0
test_11545,0
test_11546,0
test_11547,1
test_11548,0
test_11549,0
test_11550,1
test_11551,0
test_11552,1
test_11553,1
test_11554,0
test_11555,1
test_11556,0
test_11557,1
test_11558,1
test_11559,0
test_11560,1
test_11561,0
test_11562,1
test_11563,1
test_11564,0
test_11565,0
test_11566,0
test_11567,1
test_11568,0
test_11569,0
test_11570,0
test_11571,1
test_11572,0
test_11573,1
test_11574,1
test_11575,1
test_11576,1
test_11577,1
test_11578,0
test_11579,1
test_11580,1
test_11581,1
test_11582,0
test_11583,1
test_11584,1
test_11585,0
test_11586,1
test_11587,1
test_11588,1
test_11589,1
test_11590,1
test_11591,1
test_11592,1
test_11593,0
test_11594,1
test_11595,0
test_11596,1
test_11597,1
test_11598,0
test_11599,0
test_11600,0
test_11601,1
test_11602,0
test_11603,1
test_11604,1
test_11605,1
test_11606,0
test_11607,1
test_11608,1
test_11609,1
test_11610,1
test_11611,1
test_11612,1
test_11613,1
test_11614,1
test_11615,0
test_11616,1
test_11617,1
test_11618,1
test_11619,1
test_11620,0
test_11621,0
test_11622,0
test_11623,0
test_11624,1
test_11625,1
test_11626,1
test_11627,1
test_11628,0
test_11629,1
test_11630,0
test_11631,0
test_11632,0
test_11633,1
test_11634,1
test_11635,1
test_11636,1
test_11637,1
test_11638,0
test_11639,0
test_11640,1
test_11641,1
test_11642,1
test_11643,0
test_11644,1
test_11645,0
test_11646,0
test_11647,1
test_11648,1
test_11649,1
test_11650,1
test_11651,1
test_11652,0
test_11653,0
test_11654,0
test_11655,1
test_11656,0
test_11657,0
test_11658,0
test_11659,0
test_11660,1
test_11661,0
test_11662,1
test_11663,0
test_11664,1
test_11665,1
test_11666,0
test_11667,0
test_11668,1
test_11669,1
test_11670,0
test_11671,1
test_11672,1
test_11673,0
test_11674,0
test_11675,0
test_11676,1
test_11677,1
test_11678,0
test_11679,1
test_11680,0
test_11681,0
test_11682,0
test_11683,0
test_11684,1
test_11685,1
test_11686,1
test_11687,1
test_11688,0
test_11689,0
test_11690,1
test_11691,1
test_11692,1
test_11693,1
test_11694,0
test_11695,1
test_11696,0
test_11697,0
test_11698,1
test_11699,1
test_11700,1
test_11701,1
test_11702,0
test_11703,0
test_11704,1
test_11705,1
test_11706,1
test_11707,1
test_11708,1
test_11709,0
test_11710,1
test_11711,0
test_11712,1
test_11713,1
test_11714,1
test_11715,1
test_11716,0
test_11717,0
test_11718,0
test_11719,0
test_11720,1
test_11721,1
test_11722,1
test_11723,1
test_11724,0
test_11725,0
test_11726,1
test_11727,1
test_11728,1
test_11729,1
test_11730,0
test_11731,0
test_11732,1
test_11733,1
test_11734,0
test_11735,1
test_11736,0
test_11737,0
test_11738,1
test_11739,1
test_11740,0
test_11741,1
test_11742,1
test_11743,0
test_11744,1
test_11745,0
test_11746,1
test_11747,0
test_11748,0
test_11749,1
test_11750,0
test_11751,0
test_11752,1
test_11753,0
test_11754,1
test_11755,1
test_11756,1
test_11757,0
test_11758,0
test_11759,1
test_11760,0
test_11761,1
test_11762,1
test_11763,1
test_11764,1
test_11765,0
test_11766,0
test_11767,0
test_11768,0
test_11769,1
test_11770,0
test_11771,1
test_11772,1
test_11773,0
test_11774,0
test_11775,1
test_11776,1
test_11777,1
test_11778,1
test_11779,1
test_11780,1
test_11781,0
test_11782,0
test_11783,1
test_11784,1
test_11785,0
test_11786,1
test_11787,0
test_11788,0
test_11789,0
test_11790,0
test_11791,1
test_11792,1
test_11793,1
test_11794,1
test_11795,1
test_11796,0
test_11797,1
test_11798,0
test_11799,1
test_11800,0
test_11801,0
test_11802,0
test_11803,0
test_11804,0
test_11805,0
test_11806,0
test_11807,1
test_11808,1
test_11809,1
test_11810,0
test_11811,0
test_11812,1
test_11813,0
test_11814,0
test_11815,0
test_11816,1
test_11817,0
test_11818,0
test_11819,1
test_11820,1
test_11821,1
test_11822,1
test_11823,1
test_11824,1
test_11825,1
test_11826,0
test_11827,1
test_11828,0
test_11829,0
test_11830,1
test_11831,0
test_11832,1
test_11833,0
test_11834,1
test_11835,0
test_11836,1
test_11837,1
test_11838,0
test_11839,0
test_11840,0
test_11841,0
test_11842,0
test_11843,0
test_11844,0
test_11845,1
test_11846,1
test_11847,1
test_11848,1
test_11849,0
test_11850,1
test_11851,0
test_11852,0
test_11853,1
test_11854,0
test_11855,0
test_11856,1
test_11857,0
test_11858,1
test_11859,1
test_11860,1
test_11861,0
test_11862,0
test_11863,0
test_11864,1
test_11865,1
test_11866,1
test_11867,1
test_11868,0
test_11869,1
test_11870,1
test_11871,1
test_11872,1
test_11873,0
test_11874,1
test_11875,1
test_11876,1
test_11877,1
test_11878,0
test_11879,1
test_11880,0
test_11881,1
test_11882,1
test_11883,0
test_11884,1
test_11885,1
test_11886,0
test_11887,1
test_11888,0
test_11889,0
test_11890,0
test_11891,0
test_11892,0
test_11893,1
test_11894,0
test_11895,0
test_11896,1
test_11897,0
test_11898,0
test_11899,1
test_11900,1
test_11901,0
test_11902,1
test_11903,1
test_11904,1
test_11905,1
test_11906,0
test_11907,1
test_11908,0
test_11909,0
test_11910,1
test_11911,0
test_11912,0
test_11913,0
test_11914,0
test_11915,0
test_11916,0
test_11917,0
test_11918,1
test_11919,1
test_11920,1
test_11921,0
test_11922,0
test_11923,1
test_11924,1
test_11925,1
test_11926,1
test_11927,1
test_11928,1
test_11929,0
test_11930,1
test_11931,1
test_11932,0
test_11933,0
test_11934,0
test_11935,0
test_11936,1
test_11937,0
test_11938,1
test_11939,0
test_11940,1
test_11941,0
test_11942,1
test_11943,0
test_11944,0
test_11945,1
test_11946,0
test_11947,0
test_11948,0
test_11949,0
test_11950,0
test_11951,0
test_11952,0
test_11953,0
test_11954,0
test_11955,1
test_11956,0
test_11957,1
test_11958,0
test_11959,1
test_11960,0
test_11961,0
test_11962,0
test_11963,1
test_11964,0
test_11965,1
test_11966,1
test_11967,0
test_11968,1
test_11969,0
test_11970,0
test_11971,0
test_11972,1
test_11973,0
test_11974,1
test_11975,1
test_11976,0
test_11977,1
test_11978,1
test_11979,1
test_11980,1
test_11981,0
test_11982,1
test_11983,1
test_11984,1
test_11985,0
test_11986,1
test_11987,1
test_11988,1
test_11989,0
test_11990,1
test_11991,0
test_11992,0
test_11993,1
test_11994,1
test_11995,0
test_11996,0
test_11997,1
test_11998,0
test_11999,1
test_12000,1
test_12001,0
test_12002,0
test_12003,1
test_12004,0
test_12005,0
test_12006,0
test_12007,0
test_12008,0
test_12009,0
test_12010,0
test_12011,1
test_12012,1
test_12013,0
test_12014,1
test_12015,1
test_12016,1
test_12017,1
test_12018,1
test_12019,1
test_12020,1
test_12021,1
test_12022,1
test_12023,0
test_12024,0
test_12025,1
test_12026,1
test_12027,1
test_12028,0
test_12029,0
test_12030,0
test_12031,1
test_12032,1
test_12033,1
test_12034,1
test_12035,1
test_12036,0
test_12037,0
test_12038,0
test_12039,0
test_12040,1
test_12041,1
test_12042,0
test_12043,1
test_12044,0
test_12045,0
test_12046,1
test_12047,0
test_12048,1
test_12049,0
test_12050,0
test_12051,0
test_12052,0
test_12053,0
test_12054,1
test_12055,1
test_12056,0
test_12057,1
test_12058,0
test_12059,1
test_12060,1
test_12061,0
test_12062,0
test_12063,1
test_12064,1
test_12065,0
test_12066,0
test_12067,1
test_12068,0
test_12069,1
test_12070,0
test_12071,1
test_12072,1
test_12073,0
test_12074,1
test_12075,1
test_12076,0
test_12077,0
test_12078,1
test_12079,0
test_12080,0
test_12081,1
test_12082,0
test_12083,0
test_12084,1
test_12085,1
test_12086,1
test_12087,1
test_12088,0
test_12089,0
test_12090,1
test_12091,1
test_12092,1
test_12093,1
test_12094,1
test_12095,1
test_12096,1
test_12097,0
test_12098,0
test_12099,0
test_12100,0
test_12101,1
test_12102,0
test_12103,0
test_12104,0
test_12105,0
test_12106,1
test_12107,1
test_12108,1
test_12109,0
test_12110,0
test_12111,1
test_12112,1
test_12113,1
test_12114,1
test_12115,0
test_12116,0
test_12117,0
test_12118,1
test_12119,1
test_12120,1
test_12121,0
test_12122,0
test_12123,0
test_12124,1
test_12125,1
test_12126,1
test_12127,1
test_12128,1
test_12129,0
test_12130,1
test_12131,0
test_12132,0
test_12133,1
test_12134,1
test_12135,0
test_12136,1
test_12137,1
test_12138,0
test_12139,1
test_12140,1
test_12141,0
test_12142,1
test_12143,1
test_12144,1
test_12145,0
test_12146,1
test_12147,0
test_12148,0
test_12149,1
test_12150,0
test_12151,1
test_12152,1
test_12153,0
test_12154,1
test_12155,1
test_12156,0
test_12157,1
test_12158,0
test_12159,1
test_12160,1
test_12161,1
test_12162,1
test_12163,1
test_12164,1
test_12165,0
test_12166,1
test_12167,1
test_12168,0
test_12169,1
test_12170,0
test_12171,0
test_12172,1
test_12173,1
test_12174,1
test_12175,1
test_12176,1
test_12177,0
test_12178,1
test_12179,1
test_12180,1
test_12181,1
test_12182,0
test_12183,1
test_12184,0
test_12185,1
test_12186,1
test_12187,0
test_12188,0
test_12189,1
test_12190,0
test_12191,1
test_12192,0
test_12193,0
test_12194,0
test_12195,0
test_12196,0
test_12197,1
test_12198,0
test_12199,1
test_12200,0
test_12201,0
test_12202,1
test_12203,1
test_12204,0
test_12205,0
test_12206,0
test_12207,1
test_12208,1
test_12209,1
test_12210,1
test_12211,0
test_12212,1
test_12213,1
test_12214,1
test_12215,1
test_12216,1
test_12217,0
test_12218,1
test_12219,1
test_12220,0
test_12221,0
test_12222,0
test_12223,0
test_12224,1
test_12225,0
test_12226,0
test_12227,1
test_12228,1
test_12229,0
test_12230,0
test_12231,0
test_12232,0
test_12233,0
test_12234,1
test_12235,1
test_12236,0
test_12237,1
test_12238,1
test_12239,1
test_12240,1
test_12241,0
test_12242,0
test_12243,1
test_12244,0
test_12245,0
test_12246,1
test_12247,0
test_12248,0
test_12249,0
test_12250,1
test_12251,0
test_12252,1
test_12253,1
test_12254,1
test_12255,1
test_12256,0
test_12257,1
test_12258,0
test_12259,0
test_12260,1
test_12261,1
test_12262,0
test_12263,1
test_12264,0
test_12265,0
test_12266,0
test_12267,0
test_12268,0
test_12269,1
test_12270,0
test_12271,0
test_12272,1
test_12273,0
test_12274,0
test_12275,0
test_12276,0
test_12277,0
test_12278,0
test_12279,1
test_12280,1
test_12281,0
test_12282,0
test_12283,0
test_12284,0
test_12285,1
test_12286,0
test_12287,1
test_12288,1
test_12289,0
test_12290,0
test_12291,0
test_12292,0
test_12293,1
test_12294,0
test_12295,0
test_12296,1
test_12297,0
test_12298,0
test_12299,0
test_12300,1
test_12301,1
test_12302,0
test_12303,0
test_12304,1
test_12305,0
test_12306,1
test_12307,1
test_12308,0
test_12309,1
test_12310,0
test_12311,1
test_12312,1
test_12313,0
test_12314,1
test_12315,0
test_12316,0
test_12317,0
test_12318,0
test_12319,0
test_12320,1
test_12321,1
test_12322,0
test_12323,0
test_12324,0
test_12325,0
test_12326,1
test_12327,1
test_12328,0
test_12329,1
test_12330,1
test_12331,0
test_12332,0
test_12333,0
test_12334,0
test_12335,1
test_12336,0
test_12337,0
test_12338,1
test_12339,1
test_12340,0
test_12341,0
test_12342,0
test_12343,0
test_12344,1
test_12345,1
test_12346,1
test_12347,1
test_12348,1
test_12349,1
test_12350,0
test_12351,1
test_12352,1
test_12353,1
test_12354,0
test_12355,0
test_12356,1
test_12357,1
test_12358,0
test_12359,1
test_12360,0
test_12361,1
test_12362,0
test_12363,0
test_12364,0
test_12365,1
test_12366,1
test_12367,0
test_12368,1
test_12369,1
test_12370,0
test_12371,1
test_12372,1
test_12373,1
test_12374,0
test_12375,1
test_12376,0
test_12377,0
test_12378,0
test_12379,0
test_12380,0
test_12381,0
test_12382,0
test_12383,0
test_12384,1
test_12385,0
test_12386,0
test_12387,1
test_12388,0
test_12389,1
test_12390,0
test_12391,1
test_12392,0
test_12393,0
test_12394,1
test_12395,1
test_12396,0
test_12397,0
test_12398,0
test_12399,0
test_12400,1
test_12401,0
test_12402,0
test_12403,1
test_12404,0
test_12405,0
test_12406,1
test_12407,1
test_12408,1
test_12409,1
test_12410,0
test_12411,1
test_12412,1
test_12413,0
test_12414,0
test_12415,1
test_12416,0
test_12417,1
test_12418,1
test_12419,1
test_12420,1
test_12421,0
test_12422,1
test_12423,0
test_12424,1
test_12425,1
test_12426,1
test_12427,0
test_12428,1
test_12429,1
test_12430,1
test_12431,1
test_12432,1
test_12433,1
test_12434,1
test_12435,0
test_12436,0
test_12437,0
test_12438,0
test_12439,0
test_12440,1
test_12441,1
test_12442,1
test_12443,0
test_12444,0
test_12445,0
test_12446,0
test_12447,0
test_12448,0
test_12449,1
test_12450,1
test_12451,1
test_12452,1
test_12453,1
test_12454,1
test_12455,0
test_12456,0
test_12457,0
test_12458,1
test_12459,0
test_12460,0
test_12461,1
test_12462,0
test_12463,0
test_12464,0
test_12465,1
test_12466,0
test_12467,1
test_12468,0
test_12469,0
test_12470,1
test_12471,1
test_12472,0
test_12473,1
test_12474,0
test_12475,0
test_12476,1
test_12477,0
test_12478,1
test_12479,0
test_12480,0
test_12481,1
test_12482,1
test_12483,0
test_12484,1
test_12485,0
test_12486,0
test_12487,1
test_12488,0
test_12489,1
test_12490,0
test_12491,0
test_12492,1
test_12493,1
test_12494,1
test_12495,0
test_12496,0
test_12497,0
test_12498,1
test_12499,1
test_12500,1
test_12501,1
test_12502,1
test_12503,1
test_12504,1
test_12505,0
test_12506,1
test_12507,0
test_12508,1
test_12509,0
test_12510,1
test_12511,0
test_12512,0
test_12513,0
test_12514,1
test_12515,0
test_12516,1
test_12517,0
test_12518,0
test_12519,0
test_12520,0
test_12521,0
test_12522,0
test_12523,0
test_12524,1
test_12525,0
test_12526,1
test_12527,0
test_12528,0
test_12529,0
test_12530,1
test_12531,0
test_12532,0
test_12533,0
test_12534,1
test_12535,1
test_12536,0
test_12537,1
test_12538,1
test_12539,0
test_12540,1
test_12541,0
test_12542,0
test_12543,0
test_12544,1
test_12545,1
test_12546,0
test_12547,0
test_12548,1
test_12549,1
test_12550,1
test_12551,1
test_12552,1
test_12553,1
test_12554,0
test_12555,1
test_12556,0
test_12557,0
test_12558,0
test_12559,1
test_12560,1
test_12561,1
test_12562,0
test_12563,1
test_12564,0
test_12565,0
test_12566,1
test_12567,0
test_12568,0
test_12569,1
test_12570,1
test_12571,0
test_12572,1
test_12573,0
test_12574,0
test_12575,0
test_12576,0
test_12577,1
test_12578,0
test_12579,1
test_12580,0
test_12581,1
test_12582,0
test_12583,1
test_12584,0
test_12585,1
test_12586,1
test_12587,1
test_12588,0
test_12589,0
test_12590,1
test_12591,1
test_12592,0
test_12593,0
test_12594,1
test_12595,1
test_12596,0
test_12597,1
test_12598,0
test_12599,0
test_12600,1
test_12601,1
test_12602,0
test_12603,1
test_12604,0
test_12605,0
test_12606,1
test_12607,0
test_12608,1
test_12609,0
test_12610,0
test_12611,0
test_12612,0
test_12613,1
test_12614,0
test_12615,0
test_12616,0
test_12617,0
test_12618,0
test_12619,0
test_12620,1
test_12621,0
test_12622,0
test_12623,1
test_12624,1
test_12625,0
test_12626,0
test_12627,0
test_12628,0
test_12629,1
test_12630,0
test_12631,1
test_12632,0
test_12633,0
test_12634,0
test_12635,0
test_12636,1
test_12637,0
test_12638,0
test_12639,1
test_12640,0
test_12641,0
test_12642,0
test_12643,1
test_12644,0
test_12645,1
test_12646,0
test_12647,0
test_12648,0
test_12649,0
test_12650,1
test_12651,1
test_12652,0
test_12653,0
test_12654,0
test_12655,1
test_12656,1
test_12657,1
test_12658,1
test_12659,0
test_12660,0
test_12661,1
test_12662,1
test_12663,0
test_12664,0
test_12665,1
test_12666,1
test_12667,0
test_12668,0
test_12669,0
test_12670,1
test_12671,1
test_12672,0
test_12673,0
test_12674,1
test_12675,1
test_12676,1
test_12677,1
test_12678,0
test_12679,1
test_12680,1
test_12681,0
test_12682,1
test_12683,0
test_12684,1
test_12685,0
test_12686,0
test_12687,1
test_12688,1
test_12689,0
test_12690,1
test_12691,1
test_12692,1
test_12693,1
test_12694,0
test_12695,0
test_12696,0
test_12697,0
test_12698,1
test_12699,1
test_12700,0
test_12701,1
test_12702,1
test_12703,0
test_12704,1
test_12705,1
test_12706,1
test_12707,1
test_12708,1
test_12709,1
test_12710,0
test_12711,1
test_12712,1
test_12713,0
test_12714,0
test_12715,1
test_12716,0
test_12717,0
test_12718,0
test_12719,1
test_12720,1
test_12721,1
test_12722,1
test_12723,0
test_12724,0
test_12725,0
test_12726,0
test_12727,1
test_12728,1
test_12729,1
test_12730,0
test_12731,1
test_12732,0
test_12733,1
test_12734,1
test_12735,1
test_12736,0
test_12737,1
test_12738,0
test_12739,1
test_12740,0
test_12741,0
test_12742,0
test_12743,0
test_12744,0
test_12745,0
test_12746,1
test_12747,1
test_12748,0
test_12749,0
test_12750,0
test_12751,0
test_12752,1
test_12753,0
test_12754,0
test_12755,1
test_12756,1
test_12757,1
test_12758,0
test_12759,0
test_12760,1
test_12761,1
test_12762,0
test_12763,1
test_12764,0
test_12765,1
test_12766,0
test_12767,0
test_12768,1
test_12769,1
test_12770,0
test_12771,0
test_12772,0
test_12773,1
test_12774,0
test_12775,1
test_12776,0
test_12777,0
test_12778,1
test_12779,0
test_12780,1
test_12781,1
test_12782,0
test_12783,1
test_12784,0
test_12785,1
test_12786,1
test_12787,1
test_12788,0
test_12789,1
test_12790,0
test_12791,0
test_12792,0
test_12793,1
test_12794,0
test_12795,1
test_12796,0
test_12797,1
test_12798,1
test_12799,0
test_12800,0
test_12801,0
test_12802,0
test_12803,1
test_12804,1
test_12805,0
test_12806,1
test_12807,1
test_12808,0
test_12809,1
test_12810,0
test_12811,1
test_12812,1
test_12813,1
test_12814,0
test_12815,1
test_12816,1
test_12817,0
test_12818,0
test_12819,0
test_12820,1
test_12821,1
test_12822,1
test_12823,1
test_12824,0
test_12825,1
test_12826,0
test_12827,0
test_12828,1
test_12829,0
test_12830,0
test_12831,0
test_12832,1
test_12833,0
test_12834,1
test_12835,1
test_12836,0
test_12837,0
test_12838,1
test_12839,0
test_12840,0
test_12841,0
test_12842,0
test_12843,1
test_12844,1
test_12845,0
test_12846,0
test_12847,1
test_12848,1
test_12849,0
test_12850,1
test_12851,0
test_12852,0
test_12853,1
test_12854,0
test_12855,0
test_12856,1
test_12857,1
test_12858,0
test_12859,1
test_12860,1
test_12861,1
test_12862,0
test_12863,0
test_12864,0
test_12865,1
test_12866,1
test_12867,1
test_12868,0
test_12869,0
test_12870,1
test_12871,0
test_12872,1
test_12873,1
test_12874,1
test_12875,0
test_12876,0
test_12877,0
test_12878,0
test_12879,1
test_12880,0
test_12881,0
test_12882,1
test_12883,0
test_12884,1
test_12885,0
test_12886,0
test_12887,1
test_12888,1
test_12889,0
test_12890,1
test_12891,0
test_12892,0
test_12893,1
test_12894,0
test_12895,1
test_12896,1
test_12897,1
test_12898,0
test_12899,1
test_12900,1
test_12901,1
test_12902,1
test_12903,0
test_12904,0
test_12905,1
test_12906,0
test_12907,0
test_12908,1
test_12909,1
test_12910,0
test_12911,1
test_12912,1
test_12913,0
test_12914,0
test_12915,0
test_12916,1
test_12917,1
test_12918,0
test_12919,1
test_12920,1
test_12921,0
test_12922,0
test_12923,1
test_12924,1
test_12925,1
test_12926,1
test_12927,0
test_12928,0
test_12929,1
test_12930,1
test_12931,0
test_12932,0
test_12933,1
test_12934,1
test_12935,0
test_12936,1
test_12937,1
test_12938,0
test_12939,1
test_12940,1
test_12941,0
test_12942,1
test_12943,0
test_12944,1
test_12945,0
test_12946,1
test_12947,1
test_12948,0
test_12949,0
test_12950,1
test_12951,1
test_12952,0
test_12953,1
test_12954,0
test_12955,1
test_12956,1
test_12957,1
test_12958,0
test_12959,0
test_12960,1
test_12961,1
test_12962,1
test_12963,1
test_12964,0
test_12965,1
test_12966,1
test_12967,0
test_12968,0
test_12969,1
test_12970,0
test_12971,0
test_12972,0
test_12973,0
test_12974,1
test_12975,0
test_12976,0
test_12977,0
test_12978,1
test_12979,0
test_12980,0
test_12981,1
test_12982,0
test_12983,1
test_12984,1
test_12985,1
test_12986,1
test_12987,1
test_12988,0
test_12989,1
test_12990,1
test_12991,1
test_12992,0
test_12993,1
test_12994,0
test_12995,0
test_12996,1
test_12997,0
test_12998,1
test_12999,1
test_13000,0
test_13001,1
test_13002,0
test_13003,1
test_13004,0
test_13005,1
test_13006,0
test_13007,0
test_13008,1
test_13009,1
test_13010,1
test_13011,0
test_13012,0
test_13013,1
test_13014,0
test_13015,1
test_13016,0
test_13017,1
test_13018,0
test_13019,1
test_13020,0
test_13021,0
test_13022,1
test_13023,1
test_13024,1
test_13025,1
test_13026,0
test_13027,1
test_13028,0
test_13029,1
test_13030,0
test_13031,0
test_13032,1
test_13033,0
test_13034,1
test_13035,0
test_13036,1
test_13037,1
test_13038,1
test_13039,1
test_13040,1
test_13041,1
test_13042,0
test_13043,1
test_13044,1
test_13045,0
test_13046,1
test_13047,0
test_13048,0
test_13049,1
test_13050,0
test_13051,0
test_13052,1
test_13053,1
test_13054,0
test_13055,0
test_13056,1
test_13057,0
test_13058,0
test_13059,1
test_13060,1
test_13061,1
test_13062,1
test_13063,1
test_13064,0
test_13065,1
test_13066,1
test_13067,0
test_13068,1
test_13069,1
test_13070,1
test_13071,0
test_13072,0
test_13073,0
test_13074,1
test_13075,1
test_13076,0
test_13077,0
test_13078,1
test_13079,1
test_13080,0
test_13081,0
test_13082,1
test_13083,1
test_13084,1
test_13085,1
test_13086,1
test_13087,0
test_13088,1
test_13089,1
test_13090,0
test_13091,1
test_13092,1
test_13093,0
test_13094,1
test_13095,0
test_13096,0
test_13097,0
test_13098,0
test_13099,1
test_13100,0
test_13101,0
test_13102,1
test_13103,0
test_13104,0
test_13105,1
test_13106,1
test_13107,1
test_13108,1
test_13109,0
test_13110,1
test_13111,1
test_13112,1
test_13113,0
test_13114,0
test_13115,1
test_13116,1
test_13117,0
test_13118,0
test_13119,0
test_13120,0
test_13121,0
test_13122,0
test_13123,1
test_13124,1
test_13125,1
test_13126,1
test_13127,1
test_13128,1
test_13129,0
test_13130,1
test_13131,0
test_13132,0
test_13133,0
test_13134,0
test_13135,0
test_13136,0
test_13137,0
test_13138,1
test_13139,0
test_13140,0
test_13141,1
test_13142,0
test_13143,1
test_13144,0
test_13145,0
test_13146,1
test_13147,1
test_13148,0
test_13149,0
test_13150,0
test_13151,1
test_13152,0
test_13153,1
test_13154,0
test_13155,1
test_13156,0
test_13157,0
test_13158,0
test_13159,1
test_13160,0
test_13161,0
test_13162,1
test_13163,1
test_13164,0
test_13165,0
test_13166,0
test_13167,1
test_13168,1
test_13169,0
test_13170,1
test_13171,0
test_13172,1
test_13173,0
test_13174,1
test_13175,0
test_13176,1
test_13177,0
test_13178,0
test_13179,0
test_13180,1
test_13181,0
test_13182,1
test_13183,1
test_13184,0
test_13185,1
test_13186,1
test_13187,1
test_13188,0
test_13189,0
test_13190,0
test_13191,0
test_13192,1
test_13193,0
test_13194,1
test_13195,0
test_13196,1
test_13197,1
test_13198,0
test_13199,0
test_13200,0
test_13201,0
test_13202,1
test_13203,1
test_13204,1
test_13205,1
test_13206,0
test_13207,1
test_13208,0
test_13209,0
test_13210,1
test_13211,0
test_13212,1
test_13213,0
test_13214,0
test_13215,0
test_13216,1
test_13217,1
test_13218,1
test_13219,1
test_13220,1
test_13221,0
test_13222,1
test_13223,0
test_13224,1
test_13225,0
test_13226,1
test_13227,1
test_13228,0
test_13229,0
test_13230,0
test_13231,1
test_13232,1
test_13233,0
test_13234,1
test_13235,0
test_13236,0
test_13237,0
test_13238,1
test_13239,1
test_13240,0
test_13241,0
test_13242,0
test_13243,1
test_13244,1
test_13245,1
test_13246,1
test_13247,1
test_13248,1
test_13249,0
test_13250,0
test_13251,0
test_13252,1
test_13253,0
test_13254,0
test_13255,1
test_13256,0
test_13257,0
test_13258,1
test_13259,1
test_13260,0
test_13261,0
test_13262,0
test_13263,0
test_13264,1
test_13265,1
test_13266,1
test_13267,0
test_13268,0
test_13269,0
test_13270,0
test_13271,0
test_13272,0
test_13273,1
test_13274,0
test_13275,0
test_13276,0
test_13277,0
test_13278,0
test_13279,0
test_13280,0
test_13281,1
test_13282,0
test_13283,1
test_13284,1
test_13285,0
test_13286,1
test_13287,0
test_13288,1
test_13289,0
test_13290,1
test_13291,1
test_13292,1
test_13293,1
test_13294,1
test_13295,1
test_13296,1
test_13297,0
test_13298,1
test_13299,1
test_13300,0
test_13301,1
test_13302,1
test_13303,0
test_13304,1
test_13305,1
test_13306,0
test_13307,0
test_13308,1
test_13309,1
test_13310,1
test_13311,1
test_13312,0
test_13313,1
test_13314,1
test_13315,1
test_13316,0
test_13317,1
test_13318,0
test_13319,1
test_13320,0
test_13321,0
test_13322,0
test_13323,1
test_13324,0
test_13325,0
test_13326,0
test_13327,1
test_13328,0
test_13329,0
test_13330,0
test_13331,1
test_13332,0
test_13333,1
test_13334,0
test_13335,0
test_13336,0
test_13337,1
test_13338,0
test_13339,1
test_13340,0
test_13341,1
test_13342,0
test_13343,1
test_13344,1
test_13345,1
test_13346,1
test_13347,0
test_13348,0
test_13349,0
test_13350,0
test_13351,1
test_13352,0
test_13353,0
test_13354,1
test_13355,1
test_13356,1
test_13357,0
test_13358,1
test_13359,1
test_13360,1
test_13361,0
test_13362,1
test_13363,0
test_13364,1
test_13365,1
test_13366,1
test_13367,1
test_13368,1
test_13369,1
test_13370,1
test_13371,1
test_13372,1
test_13373,1
test_13374,1
test_13375,1
test_13376,1
test_13377,0
test_13378,0
test_13379,0
test_13380,0
test_13381,0
test_13382,1
test_13383,1
test_13384,1
test_13385,1
test_13386,0
test_13387,0
test_13388,0
test_13389,0
test_13390,0
test_13391,1
test_13392,0
test_13393,1
test_13394,1
test_13395,1
test_13396,1
test_13397,1
test_13398,1
test_13399,1
test_13400,1
test_13401,0
test_13402,1
test_13403,1
test_13404,1
test_13405,1
test_13406,1
test_13407,0
test_13408,0
test_13409,1
test_13410,0
test_13411,1
test_13412,1
test_13413,0
test_13414,1
test_13415,1
test_13416,1
test_13417,0
test_13418,0
test_13419,0
test_13420,1
test_13421,0
test_13422,0
test_13423,1
test_13424,0
test_13425,0
test_13426,0
test_13427,1
test_13428,1
test_13429,1
test_13430,0
test_13431,1
test_13432,0
test_13433,0
test_13434,1
test_13435,1
test_13436,0
test_13437,0
test_13438,1
test_13439,1
test_13440,1
test_13441,1
test_13442,1
test_13443,1
test_13444,1
test_13445,1
test_13446,0
test_13447,0
test_13448,0
test_13449,0
test_13450,0
test_13451,1
test_13452,0
test_13453,1
test_13454,0
test_13455,0
test_13456,1
test_13457,0
test_13458,1
test_13459,1
test_13460,0
test_13461,0
test_13462,1
test_13463,0
test_13464,0
test_13465,1
test_13466,1
test_13467,0
test_13468,1
test_13469,1
test_13470,0
test_13471,1
test_13472,1
test_13473,1
test_13474,0
test_13475,1
test_13476,0
test_13477,1
test_13478,1
test_13479,1
test_13480,1
test_13481,1
test_13482,0
test_13483,1
test_13484,0
test_13485,1
test_13486,1
test_13487,1
test_13488,0
test_13489,1
test_13490,0
test_13491,0
test_13492,1
test_13493,1
test_13494,0
test_13495,0
test_13496,1
test_13497,0
test_13498,1
test_13499,0
test_13500,1
test_13501,0
test_13502,0
test_13503,0
test_13504,0
test_13505,0
test_13506,0
test_13507,0
test_13508,1
test_13509,0
test_13510,0
test_13511,1
test_13512,1
test_13513,0
test_13514,0
test_13515,0
test_13516,0
test_13517,0
test_13518,0
test_13519,0
test_13520,0
test_13521,1
test_13522,0
test_13523,1
test_13524,1
test_13525,1
test_13526,0
test_13527,1
test_13528,1
test_13529,1
test_13530,1
test_13531,1
test_13532,0
test_13533,1
test_13534,0
test_13535,1
test_13536,1
test_13537,0
test_13538,0
test_13539,0
test_13540,0
test_13541,0
test_13542,0
test_13543,0
test_13544,1
test_13545,1
test_13546,1
test_13547,0
test_13548,0
test_13549,1
test_13550,0
test_13551,1
test_13552,0
test_13553,1
test_13554,1
test_13555,0
test_13556,0
test_13557,1
test_13558,0
test_13559,0
test_13560,0
test_13561,0
test_13562,1
test_13563,0
test_13564,1
test_13565,1
test_13566,0
test_13567,1
test_13568,0
test_13569,1
test_13570,1
test_13571,1
test_13572,1
test_13573,0
test_13574,0
test_13575,1
test_13576,0
test_13577,1
test_13578,0
test_13579,0
test_13580,0
test_13581,1
test_13582,1
test_13583,0
test_13584,1
test_13585,1
test_13586,1
test_13587,0
test_13588,0
test_13589,1
test_13590,1
test_13591,0
test_13592,1
test_13593,1
test_13594,0
test_13595,0
test_13596,0
test_13597,1
test_13598,1
test_13599,1
test_13600,0
test_13601,1
test_13602,1
test_13603,1
test_13604,1
test_13605,0
test_13606,1
test_13607,0
test_13608,0
test_13609,1
test_13610,1
test_13611,1
test_13612,1
test_13613,1
test_13614,1
test_13615,1
test_13616,0
test_13617,1
test_13618,0
test_13619,1
test_13620,0
test_13621,1
test_13622,1
test_13623,0
test_13624,0
test_13625,0
test_13626,0
test_13627,0
test_13628,0
test_13629,0
test_13630,0
test_13631,0
test_13632,1
test_13633,1
test_13634,1
test_13635,1
test_13636,1
test_13637,1
test_13638,1
test_13639,1
test_13640,1
test_13641,1
test_13642,0
test_13643,0
test_13644,0
test_13645,1
test_13646,1
test_13647,1
test_13648,0
test_13649,0
test_13650,0
test_13651,0
test_13652,0
test_13653,1
test_13654,0
test_13655,0
test_13656,0
test_13657,0
test_13658,1
test_13659,1
test_13660,1
test_13661,0
test_13662,1
test_13663,1
test_13664,1
test_13665,0
test_13666,1
test_13667,0
test_13668,0
test_13669,1
test_13670,0
test_13671,0
test_13672,0
test_13673,0
test_13674,1
test_13675,0
test_13676,0
test_13677,0
test_13678,0
test_13679,0
test_13680,0
test_13681,1
test_13682,1
test_13683,1
test_13684,0
test_13685,0
test_13686,0
test_13687,1
test_13688,1
test_13689,1
test_13690,1
test_13691,1
test_13692,0
test_13693,0
test_13694,0
test_13695,1
test_13696,1
test_13697,0
test_13698,1
test_13699,1
test_13700,1
test_13701,0
test_13702,1
test_13703,0
test_13704,0
test_13705,1
test_13706,0
test_13707,0
test_13708,0
test_13709,0
test_13710,0
test_13711,0
test_13712,0
test_13713,0
test_13714,0
test_13715,0
test_13716,0
test_13717,1
test_13718,1
test_13719,1
test_13720,1
test_13721,1
test_13722,0
test_13723,1
test_13724,0
test_13725,1
test_13726,0
test_13727,1
test_13728,0
test_13729,0
test_13730,0
test_13731,0
test_13732,1
test_13733,1
test_13734,0
test_13735,1
test_13736,1
test_13737,0
test_13738,1
test_13739,1
test_13740,0
test_13741,0
test_13742,0
test_13743,0
test_13744,0
test_13745,0
test_13746,1
test_13747,0
test_13748,0
test_13749,0
test_13750,0
test_13751,1
test_13752,0
test_13753,1
test_13754,1
test_13755,0
test_13756,1
test_13757,0
test_13758,0
test_13759,0
test_13760,0
test_13761,0
test_13762,0
test_13763,1
test_13764,1
test_13765,1
test_13766,0
test_13767,0
test_13768,1
test_13769,1
test_13770,0
test_13771,0
test_13772,0
test_13773,1
test_13774,0
test_13775,0
test_13776,1
test_13777,0
test_13778,1
test_13779,1
test_13780,1
test_13781,0
test_13782,1
test_13783,0
test_13784,0
test_13785,1
test_13786,0
test_13787,1
test_13788,0
test_13789,0
test_13790,1
test_13791,0
test_13792,1
test_13793,1
test_13794,0
test_13795,0
test_13796,1
test_13797,1
test_13798,0
test_13799,0
test_13800,1
test_13801,0
test_13802,0
test_13803,0
test_13804,1
test_13805,0
test_13806,1
test_13807,1
test_13808,1
test_13809,0
test_13810,1
test_13811,0
test_13812,0
test_13813,1
test_13814,0
test_13815,0
test_13816,1
test_13817,1
test_13818,0
test_13819,1
test_13820,1
test_13821,0
test_13822,0
test_13823,1
test_13824,0
test_13825,0
test_13826,1
test_13827,1
test_13828,1
test_13829,1
test_13830,0
test_13831,0
test_13832,1
test_13833,1
test_13834,1
test_13835,0
test_13836,1
test_13837,0
test_13838,1
test_13839,0
test_13840,1
test_13841,0
test_13842,1
test_13843,1
test_13844,0
test_13845,1
test_13846,1
test_13847,0
test_13848,1
test_13849,0
test_13850,1
test_13851,1
test_13852,0
test_13853,1
test_13854,1
test_13855,0
test_13856,1
test_13857,1
test_13858,1
test_13859,1
test_13860,0
test_13861,1
test_13862,1
test_13863,1
test_13864,0
test_13865,1
test_13866,0
test_13867,0
test_13868,0
test_13869,1
test_13870,1
test_13871,0
test_13872,0
test_13873,1
test_13874,1
test_13875,0
test_13876,1
test_13877,0
test_13878,1
test_13879,1
test_13880,1
test_13881,1
test_13882,0
test_13883,1
test_13884,0
test_13885,0
test_13886,0
test_13887,1
test_13888,0
test_13889,1
test_13890,0
test_13891,1
test_13892,1
test_13893,0
test_13894,0
test_13895,0
test_13896,1
test_13897,0
test_13898,1
test_13899,1
test_13900,1
test_13901,0
test_13902,0
test_13903,1
test_13904,1
test_13905,0
test_13906,1
test_13907,1
test_13908,0
test_13909,0
test_13910,1
test_13911,0
test_13912,1
test_13913,0
test_13914,0
test_13915,0
test_13916,1
test_13917,0
test_13918,0
test_13919,1
test_13920,0
test_13921,1
test_13922,1
test_13923,1
test_13924,1
test_13925,1
test_13926,1
test_13927,0
test_13928,1
test_13929,1
test_13930,1
test_13931,1
test_13932,1
test_13933,1
test_13934,0
test_13935,0
test_13936,1
test_13937,1
test_13938,1
test_13939,1
test_13940,1
test_13941,0
test_13942,0
test_13943,1
test_13944,1
test_13945,0
test_13946,0
test_13947,1
test_13948,0
test_13949,0
test_13950,0
test_13951,0
test_13952,1
test_13953,1
test_13954,1
test_13955,1
test_13956,0
test_13957,0
test_13958,1
test_13959,0
test_13960,1
test_13961,1
test_13962,1
test_13963,1
test_13964,0
test_13965,1
test_13966,0
test_13967,1
test_13968,0
test_13969,1
test_13970,0
test_13971,1
test_13972,0
test_13973,1
test_13974,1
test_13975,1
test_13976,0
test_13977,1
test_13978,1
test_13979,0
test_13980,0
test_13981,0
test_13982,0
test_13983,1
test_13984,0
test_13985,1
test_13986,0
test_13987,0
test_13988,1
test_13989,1
test_13990,1
test_13991,0
test_13992,1
test_13993,1
test_13994,0
test_13995,1
test_13996,1
test_13997,0
test_13998,0
test_13999,1
test_14000,0
test_14001,0
test_14002,0
test_14003,1
test_14004,1
test_14005,1
test_14006,1
test_14007,1
test_14008,1
test_14009,1
test_14010,0
test_14011,1
test_14012,1
test_14013,1
test_14014,0
test_14015,1
test_14016,1
test_14017,0
test_14018,0
test_14019,0
test_14020,1
test_14021,0
test_14022,1
test_14023,0
test_14024,0
test_14025,0
test_14026,0
test_14027,0
test_14028,1
test_14029,0
test_14030,1
test_14031,1
test_14032,0
test_14033,0
test_14034,0
test_14035,0
test_14036,0
test_14037,0
test_14038,0
test_14039,1
test_14040,0
test_14041,0
test_14042,1
test_14043,1
test_14044,0
test_14045,0
test_14046,0
test_14047,1
test_14048,0
test_14049,0
test_14050,0
test_14051,0
test_14052,1
test_14053,0
test_14054,0
test_14055,0
test_14056,0
test_14057,1
test_14058,1
test_14059,1
test_14060,1
test_14061,1
test_14062,0
test_14063,0
test_14064,1
test_14065,1
test_14066,0
test_14067,1
test_14068,1
test_14069,0
test_14070,1
test_14071,0
test_14072,1
test_14073,0
test_14074,1
test_14075,1
test_14076,0
test_14077,1
test_14078,1
test_14079,1
test_14080,1
test_14081,0
test_14082,0
test_14083,0
test_14084,1
test_14085,1
test_14086,1
test_14087,1
test_14088,0
test_14089,0
test_14090,0
test_14091,0
test_14092,0
test_14093,0
test_14094,1
test_14095,1
test_14096,1
test_14097,0
test_14098,1
test_14099,0
test_14100,0
test_14101,1
test_14102,1
test_14103,0
test_14104,1
test_14105,0
test_14106,1
test_14107,1
test_14108,0
test_14109,1
test_14110,0
test_14111,1
test_14112,1
test_14113,0
test_14114,0
test_14115,0
test_14116,1
test_14117,0
test_14118,0
test_14119,1
test_14120,0
test_14121,0
test_14122,1
test_14123,1
test_14124,0
test_14125,1
test_14126,1
test_14127,1
test_14128,0
test_14129,1
test_14130,0
test_14131,1
test_14132,1
test_14133,0
test_14134,0
test_14135,0
test_14136,1
test_14137,0
test_14138,1
test_14139,0
test_14140,1
test_14141,0
test_14142,0
test_14143,0
test_14144,0
test_14145,0
test_14146,1
test_14147,1
test_14148,0
test_14149,1
test_14150,0
test_14151,0
test_14152,0
test_14153,0
test_14154,1
test_14155,1
test_14156,0
test_14157,0
test_14158,1
test_14159,0
test_14160,0
test_14161,0
test_14162,1
test_14163,1
test_14164,0
test_14165,1
test_14166,0
test_14167,1
test_14168,0
test_14169,0
test_14170,1
test_14171,1
test_14172,0
test_14173,0
test_14174,1
test_14175,1
test_14176,0
test_14177,0
test_14178,0
test_14179,1
test_14180,0
test_14181,0
test_14182,0
test_14183,1
test_14184,0
test_14185,1
test_14186,0
test_14187,0
test_14188,0
test_14189,0
test_14190,1
test_14191,1
test_14192,1
test_14193,0
test_14194,0
test_14195,1
test_14196,1
test_14197,1
test_14198,0
test_14199,0
test_14200,0
test_14201,0
test_14202,0
test_14203,1
test_14204,0
test_14205,1
test_14206,1
test_14207,1
test_14208,0
test_14209,0
test_14210,1
test_14211,0
test_14212,1
test_14213,0
test_14214,0
test_14215,1
test_14216,0
test_14217,0
test_14218,0
test_14219,1
test_14220,0
test_14221,1
test_14222,0
test_14223,0
test_14224,0
test_14225,1
test_14226,0
test_14227,1
test_14228,0
test_14229,1
test_14230,1
test_14231,0
test_14232,0
test_14233,1
test_14234,0
test_14235,0
test_14236,0
test_14237,1
test_14238,0
test_14239,0
test_14240,0
test_14241,0
test_14242,0
test_14243,1
test_14244,1
test_14245,1
test_14246,1
test_14247,1
test_14248,1
test_14249,0
test_14250,1
test_14251,1
test_14252,1
test_14253,1
test_14254,1
test_14255,0
test_14256,0
test_14257,1
test_14258,0
test_14259,0
test_14260,0
test_14261,0
test_14262,1
test_14263,1
test_14264,1
test_14265,0
test_14266,0
test_14267,1
test_14268,0
test_14269,0
test_14270,0
test_14271,0
test_14272,1
test_14273,0
test_14274,1
test_14275,0
test_14276,1
test_14277,0
test_14278,1
test_14279,1
test_14280,1
test_14281,1
test_14282,0
test_14283,0
test_14284,1
test_14285,1
test_14286,1
test_14287,1
test_14288,1
test_14289,1
test_14290,0
test_14291,1
test_14292,0
test_14293,0
test_14294,0
test_14295,1
test_14296,1
test_14297,1
test_14298,1
test_14299,0
test_14300,1
test_14301,0
test_14302,0
test_14303,1
test_14304,0
test_14305,0
test_14306,1
test_14307,1
test_14308,1
test_14309,0
test_14310,0
test_14311,1
test_14312,1
test_14313,1
test_14314,1
test_14315,0
test_14316,1
test_14317,0
test_14318,0
test_14319,1
test_14320,0
test_14321,1
test_14322,1
test_14323,0
test_14324,1
test_14325,0
test_14326,0
test_14327,0
test_14328,1
test_14329,0
test_14330,0
test_14331,1
test_14332,1
test_14333,0
test_14334,1
test_14335,1
test_14336,1
test_14337,0
test_14338,0
test_14339,1
test_14340,1
test_14341,1
test_14342,0
test_14343,0
test_14344,0
test_14345,0
test_14346,0
test_14347,1
test_14348,0
test_14349,1
test_14350,0
test_14351,0
test_14352,0
test_14353,1
test_14354,0
test_14355,0
test_14356,1
test_14357,0
test_14358,0
test_14359,1
test_14360,1
test_14361,0
test_14362,1
test_14363,0
test_14364,1
test_14365,0
test_14366,1
test_14367,1
test_14368,0
test_14369,1
test_14370,1
test_14371,1
test_14372,0
test_14373,0
test_14374,0
test_14375,1
test_14376,1
test_14377,0
test_14378,1
test_14379,0
test_14380,1
test_14381,0
test_14382,0
test_14383,1
test_14384,0
test_14385,1
test_14386,0
test_14387,0
test_14388,0
test_14389,0
test_14390,1
test_14391,0
test_14392,1
test_14393,0
test_14394,1
test_14395,0
test_14396,1
test_14397,1
test_14398,1
test_14399,1
test_14400,1
test_14401,1
test_14402,0
test_14403,1
test_14404,1
test_14405,1
test_14406,1
test_14407,1
test_14408,1
test_14409,1
test_14410,0
test_14411,0
test_14412,1
test_14413,1
test_14414,0
test_14415,0
test_14416,1
test_14417,0
test_14418,0
test_14419,0
test_14420,0
test_14421,1
test_14422,0
test_14423,1
test_14424,0
test_14425,0
test_14426,0
test_14427,1
test_14428,0
test_14429,1
test_14430,0
test_14431,1
test_14432,0
test_14433,1
test_14434,1
test_14435,0
test_14436,0
test_14437,1
test_14438,1
test_14439,0
test_14440,0
test_14441,1
test_14442,1
test_14443,1
test_14444,1
test_14445,0
test_14446,1
test_14447,1
test_14448,1
test_14449,1
test_14450,1
test_14451,1
test_14452,0
test_14453,1
test_14454,0
test_14455,1
test_14456,1
test_14457,0
test_14458,1
test_14459,0
test_14460,0
test_14461,0
test_14462,1
test_14463,1
test_14464,1
test_14465,1
test_14466,0
test_14467,1
test_14468,1
test_14469,1
test_14470,1
test_14471,0
test_14472,0
test_14473,1
test_14474,0
test_14475,1
test_14476,1
test_14477,1
test_14478,1
test_14479,1
test_14480,1
test_14481,0
test_14482,0
test_14483,1
test_14484,1
test_14485,0
test_14486,0
test_14487,1
test_14488,0
test_14489,0
test_14490,0
test_14491,1
test_14492,1
test_14493,0
test_14494,0
test_14495,0
test_14496,0
test_14497,0
test_14498,1
test_14499,0
test_14500,0
test_14501,0
test_14502,1
test_14503,1
test_14504,1
test_14505,0
test_14506,0
test_14507,1
test_14508,0
test_14509,0
test_14510,1
test_14511,1
test_14512,1
test_14513,0
test_14514,0
test_14515,0
test_14516,1
test_14517,0
test_14518,1
test_14519,1
test_14520,0
test_14521,1
test_14522,0
test_14523,1
test_14524,0
test_14525,1
test_14526,0
test_14527,0
test_14528,1
test_14529,0
test_14530,1
test_14531,1
test_14532,0
test_14533,0
test_14534,1
test_14535,0
test_14536,1
test_14537,0
test_14538,0
test_14539,0
test_14540,1
test_14541,0
test_14542,1
test_14543,0
test_14544,0
test_14545,1
test_14546,1
test_14547,1
test_14548,1
test_14549,0
test_14550,1
test_14551,1
test_14552,1
test_14553,1
test_14554,0
test_14555,0
test_14556,0
test_14557,1
test_14558,0
test_14559,0
test_14560,0
test_14561,1
test_14562,1
test_14563,1
test_14564,0
test_14565,1
test_14566,0
test_14567,1
test_14568,1
test_14569,0
test_14570,1
test_14571,0
test_14572,0
test_14573,1
test_14574,1
test_14575,0
test_14576,1
test_14577,1
test_14578,0
test_14579,0
test_14580,1
test_14581,1
test_14582,1
test_14583,1
test_14584,1
test_14585,1
test_14586,0
test_14587,1
test_14588,1
test_14589,1
test_14590,1
test_14591,1
test_14592,1
test_14593,1
test_14594,1
test_14595,1
test_14596,0
test_14597,0
test_14598,0
test_14599,1
test_14600,1
test_14601,1
test_14602,1
test_14603,1
test_14604,0
test_14605,0
test_14606,0
test_14607,0
test_14608,1
test_14609,0
test_14610,0
test_14611,0
test_14612,0
test_14613,1
test_14614,1
test_14615,1
test_14616,0
test_14617,1
test_14618,1
test_14619,1
test_14620,1
test_14621,1
test_14622,1
test_14623,1
test_14624,1
test_14625,1
test_14626,1
test_14627,1
test_14628,0
test_14629,1
test_14630,0
test_14631,1
test_14632,0
test_14633,1
test_14634,0
test_14635,1
test_14636,0
test_14637,0
test_14638,1
test_14639,0
test_14640,0
test_14641,0
test_14642,0
test_14643,1
test_14644,0
test_14645,1
test_14646,0
test_14647,0
test_14648,0
test_14649,1
test_14650,1
test_14651,1
test_14652,0
test_14653,1
test_14654,0
test_14655,0
test_14656,0
test_14657,1
test_14658,0
test_14659,1
test_14660,1
test_14661,0
test_14662,1
test_14663,1
test_14664,1
test_14665,0
test_14666,1
test_14667,1
test_14668,1
test_14669,0
test_14670,1
test_14671,0
test_14672,1
test_14673,1
test_14674,1
test_14675,0
test_14676,1
test_14677,0
test_14678,1
test_14679,1
test_14680,0
test_14681,0
test_14682,1
test_14683,0
test_14684,1
test_14685,1
test_14686,0
test_14687,0
test_14688,1
test_14689,0
test_14690,1
test_14691,0
test_14692,0
test_14693,1
test_14694,1
test_14695,0
test_14696,1
test_14697,0
test_14698,0
test_14699,1
test_14700,1
test_14701,0
test_14702,1
test_14703,1
test_14704,1
test_14705,1
test_14706,0
test_14707,0
test_14708,0
test_14709,1
test_14710,1
test_14711,0
test_14712,0
test_14713,1
test_14714,1
test_14715,0
test_14716,1
test_14717,1
test_14718,0
test_14719,1
test_14720,1
test_14721,1
test_14722,1
test_14723,1
test_14724,1
test_14725,1
test_14726,1
test_14727,1
test_14728,0
test_14729,0
test_14730,1
test_14731,1
test_14732,1
test_14733,1
test_14734,0
test_14735,1
test_14736,0
test_14737,1
test_14738,0
test_14739,1
test_14740,1
test_14741,0
test_14742,0
test_14743,1
test_14744,1
test_14745,1
test_14746,0
test_14747,0
test_14748,0
test_14749,0
test_14750,1
test_14751,0
test_14752,0
test_14753,0
test_14754,1
test_14755,0
test_14756,1
test_14757,1
test_14758,1
test_14759,0
test_14760,0
test_14761,1
test_14762,0
test_14763,1
test_14764,1
test_14765,0
test_14766,1
test_14767,1
test_14768,1
test_14769,1
test_14770,1
test_14771,1
test_14772,0
test_14773,0
test_14774,1
test_14775,0
test_14776,1
test_14777,0
test_14778,1
test_14779,0
test_14780,1
test_14781,0
test_14782,0
test_14783,0
test_14784,0
test_14785,1
test_14786,0
test_14787,0
test_14788,1
test_14789,0
test_14790,0
test_14791,1
test_14792,1
test_14793,1
test_14794,0
test_14795,0
test_14796,0
test_14797,1
test_14798,1
test_14799,0
test_14800,0
test_14801,0
test_14802,0
test_14803,0
test_14804,0
test_14805,0
test_14806,0
test_14807,1
test_14808,1
test_14809,1
test_14810,1
test_14811,1
test_14812,1
test_14813,1
test_14814,1
test_14815,1
test_14816,0
test_14817,1
test_14818,1
test_14819,1
test_14820,0
test_14821,0
test_14822,1
test_14823,1
test_14824,0
test_14825,0
test_14826,0
test_14827,1
test_14828,0
test_14829,0
test_14830,1
test_14831,1
test_14832,0
test_14833,0
test_14834,1
test_14835,0
test_14836,1
test_14837,0
test_14838,0
test_14839,1
test_14840,0
test_14841,1
test_14842,1
test_14843,0
test_14844,1
test_14845,1
test_14846,1
test_14847,1
test_14848,1
test_14849,1
test_14850,0
test_14851,1
test_14852,0
test_14853,0
test_14854,0
test_14855,1
test_14856,0
test_14857,1
test_14858,1
test_14859,1
test_14860,1
test_14861,1
test_14862,1
test_14863,0
test_14864,0
test_14865,1
test_14866,0
test_14867,0
test_14868,1
test_14869,1
test_14870,0
test_14871,1
test_14872,0
test_14873,0
test_14874,0
test_14875,1
test_14876,0
test_14877,0
test_14878,1
test_14879,1
test_14880,1
test_14881,0
test_14882,0
test_14883,1
test_14884,1
test_14885,1
test_14886,1
test_14887,0
test_14888,0
test_14889,0
test_14890,1
test_14891,0
test_14892,0
test_14893,0
test_14894,1
test_14895,0
test_14896,0
test_14897,0
test_14898,1
test_14899,0
test_14900,0
test_14901,0
test_14902,0
test_14903,1
test_14904,1
test_14905,1
test_14906,1
test_14907,0
test_14908,0
test_14909,0
test_14910,0
test_14911,1
test_14912,1
test_14913,1
test_14914,1
test_14915,0
test_14916,1
test_14917,1
test_14918,0
test_14919,0
test_14920,0
test_14921,0
test_14922,0
test_14923,0
test_14924,1
test_14925,1
test_14926,0
test_14927,1
test_14928,1
test_14929,0
test_14930,1
test_14931,1
test_14932,0
test_14933,0
test_14934,1
test_14935,0
test_14936,0
test_14937,1
test_14938,0
test_14939,0
test_14940,1
test_14941,1
test_14942,1
test_14943,0
test_14944,0
test_14945,0
test_14946,0
test_14947,1
test_14948,1
test_14949,0
test_14950,1
test_14951,0
test_14952,0
test_14953,1
test_14954,0
test_14955,0
test_14956,0
test_14957,0
test_14958,0
test_14959,0
test_14960,1
test_14961,1
test_14962,1
test_14963,1
test_14964,0
test_14965,1
test_14966,1
test_14967,0
test_14968,0
test_14969,0
test_14970,0
test_14971,0
test_14972,1
test_14973,0
test_14974,1
test_14975,1
test_14976,0
test_14977,0
test_14978,1
test_14979,0
test_14980,1
test_14981,0
test_14982,1
test_14983,1
test_14984,0
test_14985,1
test_14986,1
test_14987,0
test_14988,0
test_14989,1
test_14990,1
test_14991,1
test_14992,1
test_14993,1
test_14994,1
test_14995,0
test_14996,1
test_14997,0
test_14998,1
test_14999,0
test_15000,1
test_15001,1
test_15002,0
test_15003,0
test_15004,0
test_15005,0
test_15006,0
test_15007,1
test_15008,1
test_15009,0
test_15010,0
test_15011,0
test_15012,0
test_15013,1
test_15014,1
test_15015,1
test_15016,0
test_15017,0
test_15018,1
test_15019,0
test_15020,1
test_15021,0
test_15022,0
test_15023,1
test_15024,1
test_15025,0
test_15026,0
test_15027,0
test_15028,0
test_15029,1
test_15030,0
test_15031,0
test_15032,0
test_15033,0
test_15034,1
test_15035,1
test_15036,0
test_15037,0
test_15038,1
test_15039,0
test_15040,0
test_15041,1
test_15042,1
test_15043,0
test_15044,1
test_15045,0
test_15046,0
test_15047,1
test_15048,1
test_15049,1
test_15050,1
test_15051,1
test_15052,1
test_15053,0
test_15054,0
test_15055,0
test_15056,1
test_15057,0
test_15058,1
test_15059,1
test_15060,1
test_15061,1
test_15062,1
test_15063,1
test_15064,0
test_15065,1
test_15066,0
test_15067,1
test_15068,0
test_15069,0
test_15070,1
test_15071,0
test_15072,1
test_15073,0
test_15074,0
test_15075,0
test_15076,1
test_15077,1
test_15078,0
test_15079,1
test_15080,0
test_15081,1
test_15082,1
test_15083,1
test_15084,1
test_15085,1
test_15086,0
test_15087,1
test_15088,1
test_15089,0
test_15090,0
test_15091,1
test_15092,1
test_15093,0
test_15094,0
test_15095,0
test_15096,0
test_15097,1
test_15098,0
test_15099,1
test_15100,0
test_15101,0
test_15102,1
test_15103,0
test_15104,1
test_15105,1
test_15106,1
test_15107,0
test_15108,0
test_15109,0
test_15110,1
test_15111,1
test_15112,1
test_15113,1
test_15114,1
test_15115,1
test_15116,1
test_15117,0
test_15118,1
test_15119,0
test_15120,0
test_15121,0
test_15122,1
test_15123,0
test_15124,0
test_15125,0
test_15126,0
test_15127,1
test_15128,0
test_15129,0
test_15130,0
test_15131,1
test_15132,1
test_15133,1
test_15134,1
test_15135,1
test_15136,1
test_15137,0
test_15138,1
test_15139,0
test_15140,0
test_15141,1
test_15142,1
test_15143,0
test_15144,0
test_15145,1
test_15146,1
test_15147,0
test_15148,0
test_15149,1
test_15150,1
test_15151,1
test_15152,0
test_15153,0
test_15154,1
test_15155,0
test_15156,0
test_15157,1
test_15158,0
test_15159,0
test_15160,0
test_15161,1
test_15162,1
test_15163,0
test_15164,1
test_15165,0
test_15166,0
test_15167,1
test_15168,1
test_15169,0
test_15170,0
test_15171,1
test_15172,0
test_15173,0
test_15174,0
test_15175,1
test_15176,1
test_15177,0
test_15178,0
test_15179,0
test_15180,1
test_15181,0
test_15182,1
test_15183,0
test_15184,1
test_15185,1
test_15186,1
test_15187,0
test_15188,1
test_15189,1
test_15190,0
test_15191,0
test_15192,1
test_15193,0
test_15194,1
test_15195,0
test_15196,0
test_15197,1
test_15198,0
test_15199,0
test_15200,0
test_15201,1
test_15202,1
test_15203,0
test_15204,0
test_15205,1
test_15206,1
test_15207,1
test_15208,0
test_15209,0
test_15210,0
test_15211,0
test_15212,0
test_15213,1
test_15214,1
test_15215,1
test_15216,1
test_15217,1
test_15218,1
test_15219,1
test_15220,0
test_15221,0
test_15222,1
test_15223,0
test_15224,0
test_15225,1
test_15226,1
test_15227,0
test_15228,1
test_15229,0
test_15230,1
test_15231,1
test_15232,0
test_15233,0
test_15234,0
test_15235,0
test_15236,1
test_15237,0
test_15238,1
test_15239,1
test_15240,1
test_15241,1
test_15242,0
test_15243,0
test_15244,0
test_15245,1
test_15246,1
test_15247,1
test_15248,1
test_15249,0
test_15250,1
test_15251,1
test_15252,1
test_15253,1
test_15254,0
test_15255,0
test_15256,0
test_15257,1
test_15258,0
test_15259,0
test_15260,1
test_15261,0
test_15262,0
test_15263,1
test_15264,1
test_15265,0
test_15266,1
test_15267,0
test_15268,0
test_15269,1
test_15270,1
test_15271,0
test_15272,1
test_15273,1
test_15274,0
test_15275,0
test_15276,1
test_15277,0
test_15278,1
test_15279,1
test_15280,1
test_15281,0
test_15282,1
test_15283,1
test_15284,1
test_15285,0
test_15286,0
test_15287,1
test_15288,0
test_15289,0
test_15290,1
test_15291,0
test_15292,0
test_15293,1
test_15294,1
test_15295,0
test_15296,1
test_15297,1
test_15298,0
test_15299,0
test_15300,0
test_15301,0
test_15302,0
test_15303,1
test_15304,1
test_15305,1
test_15306,1
test_15307,1
test_15308,0
test_15309,1
test_15310,0
test_15311,0
test_15312,0
test_15313,0
test_15314,1
test_15315,1
test_15316,1
test_15317,0
test_15318,0
test_15319,0
test_15320,0
test_15321,1
test_15322,0
test_15323,1
test_15324,1
test_15325,1
test_15326,0
test_15327,1
test_15328,0
test_15329,1
test_15330,0
test_15331,1
test_15332,1
test_15333,0
test_15334,1
test_15335,0
test_15336,1
test_15337,0
test_15338,0
test_15339,0
test_15340,1
test_15341,1
test_15342,0
test_15343,0
test_15344,1
test_15345,1
test_15346,1
test_15347,1
test_15348,0
test_15349,1
test_15350,0
test_15351,0
test_15352,0
test_15353,1
test_15354,1
test_15355,1
test_15356,0
test_15357,0
test_15358,1
test_15359,1
test_15360,1
test_15361,1
test_15362,0
test_15363,0
test_15364,1
test_15365,0
test_15366,1
test_15367,1
test_15368,1
test_15369,1
test_15370,0
test_15371,1
test_15372,0
test_15373,0
test_15374,0
test_15375,0
test_15376,1
test_15377,1
test_15378,1
test_15379,1
test_15380,1
test_15381,1
test_15382,0
test_15383,0
test_15384,0
test_15385,0
test_15386,1
test_15387,1
test_15388,1
test_15389,1
test_15390,1
test_15391,1
test_15392,1
test_15393,1
test_15394,0
test_15395,1
test_15396,0
test_15397,1
test_15398,0
test_15399,0
test_15400,1
test_15401,1
test_15402,1
test_15403,0
test_15404,1
test_15405,1
test_15406,1
test_15407,1
test_15408,1
test_15409,1
test_15410,1
test_15411,1
test_15412,1
test_15413,1
test_15414,1
test_15415,0
test_15416,0
test_15417,1
test_15418,1
test_15419,0
test_15420,1
test_15421,0
test_15422,0
test_15423,0
test_15424,1
test_15425,1
test_15426,1
test_15427,1
test_15428,1
test_15429,0
test_15430,1
test_15431,1
test_15432,0
test_15433,0
test_15434,1
test_15435,1
test_15436,0
test_15437,1
test_15438,0
test_15439,1
test_15440,0
test_15441,1
test_15442,0
test_15443,0
test_15444,0
test_15445,1
test_15446,1
test_15447,0
test_15448,1
test_15449,0
test_15450,1
test_15451,0
test_15452,1
test_15453,1
test_15454,0
test_15455,1
test_15456,1
test_15457,1
test_15458,0
test_15459,1
test_15460,1
test_15461,1
test_15462,1
test_15463,0
test_15464,0
test_15465,1
test_15466,1
test_15467,0
test_15468,1
test_15469,0
test_15470,1
test_15471,0
test_15472,0
test_15473,0
test_15474,0
test_15475,1
test_15476,0
test_15477,1
test_15478,1
test_15479,1
test_15480,0
test_15481,1
test_15482,0
test_15483,1
test_15484,0
test_15485,1
test_15486,0
test_15487,0
test_15488,0
test_15489,0
test_15490,0
test_15491,0
test_15492,1
test_15493,0
test_15494,0
test_15495,0
test_15496,0
test_15497,1
test_15498,1
test_15499,1
test_15500,0
test_15501,1
test_15502,0
test_15503,1
test_15504,1
test_15505,1
test_15506,0
test_15507,0
test_15508,1
test_15509,0
test_15510,0
test_15511,1
test_15512,0
test_15513,1
test_15514,1
test_15515,1
test_15516,1
test_15517,0
test_15518,0
test_15519,1
test_15520,0
test_15521,1
test_15522,1
test_15523,0
test_15524,0
test_15525,0
test_15526,1
test_15527,1
test_15528,0
test_15529,0
test_15530,1
test_15531,0
test_15532,0
test_15533,0
test_15534,0
test_15535,0
test_15536,0
test_15537,1
test_15538,1
test_15539,0
test_15540,0
test_15541,1
test_15542,0
test_15543,0
test_15544,1
test_15545,1
test_15546,0
test_15547,0
test_15548,0
test_15549,1
test_15550,1
test_15551,0
test_15552,0
test_15553,1
test_15554,0
test_15555,1
test_15556,0
test_15557,0
test_15558,0
test_15559,1
test_15560,1
test_15561,1
test_15562,1
test_15563,1
test_15564,0
test_15565,0
test_15566,1
test_15567,1
test_15568,1
test_15569,0
test_15570,1
test_15571,0
test_15572,0
test_15573,1
test_15574,1
test_15575,0
test_15576,1
test_15577,1
test_15578,1
test_15579,1
test_15580,1
test_15581,0
test_15582,1
test_15583,0
test_15584,0
test_15585,1
test_15586,1
test_15587,0
test_15588,0
test_15589,1
test_15590,0
test_15591,0
test_15592,1
test_15593,1
test_15594,1
test_15595,0
test_15596,1
test_15597,1
test_15598,1
test_15599,1
test_15600,1
test_15601,1
test_15602,0
test_15603,0
test_15604,0
test_15605,0
test_15606,1
test_15607,1
test_15608,0
test_15609,1
test_15610,0
test_15611,1
test_15612,1
test_15613,1
test_15614,1
test_15615,0
test_15616,0
test_15617,1
test_15618,0
test_15619,1
test_15620,0
test_15621,1
test_15622,0
test_15623,0
test_15624,0
test_15625,0
test_15626,1
test_15627,1
test_15628,0
test_15629,0
test_15630,0
test_15631,1
test_15632,1
test_15633,1
test_15634,0
test_15635,0
test_15636,1
test_15637,1
test_15638,1
test_15639,0
test_15640,1
test_15641,1
test_15642,1
test_15643,1
test_15644,0
test_15645,1
test_15646,1
test_15647,0
test_15648,0
test_15649,0
test_15650,1
test_15651,0
test_15652,1
test_15653,0
test_15654,1
test_15655,0
test_15656,1
test_15657,0
test_15658,1
test_15659,0
test_15660,0
test_15661,0
test_15662,1
test_15663,1
test_15664,0
test_15665,0
test_15666,1
test_15667,0
test_15668,1
test_15669,1
test_15670,0
test_15671,1
test_15672,1
test_15673,1
test_15674,0
test_15675,1
test_15676,0
test_15677,1
test_15678,1
test_15679,1
test_15680,1
test_15681,1
test_15682,1
test_15683,1
test_15684,0
test_15685,0
test_15686,1
test_15687,1
test_15688,1
test_15689,0
test_15690,0
test_15691,0
test_15692,0
test_15693,1
test_15694,0
test_15695,0
test_15696,1
test_15697,1
test_15698,0
test_15699,0
test_15700,0
test_15701,1
test_15702,1
test_15703,0
test_15704,0
test_15705,1
test_15706,1
test_15707,1
test_15708,0
test_15709,1
test_15710,1
test_15711,1
test_15712,0
test_15713,0
test_15714,0
test_15715,1
test_15716,0
test_15717,0
test_15718,1
test_15719,0
test_15720,1
test_15721,1
test_15722,1
test_15723,1
test_15724,1
test_15725,1
test_15726,1
test_15727,1
test_15728,0
test_15729,0
test_15730,0
test_15731,0
test_15732,1
test_15733,0
test_15734,0
test_15735,0
test_15736,0
test_15737,1
test_15738,1
test_15739,1
test_15740,1
test_15741,1
test_15742,1
test_15743,1
test_15744,0
test_15745,0
test_15746,1
test_15747,1
test_15748,0
test_15749,1
test_15750,0
test_15751,1
test_15752,1
test_15753,1
test_15754,0
test_15755,1
test_15756,0
test_15757,1
test_15758,1
test_15759,0
test_15760,1
test_15761,1
test_15762,1
test_15763,0
test_15764,1
test_15765,1
test_15766,1
test_15767,1
test_15768,0
test_15769,0
test_15770,1
test_15771,0
test_15772,0
test_15773,0
test_15774,1
test_15775,1
test_15776,0
test_15777,0
test_15778,0
test_15779,0
test_15780,0
test_15781,1
test_15782,1
test_15783,1
test_15784,0
test_15785,0
test_15786,1
test_15787,0
test_15788,0
test_15789,0
test_15790,1
test_15791,1
test_15792,1
test_15793,1
test_15794,1
test_15795,0
test_15796,0
test_15797,0
test_15798,1
test_15799,0
test_15800,1
test_15801,1
test_15802,1
test_15803,0
test_15804,0
test_15805,1
test_15806,0
test_15807,1
test_15808,1
test_15809,0
test_15810,0
test_15811,1
test_15812,0
test_15813,0
test_15814,0
test_15815,0
test_15816,1
test_15817,0
test_15818,1
test_15819,1
test_15820,0
test_15821,1
test_15822,1
test_15823,0
test_15824,1
test_15825,1
test_15826,0
test_15827,1
test_15828,1
test_15829,1
test_15830,0
test_15831,0
test_15832,1
test_15833,1
test_15834,1
test_15835,0
test_15836,1
test_15837,1
test_15838,0
test_15839,1
test_15840,1
test_15841,0
test_15842,1
test_15843,0
test_15844,1
test_15845,1
test_15846,0
test_15847,0
test_15848,1
test_15849,1
test_15850,0
test_15851,0
test_15852,0
test_15853,0
test_15854,1
test_15855,1
test_15856,0
test_15857,0
test_15858,1
test_15859,1
test_15860,0
test_15861,1
test_15862,1
test_15863,0
test_15864,1
test_15865,1
test_15866,1
test_15867,1
test_15868,1
test_15869,0
test_15870,0
test_15871,1
test_15872,0
test_15873,1
test_15874,0
test_15875,0
test_15876,0
test_15877,0
test_15878,0
test_15879,0
test_15880,1
test_15881,0
test_15882,1
test_15883,0
test_15884,1
test_15885,1
test_15886,0
test_15887,1
test_15888,0
test_15889,1
test_15890,1
test_15891,1
test_15892,1
test_15893,0
test_15894,0
test_15895,1
test_15896,1
test_15897,1
test_15898,1
test_15899,0
test_15900,1
test_15901,1
test_15902,0
test_15903,1
test_15904,0
test_15905,0
test_15906,0
test_15907,1
test_15908,0
test_15909,1
test_15910,1
test_15911,1
test_15912,1
test_15913,1
test_15914,1
test_15915,0
test_15916,0
test_15917,0
test_15918,0
test_15919,1
test_15920,0
test_15921,1
test_15922,0
test_15923,1
test_15924,0
test_15925,1
test_15926,1
test_15927,1
test_15928,1
test_15929,1
test_15930,0
test_15931,1
test_15932,0
test_15933,1
test_15934,0
test_15935,1
test_15936,0
test_15937,1
test_15938,1
test_15939,1
test_15940,1
test_15941,1
test_15942,0
test_15943,1
test_15944,0
test_15945,1
test_15946,0
test_15947,0
test_15948,1
test_15949,1
test_15950,0
test_15951,0
test_15952,1
test_15953,0
test_15954,1
test_15955,0
test_15956,0
test_15957,0
test_15958,1
test_15959,1
test_15960,1
test_15961,1
test_15962,1
test_15963,0
test_15964,1
test_15965,0
test_15966,1
test_15967,0
test_15968,0
test_15969,0
test_15970,1
test_15971,0
test_15972,1
test_15973,0
test_15974,1
test_15975,0
test_15976,1
test_15977,1
test_15978,1
test_15979,1
test_15980,0
test_15981,1
test_15982,0
test_15983,1
test_15984,1
test_15985,0
test_15986,0
test_15987,0
test_15988,1
test_15989,0
test_15990,1
test_15991,1
test_15992,1
test_15993,1
test_15994,0
test_15995,1
test_15996,1
test_15997,0
test_15998,0
test_15999,1
test_16000,0
test_16001,1
test_16002,0
test_16003,0
test_16004,0
test_16005,0
test_16006,1
test_16007,1
test_16008,1
test_16009,0
test_16010,0
test_16011,0
test_16012,0
test_16013,1
test_16014,0
test_16015,0
test_16016,0
test_16017,0
test_16018,1
test_16019,0
test_16020,0
test_16021,1
test_16022,1
test_16023,0
test_16024,0
test_16025,0
test_16026,0
test_16027,1
test_16028,0
test_16029,0
test_16030,0
test_16031,0
test_16032,1
test_16033,0
test_16034,1
test_16035,0
test_16036,0
test_16037,0
test_16038,0
test_16039,0
test_16040,0
test_16041,1
test_16042,1
test_16043,1
test_16044,1
test_16045,1
test_16046,0
test_16047,1
test_16048,1
test_16049,1
test_16050,0
test_16051,1
test_16052,0
test_16053,1
test_16054,0
test_16055,0
test_16056,1
test_16057,1
test_16058,0
test_16059,1
test_16060,0
test_16061,1
test_16062,0
test_16063,1
test_16064,1
test_16065,1
test_16066,1
test_16067,1
test_16068,0
test_16069,1
test_16070,1
test_16071,1
test_16072,1
test_16073,0
test_16074,0
test_16075,1
test_16076,1
test_16077,1
test_16078,0
test_16079,0
test_16080,1
test_16081,1
test_16082,0
test_16083,0
test_16084,0
test_16085,0
test_16086,1
test_16087,1
test_16088,1
test_16089,0
test_16090,1
test_16091,1
test_16092,0
test_16093,0
test_16094,1
test_16095,1
test_16096,1
test_16097,0
test_16098,1
test_16099,1
test_16100,0
test_16101,0
test_16102,1
test_16103,0
test_16104,0
test_16105,0
test_16106,1
test_16107,1
test_16108,0
test_16109,1
test_16110,0
test_16111,1
test_16112,1
test_16113,1
test_16114,1
test_16115,0
test_16116,0
test_16117,1
test_16118,1
test_16119,0
test_16120,1
test_16121,1
test_16122,0
test_16123,1
test_16124,1
test_16125,0
test_16126,1
test_16127,1
test_16128,1
test_16129,0
test_16130,1
test_16131,0
test_16132,1
test_16133,0
test_16134,1
test_16135,1
test_16136,1
test_16137,1
test_16138,1
test_16139,1
test_16140,0
test_16141,0
test_16142,0
test_16143,1
test_16144,1
test_16145,1
test_16146,0
test_16147,0
test_16148,0
test_16149,0
test_16150,0
test_16151,1
test_16152,0
test_16153,1
test_16154,0
test_16155,1
test_16156,1
test_16157,0
test_16158,0
test_16159,0
test_16160,0
test_16161,1
test_16162,1
test_16163,0
test_16164,1
test_16165,0
test_16166,0
test_16167,0
test_16168,0
test_16169,1
test_16170,1
test_16171,0
test_16172,0
test_16173,1
test_16174,0
test_16175,0
test_16176,1
test_16177,0
test_16178,0
test_16179,0
test_16180,0
test_16181,1
test_16182,0
test_16183,0
test_16184,0
test_16185,1
test_16186,0
test_16187,0
test_16188,0
test_16189,1
test_16190,0
test_16191,1
test_16192,0
test_16193,1
test_16194,0
test_16195,1
test_16196,0
test_16197,1
test_16198,0
test_16199,1
test_16200,0
test_16201,0
test_16202,1
test_16203,1
test_16204,1
test_16205,1
test_16206,1
test_16207,1
test_16208,1
test_16209,1
test_16210,1
test_16211,1
test_16212,1
test_16213,1
test_16214,0
test_16215,1
test_16216,1
test_16217,0
test_16218,1
test_16219,1
test_16220,1
test_16221,1
test_16222,1
test_16223,1
test_16224,1
test_16225,1
test_16226,1
test_16227,0
test_16228,1
test_16229,1
test_16230,1
test_16231,0
test_16232,0
test_16233,0
test_16234,1
test_16235,1
test_16236,0
test_16237,1
test_16238,0
test_16239,0
test_16240,1
test_16241,0
test_16242,1
test_16243,1
test_16244,0
test_16245,1
test_16246,1
test_16247,0
test_16248,1
test_16249,0
test_16250,0
test_16251,0
test_16252,0
test_16253,0
test_16254,1
test_16255,0
test_16256,0
test_16257,0
test_16258,0
test_16259,1
test_16260,0
test_16261,1
test_16262,1
test_16263,1
test_16264,0
test_16265,1
test_16266,1
test_16267,0
test_16268,1
test_16269,0
test_16270,1
test_16271,1
test_16272,1
test_16273,1
test_16274,1
test_16275,0
test_16276,0
test_16277,1
test_16278,0
test_16279,0
test_16280,1
test_16281,1
test_16282,1
test_16283,0
test_16284,0
test_16285,1
test_16286,0
test_16287,1
test_16288,0
test_16289,1
test_16290,0
test_16291,1
test_16292,0
test_16293,1
test_16294,0
test_16295,1
test_16296,0
test_16297,1
test_16298,1
test_16299,0
test_16300,0
test_16301,0
test_16302,0
test_16303,1
test_16304,1
test_16305,1
test_16306,1
test_16307,1
test_16308,1
test_16309,1
test_16310,0
test_16311,1
test_16312,0
test_16313,0
test_16314,1
test_16315,1
test_16316,1
test_16317,1
test_16318,1
test_16319,0
test_16320,1
test_16321,0
test_16322,0
test_16323,1
test_16324,1
test_16325,0
test_16326,1
test_16327,0
test_16328,0
test_16329,0
test_16330,1
test_16331,0
test_16332,1
test_16333,0
test_16334,1
test_16335,1
test_16336,0
test_16337,1
test_16338,1
test_16339,1
test_16340,1
test_16341,1
test_16342,1
test_16343,1
test_16344,0
test_16345,1
test_16346,1
test_16347,0
test_16348,0
test_16349,1
test_16350,0
test_16351,1
test_16352,0
test_16353,1
test_16354,1
test_16355,1
test_16356,0
test_16357,0
test_16358,0
test_16359,1
test_16360,0
test_16361,0
test_16362,1
test_16363,0
test_16364,0
test_16365,1
test_16366,1
test_16367,1
test_16368,0
test_16369,0
test_16370,0
test_16371,1
test_16372,1
test_16373,0
test_16374,0
test_16375,0
test_16376,1
test_16377,1
test_16378,0
test_16379,0
test_16380,0
test_16381,0
test_16382,0
test_16383,1
test_16384,1
test_16385,0
test_16386,1
test_16387,1
test_16388,1
test_16389,1
test_16390,1
test_16391,1
test_16392,1
test_16393,0
test_16394,1
test_16395,0
test_16396,1
test_16397,0
test_16398,1
test_16399,0
test_16400,0
test_16401,1
test_16402,1
test_16403,1
test_16404,1
test_16405,0
test_16406,0
test_16407,1
test_16408,1
test_16409,0
test_16410,0
test_16411,0
test_16412,0
test_16413,0
test_16414,0
test_16415,1
test_16416,0
test_16417,0
test_16418,0
test_16419,0
test_16420,0
test_16421,1
test_16422,0
test_16423,1
test_16424,1
test_16425,0
test_16426,0
test_16427,0
test_16428,0
test_16429,1
test_16430,1
test_16431,1
test_16432,1
test_16433,0
test_16434,0
test_16435,0
test_16436,0
test_16437,0
test_16438,1
test_16439,1
test_16440,1
test_16441,0
test_16442,1
test_16443,0
test_16444,1
test_16445,0
test_16446,0
test_16447,1
test_16448,0
test_16449,1
test_16450,1
test_16451,0
test_16452,0
test_16453,1
test_16454,0
test_16455,1
test_16456,1
test_16457,0
test_16458,0
test_16459,0
test_16460,0
test_16461,1
test_16462,0
test_16463,1
test_16464,1
test_16465,0
test_16466,1
test_16467,1
test_16468,1
test_16469,1
test_16470,0
test_16471,0
test_16472,0
test_16473,0
test_16474,1
test_16475,0
test_16476,0
test_16477,0
test_16478,1
test_16479,1
test_16480,1
test_16481,0
test_16482,1
test_16483,0
test_16484,1
test_16485,0
test_16486,1
test_16487,0
test_16488,0
test_16489,0
test_16490,1
test_16491,1
test_16492,0
test_16493,0
test_16494,0
test_16495,1
test_16496,1
test_16497,0
test_16498,1
test_16499,0
test_16500,0
test_16501,1
test_16502,0
test_16503,0
test_16504,0
test_16505,1
test_16506,0
test_16507,0
test_16508,1
test_16509,0
test_16510,0
test_16511,1
test_16512,0
test_16513,1
test_16514,0
test_16515,1
test_16516,1
test_16517,0
test_16518,1
test_16519,1
test_16520,1
test_16521,0
test_16522,1
test_16523,1
test_16524,0
test_16525,0
test_16526,1
test_16527,0
test_16528,0
test_16529,1
test_16530,0
test_16531,1
test_16532,1
test_16533,0
test_16534,1
test_16535,1
test_16536,0
test_16537,0
test_16538,1
test_16539,1
test_16540,0
test_16541,0
test_16542,1
test_16543,0
test_16544,0
test_16545,0
test_16546,1
test_16547,1
test_16548,0
test_16549,0
test_16550,1
test_16551,1
test_16552,1
test_16553,0
test_16554,0
test_16555,0
test_16556,1
test_16557,1
test_16558,1
test_16559,1
test_16560,0
test_16561,1
test_16562,0
test_16563,0
test_16564,1
test_16565,1
test_16566,0
test_16567,1
test_16568,0
test_16569,0
test_16570,1
test_16571,1
test_16572,0
test_16573,0
test_16574,0
test_16575,0
test_16576,0
test_16577,0
test_16578,1
test_16579,1
test_16580,0
test_16581,0
test_16582,0
test_16583,1
test_16584,1
test_16585,0
test_16586,1
test_16587,0
test_16588,0
test_16589,1
test_16590,0
test_16591,1
test_16592,0
test_16593,0
test_16594,0
test_16595,1
test_16596,0
test_16597,0
test_16598,1
test_16599,1
test_16600,1
test_16601,0
test_16602,1
test_16603,0
test_16604,1
test_16605,0
test_16606,0
test_16607,0
test_16608,1
test_16609,1
test_16610,0
test_16611,1
test_16612,0
test_16613,1
test_16614,1
test_16615,0
test_16616,0
test_16617,0
test_16618,0
test_16619,0
test_16620,1
test_16621,1
test_16622,1
test_16623,1
test_16624,0
test_16625,0
test_16626,0
test_16627,0
test_16628,0
test_16629,0
test_16630,0
test_16631,0
test_16632,1
test_16633,0
test_16634,0
test_16635,0
test_16636,1
test_16637,0
test_16638,1
test_16639,1
test_16640,1
test_16641,1
test_16642,1
test_16643,1
test_16644,1
test_16645,1
test_16646,1
test_16647,1
test_16648,0
test_16649,0
test_16650,1
test_16651,0
test_16652,0
test_16653,1
test_16654,1
test_16655,0
test_16656,1
test_16657,1
test_16658,1
test_16659,1
test_16660,1
test_16661,0
test_16662,1
test_16663,0
test_16664,1
test_16665,0
test_16666,1
test_16667,0
test_16668,1
test_16669,0
test_16670,1
test_16671,1
test_16672,1
test_16673,0
test_16674,1
test_16675,1
test_16676,1
test_16677,0
test_16678,1
test_16679,0
test_16680,0
test_16681,0
test_16682,1
test_16683,0
test_16684,1
test_16685,0
test_16686,0
test_16687,1
test_16688,1
test_16689,1
test_16690,1
test_16691,1
test_16692,1
test_16693,0
test_16694,1
test_16695,0
test_16696,0
test_16697,0
test_16698,1
test_16699,0
test_16700,1
test_16701,0
test_16702,0
test_16703,1
test_16704,0
test_16705,0
test_16706,1
test_16707,1
test_16708,1
test_16709,1
test_16710,0
test_16711,1
test_16712,1
test_16713,0
test_16714,0
test_16715,0
test_16716,0
test_16717,0
test_16718,0
test_16719,0
test_16720,0
test_16721,1
test_16722,1
test_16723,1
test_16724,0
test_16725,0
test_16726,0
test_16727,1
test_16728,0
test_16729,1
test_16730,1
test_16731,0
test_16732,0
test_16733,0
test_16734,1
test_16735,0
test_16736,1
test_16737,1
test_16738,1
test_16739,0
test_16740,1
test_16741,0
test_16742,1
test_16743,0
test_16744,1
test_16745,0
test_16746,1
test_16747,0
test_16748,1
test_16749,0
test_16750,0
test_16751,1
test_16752,0
test_16753,1
test_16754,0
test_16755,0
test_16756,1
test_16757,0
test_16758,1
test_16759,1
test_16760,1
test_16761,1
test_16762,1
test_16763,0
test_16764,0
test_16765,1
test_16766,1
test_16767,0
test_16768,0
test_16769,0
test_16770,1
test_16771,1
test_16772,0
test_16773,1
test_16774,1
test_16775,0
test_16776,0
test_16777,1
test_16778,0
test_16779,0
test_16780,1
test_16781,1
test_16782,1
test_16783,1
test_16784,1
test_16785,1
test_16786,0
test_16787,0
test_16788,0
test_16789,1
test_16790,0
test_16791,0
test_16792,1
test_16793,0
test_16794,1
test_16795,0
test_16796,0
test_16797,0
test_16798,0
test_16799,1
test_16800,1
test_16801,1
test_16802,1
test_16803,0
test_16804,1
test_16805,0
test_16806,1
test_16807,1
test_16808,0
test_16809,0
test_16810,0
test_16811,1
test_16812,0
test_16813,0
test_16814,1
test_16815,1
test_16816,0
test_16817,1
test_16818,0
test_16819,1
test_16820,0
test_16821,1
test_16822,0
test_16823,1
test_16824,1
test_16825,1
test_16826,1
test_16827,0
test_16828,1
test_16829,0
test_16830,0
test_16831,1
test_16832,1
test_16833,0
test_16834,1
test_16835,1
test_16836,0
test_16837,1
test_16838,1
test_16839,0
test_16840,1
test_16841,1
test_16842,0
test_16843,0
test_16844,1
test_16845,0
test_16846,0
test_16847,1
test_16848,1
test_16849,1
test_16850,0
test_16851,0
test_16852,0
test_16853,0
test_16854,0
test_16855,0
test_16856,0
test_16857,1
test_16858,1
test_16859,0
test_16860,1
test_16861,0
test_16862,0
test_16863,1
test_16864,0
test_16865,0
test_16866,0
test_16867,1
test_16868,1
test_16869,1
test_16870,1
test_16871,1
test_16872,1
test_16873,0
test_16874,1
test_16875,0
test_16876,1
test_16877,0
test_16878,0
test_16879,1
test_16880,1
test_16881,0
test_16882,0
test_16883,1
test_16884,1
test_16885,0
test_16886,1
test_16887,1
test_16888,1
test_16889,1
test_16890,1
test_16891,1
test_16892,1
test_16893,1
test_16894,1
test_16895,0
test_16896,1
test_16897,0
test_16898,1
test_16899,0
test_16900,0
test_16901,0
test_16902,0
test_16903,1
test_16904,1
test_16905,0
test_16906,0
test_16907,1
test_16908,0
test_16909,1
test_16910,1
test_16911,0
test_16912,1
test_16913,1
test_16914,0
test_16915,1
test_16916,1
test_16917,0
test_16918,1
test_16919,1
test_16920,1
test_16921,1
test_16922,0
test_16923,0
test_16924,1
test_16925,1
test_16926,0
test_16927,0
test_16928,1
test_16929,0
test_16930,0
test_16931,1
test_16932,0
test_16933,1
test_16934,1
test_16935,0
test_16936,1
test_16937,1
test_16938,0
test_16939,1
test_16940,1
test_16941,1
test_16942,0
test_16943,1
test_16944,0
test_16945,0
test_16946,1
test_16947,0
test_16948,0
test_16949,1
test_16950,1
test_16951,1
test_16952,1
test_16953,1
test_16954,0
test_16955,1
test_16956,0
test_16957,0
test_16958,1
test_16959,1
test_16960,1
test_16961,0
test_16962,0
test_16963,1
test_16964,0
test_16965,0
test_16966,0
test_16967,1
test_16968,0
test_16969,1
test_16970,0
test_16971,1
test_16972,0
test_16973,1
test_16974,1
test_16975,0
test_16976,0
test_16977,0
test_16978,1
test_16979,1
test_16980,1
test_16981,1
test_16982,0
test_16983,1
test_16984,0
test_16985,0
test_16986,0
test_16987,0
test_16988,0
test_16989,1
test_16990,0
test_16991,0
test_16992,1
test_16993,0
test_16994,0
test_16995,1
test_16996,0
test_16997,0
test_16998,0
test_16999,1
test_17000,1
test_17001,1
test_17002,1
test_17003,0
test_17004,1
test_17005,0
test_17006,1
test_17007,1
test_17008,1
test_17009,0
test_17010,0
test_17011,1
test_17012,0
test_17013,1
test_17014,0
test_17015,1
test_17016,0
test_17017,0
test_17018,0
test_17019,0
test_17020,1
test_17021,1
test_17022,0
test_17023,0
test_17024,1
test_17025,0
test_17026,1
test_17027,1
test_17028,1
test_17029,0
test_17030,1
test_17031,0
test_17032,0
test_17033,1
test_17034,0
test_17035,1
test_17036,1
test_17037,0
test_17038,1
test_17039,0
test_17040,1
test_17041,0
test_17042,0
test_17043,0
test_17044,0
test_17045,0
test_17046,1
test_17047,1
test_17048,1
test_17049,1
test_17050,1
test_17051,0
test_17052,0
test_17053,1
test_17054,1
test_17055,0
test_17056,1
test_17057,1
test_17058,0
test_17059,0
test_17060,0
test_17061,0
test_17062,1
test_17063,1
test_17064,0
test_17065,1
test_17066,1
test_17067,1
test_17068,0
test_17069,1
test_17070,0
test_17071,1
test_17072,1
test_17073,1
test_17074,1
test_17075,1
test_17076,1
test_17077,1
test_17078,1
test_17079,1
test_17080,0
test_17081,0
test_17082,1
test_17083,1
test_17084,1
test_17085,0
test_17086,1
test_17087,1
test_17088,1
test_17089,0
test_17090,1
test_17091,0
test_17092,0
test_17093,1
test_17094,0
test_17095,1
test_17096,0
test_17097,1
test_17098,0
test_17099,1
test_17100,0
test_17101,0
test_17102,1
test_17103,0
test_17104,1
test_17105,1
test_17106,1
test_17107,0
test_17108,1
test_17109,0
test_17110,1
test_17111,1
test_17112,1
test_17113,1
test_17114,1
test_17115,1
test_17116,1
test_17117,0
test_17118,1
test_17119,1
test_17120,1
test_17121,1
test_17122,1
test_17123,0
test_17124,0
test_17125,1
test_17126,1
test_17127,1
test_17128,0
test_17129,1
test_17130,1
test_17131,0
test_17132,0
test_17133,0
test_17134,0
test_17135,1
test_17136,1
test_17137,1
test_17138,0
test_17139,0
test_17140,1
test_17141,1
test_17142,1
test_17143,1
test_17144,0
test_17145,0
test_17146,1
test_17147,1
test_17148,0
test_17149,1
test_17150,0
test_17151,1
test_17152,0
test_17153,0
test_17154,0
test_17155,0
test_17156,0
test_17157,1
test_17158,0
test_17159,0
test_17160,1
test_17161,1
test_17162,0
test_17163,1
test_17164,1
test_17165,1
test_17166,0
test_17167,0
test_17168,1
test_17169,1
test_17170,0
test_17171,0
test_17172,1
test_17173,1
test_17174,1
test_17175,0
test_17176,0
test_17177,1
test_17178,0
test_17179,1
test_17180,1
test_17181,1
test_17182,0
test_17183,1
test_17184,0
test_17185,1
test_17186,0
test_17187,0
test_17188,0
test_17189,0
test_17190,0
test_17191,0
test_17192,1
test_17193,0
test_17194,1
test_17195,0
test_17196,0
test_17197,0
test_17198,0
test_17199,0
test_17200,1
test_17201,0
test_17202,0
test_17203,1
test_17204,1
test_17205,0
test_17206,1
test_17207,0
test_17208,1
test_17209,0
test_17210,0
test_17211,0
test_17212,1
test_17213,1
test_17214,1
test_17215,1
test_17216,0
test_17217,0
test_17218,0
test_17219,0
test_17220,0
test_17221,1
test_17222,1
test_17223,0
test_17224,0
test_17225,1
test_17226,0
test_17227,1
test_17228,1
test_17229,1
test_17230,1
test_17231,0
test_17232,0
test_17233,0
test_17234,0
test_17235,1
test_17236,0
test_17237,1
test_17238,0
test_17239,1
test_17240,0
test_17241,0
test_17242,1
test_17243,0
test_17244,1
test_17245,0
test_17246,0
test_17247,0
test_17248,0
test_17249,1
test_17250,0
test_17251,1
test_17252,1
test_17253,1
test_17254,0
test_17255,1
test_17256,0
test_17257,0
test_17258,1
test_17259,1
test_17260,0
test_17261,1
test_17262,1
test_17263,0
test_17264,1
test_17265,1
test_17266,0
test_17267,0
test_17268,0
test_17269,0
test_17270,0
test_17271,0
test_17272,1
test_17273,1
test_17274,1
test_17275,0
test_17276,1
test_17277,1
test_17278,0
test_17279,0
test_17280,1
test_17281,0
test_17282,0
test_17283,0
test_17284,1
test_17285,1
test_17286,1
test_17287,0
test_17288,0
test_17289,0
test_17290,0
test_17291,1
test_17292,1
test_17293,0
test_17294,1
test_17295,0
test_17296,0
test_17297,1
test_17298,0
test_17299,0
test_17300,0
test_17301,1
test_17302,0
test_17303,0
test_17304,0
test_17305,1
test_17306,1
test_17307,1
test_17308,1
test_17309,0
test_17310,1
test_17311,0
test_17312,1
test_17313,1
test_17314,1
test_17315,1
test_17316,0
test_17317,0
test_17318,1
test_17319,1
test_17320,1
test_17321,1
test_17322,0
test_17323,1
test_17324,0
test_17325,0
test_17326,1
test_17327,0
test_17328,1
test_17329,0
test_17330,0
test_17331,0
test_17332,1
test_17333,1
test_17334,0
test_17335,1
test_17336,0
test_17337,0
test_17338,1
test_17339,0
test_17340,0
test_17341,0
test_17342,0
test_17343,0
test_17344,1
test_17345,1
test_17346,1
test_17347,0
test_17348,1
test_17349,0
test_17350,0
test_17351,1
test_17352,1
test_17353,1
test_17354,1
test_17355,0
test_17356,1
test_17357,1
test_17358,0
test_17359,1
test_17360,1
test_17361,1
test_17362,0
test_17363,0
test_17364,0
test_17365,0
test_17366,0
test_17367,1
test_17368,0
test_17369,1
test_17370,0
test_17371,1
test_17372,0
test_17373,0
test_17374,1
test_17375,0
test_17376,1
test_17377,0
test_17378,0
test_17379,1
test_17380,1
test_17381,0
test_17382,1
test_17383,1
test_17384,1
test_17385,0
test_17386,0
test_17387,1
test_17388,0
test_17389,0
test_17390,1
test_17391,0
test_17392,0
test_17393,1
test_17394,0
test_17395,0
test_17396,1
test_17397,0
test_17398,1
test_17399,0
test_17400,0
test_17401,1
test_17402,1
test_17403,1
test_17404,1
test_17405,1
test_17406,0
test_17407,1
test_17408,0
test_17409,1
test_17410,1
test_17411,1
test_17412,1
test_17413,1
test_17414,1
test_17415,0
test_17416,1
test_17417,1
test_17418,0
test_17419,1
test_17420,1
test_17421,1
test_17422,0
test_17423,1
test_17424,0
test_17425,1
test_17426,1
test_17427,1
test_17428,0
test_17429,0
test_17430,1
test_17431,0
test_17432,0
test_17433,1
test_17434,0
test_17435,1
test_17436,0
test_17437,0
test_17438,1
test_17439,0
test_17440,0
test_17441,1
test_17442,0
test_17443,1
test_17444,0
test_17445,0
test_17446,0
test_17447,0
test_17448,1
test_17449,0
test_17450,1
test_17451,0
test_17452,0
test_17453,1
test_17454,0
test_17455,0
test_17456,0
test_17457,1
test_17458,0
test_17459,1
test_17460,0
test_17461,1
test_17462,0
test_17463,0
test_17464,0
test_17465,0
test_17466,1
test_17467,1
test_17468,1
test_17469,0
test_17470,0
test_17471,0
test_17472,1
test_17473,1
test_17474,1
test_17475,0
test_17476,1
test_17477,0
test_17478,0
test_17479,0
test_17480,1
test_17481,1
test_17482,0
test_17483,1
test_17484,0
test_17485,1
test_17486,0
test_17487,1
test_17488,0
test_17489,1
test_17490,0
test_17491,1
test_17492,0
test_17493,1
test_17494,1
test_17495,0
test_17496,0
test_17497,0
test_17498,0
test_17499,1
test_17500,0
test_17501,1
test_17502,0
test_17503,1
test_17504,0
test_17505,0
test_17506,0
test_17507,1
test_17508,1
test_17509,1
test_17510,0
test_17511,1
test_17512,0
test_17513,1
test_17514,1
test_17515,1
test_17516,0
test_17517,1
test_17518,0
test_17519,0
test_17520,1
test_17521,1
test_17522,1
test_17523,0
test_17524,1
test_17525,0
test_17526,1
test_17527,0
test_17528,1
test_17529,0
test_17530,1
test_17531,0
test_17532,1
test_17533,1
test_17534,1
test_17535,1
test_17536,1
test_17537,1
test_17538,1
test_17539,0
test_17540,0
test_17541,1
test_17542,1
test_17543,1
test_17544,0
test_17545,1
test_17546,1
test_17547,0
test_17548,1
test_17549,0
test_17550,1
test_17551,0
test_17552,1
test_17553,0
test_17554,1
test_17555,0
test_17556,0
test_17557,1
test_17558,1
test_17559,1
test_17560,0
test_17561,0
test_17562,0
test_17563,1
test_17564,0
test_17565,0
test_17566,1
test_17567,1
test_17568,0
test_17569,0
test_17570,0
test_17571,0
test_17572,1
test_17573,1
test_17574,0
test_17575,0
test_17576,1
test_17577,1
test_17578,0
test_17579,0
test_17580,1
test_17581,0
test_17582,1
test_17583,0
test_17584,1
test_17585,1
test_17586,0
test_17587,0
test_17588,0
test_17589,1
test_17590,1
test_17591,0
test_17592,0
test_17593,1
test_17594,0
test_17595,1
test_17596,1
test_17597,0
test_17598,0
test_17599,1
test_17600,1
test_17601,0
test_17602,0
test_17603,0
test_17604,0
test_17605,0
test_17606,0
test_17607,0
test_17608,0
test_17609,1
test_17610,1
test_17611,1
test_17612,0
test_17613,1
test_17614,1
test_17615,0
test_17616,1
test_17617,0
test_17618,0
test_17619,1
test_17620,1
test_17621,0
test_17622,0
test_17623,1
test_17624,1
test_17625,1
test_17626,0
test_17627,1
test_17628,1
test_17629,1
test_17630,1
test_17631,0
test_17632,0
test_17633,1
test_17634,0
test_17635,1
test_17636,0
test_17637,0
test_17638,1
test_17639,1
test_17640,1
test_17641,0
test_17642,1
test_17643,0
test_17644,1
test_17645,1
test_17646,1
test_17647,0
test_17648,1
test_17649,0
test_17650,0
test_17651,1
test_17652,0
test_17653,0
test_17654,0
test_17655,0
test_17656,1
test_17657,1
test_17658,1
test_17659,0
test_17660,1
test_17661,0
test_17662,1
test_17663,1
test_17664,0
test_17665,0
test_17666,0
test_17667,1
test_17668,0
test_17669,0
test_17670,0
test_17671,0
test_17672,1
test_17673,0
test_17674,0
test_17675,1
test_17676,1
test_17677,1
test_17678,0
test_17679,1
test_17680,0
test_17681,0
test_17682,1
test_17683,1
test_17684,1
test_17685,1
test_17686,1
test_17687,0
test_17688,0
test_17689,1
test_17690,0
test_17691,1
test_17692,1
test_17693,1
test_17694,1
test_17695,1
test_17696,1
test_17697,1
test_17698,0
test_17699,0
test_17700,0
test_17701,1
test_17702,0
test_17703,0
test_17704,0
test_17705,0
test_17706,1
test_17707,0
test_17708,1
test_17709,0
test_17710,1
test_17711,0
test_17712,0
test_17713,0
test_17714,0
test_17715,0
test_17716,0
test_17717,1
test_17718,0
test_17719,0
test_17720,0
test_17721,0
test_17722,0
test_17723,1
test_17724,1
test_17725,0
test_17726,1
test_17727,1
test_17728,1
test_17729,1
test_17730,1
test_17731,1
test_17732,1
test_17733,1
test_17734,0
test_17735,1
test_17736,1
test_17737,0
test_17738,0
test_17739,1
test_17740,0
test_17741,0
test_17742,0
test_17743,1
test_17744,1
test_17745,0
test_17746,0
test_17747,0
test_17748,1
test_17749,0
test_17750,0
test_17751,1
test_17752,0
test_17753,1
test_17754,0
test_17755,0
test_17756,0
test_17757,1
test_17758,0
test_17759,1
test_17760,0
test_17761,1
test_17762,0
test_17763,0
test_17764,0
test_17765,1
test_17766,0
test_17767,0
test_17768,1
test_17769,0
test_17770,1
test_17771,0
test_17772,1
test_17773,1
test_17774,0
test_17775,0
test_17776,1
test_17777,0
test_17778,0
test_17779,0
test_17780,1
test_17781,0
test_17782,1
test_17783,0
test_17784,0
test_17785,1
test_17786,1
test_17787,1
test_17788,1
test_17789,0
test_17790,0
test_17791,1
test_17792,0
test_17793,0
test_17794,0
test_17795,0
test_17796,0
test_17797,1
test_17798,0
test_17799,0
test_17800,1
test_17801,0
test_17802,0
test_17803,0
test_17804,1
test_17805,1
test_17806,1
test_17807,0
test_17808,0
test_17809,0
test_17810,0
test_17811,0
test_17812,1
test_17813,0
test_17814,1
test_17815,1
test_17816,1
test_17817,0
test_17818,0
test_17819,1
test_17820,0
test_17821,1
test_17822,0
test_17823,0
test_17824,1
test_17825,0
test_17826,0
test_17827,1
test_17828,1
test_17829,0
test_17830,1
test_17831,0
test_17832,0
test_17833,1
test_17834,0
test_17835,1
test_17836,0
test_17837,0
test_17838,1
test_17839,1
test_17840,1
test_17841,0
test_17842,1
test_17843,0
test_17844,0
test_17845,0
test_17846,0
test_17847,1
test_17848,1
test_17849,0
test_17850,0
test_17851,1
test_17852,1
test_17853,1
test_17854,0
test_17855,0
test_17856,1
test_17857,0
test_17858,0
test_17859,0
test_17860,0
test_17861,0
test_17862,1
test_17863,0
test_17864,1
test_17865,1
test_17866,0
test_17867,0
test_17868,0
test_17869,0
test_17870,1
test_17871,1
test_17872,0
test_17873,1
test_17874,0
test_17875,1
test_17876,0
test_17877,1
test_17878,1
test_17879,1
test_17880,0
test_17881,1
test_17882,0
test_17883,1
test_17884,1
test_17885,1
test_17886,0
test_17887,1
test_17888,0
test_17889,1
test_17890,1
test_17891,1
test_17892,1
test_17893,1
test_17894,1
test_17895,0
test_17896,0
test_17897,0
test_17898,1
test_17899,0
test_17900,1
test_17901,0
test_17902,1
test_17903,1
test_17904,1
test_17905,0
test_17906,1
test_17907,0
test_17908,0
test_17909,1
test_17910,0
test_17911,0
test_17912,1
test_17913,1
test_17914,0
test_17915,1
test_17916,0
test_17917,0
test_17918,0
test_17919,0
test_17920,0
test_17921,1
test_17922,1
test_17923,1
test_17924,0
test_17925,0
test_17926,0
test_17927,1
test_17928,1
test_17929,0
test_17930,1
test_17931,1
test_17932,1
test_17933,1
test_17934,0
test_17935,1
test_17936,1
test_17937,1
test_17938,0
test_17939,1
test_17940,1
test_17941,0
test_17942,1
test_17943,1
test_17944,1
test_17945,1
test_17946,0
test_17947,1
test_17948,0
test_17949,1
test_17950,1
test_17951,0
test_17952,0
test_17953,1
test_17954,0
test_17955,0
test_17956,1
test_17957,0
test_17958,0
test_17959,0
test_17960,0
test_17961,1
test_17962,0
test_17963,1
test_17964,0
test_17965,1
test_17966,1
test_17967,1
test_17968,0
test_17969,0
test_17970,0
test_17971,1
test_17972,0
test_17973,1
test_17974,0
test_17975,0
test_17976,0
test_17977,0
test_17978,1
test_17979,1
test_17980,1
test_17981,1
test_17982,1
test_17983,1
test_17984,0
test_17985,0
test_17986,0
test_17987,0
test_17988,1
test_17989,1
test_17990,0
test_17991,1
test_17992,1
test_17993,0
test_17994,0
test_17995,0
test_17996,1
test_17997,0
test_17998,1
test_17999,1
test_18000,1
test_18001,0
test_18002,1
test_18003,1
test_18004,0
test_18005,1
test_18006,0
test_18007,1
test_18008,1
test_18009,1
test_18010,0
test_18011,1
test_18012,0
test_18013,1
test_18014,0
test_18015,0
test_18016,1
test_18017,0
test_18018,0
test_18019,0
test_18020,1
test_18021,1
test_18022,1
test_18023,1
test_18024,1
test_18025,0
test_18026,0
test_18027,0
test_18028,1
test_18029,0
test_18030,1
test_18031,1
test_18032,0
test_18033,1
test_18034,1
test_18035,0
test_18036,1
test_18037,0
test_18038,0
test_18039,0
test_18040,1
test_18041,1
test_18042,1
test_18043,0
test_18044,1
test_18045,0
test_18046,1
test_18047,0
test_18048,0
test_18049,1
test_18050,0
test_18051,0
test_18052,0
test_18053,0
test_18054,0
test_18055,1
test_18056,1
test_18057,0
test_18058,1
test_18059,1
test_18060,0
test_18061,1
test_18062,1
test_18063,0
test_18064,1
test_18065,1
test_18066,0
test_18067,0
test_18068,0
test_18069,1
test_18070,1
test_18071,0
test_18072,0
test_18073,1
test_18074,0
test_18075,1
test_18076,1
test_18077,0
test_18078,1
test_18079,1
test_18080,1
test_18081,1
test_18082,1
test_18083,1
test_18084,1
test_18085,0
test_18086,1
test_18087,0
test_18088,1
test_18089,0
test_18090,0
test_18091,1
test_18092,1
test_18093,0
test_18094,0
test_18095,0
test_18096,1
test_18097,1
test_18098,1
test_18099,1
test_18100,0
test_18101,0
test_18102,1
test_18103,1
test_18104,1
test_18105,1
test_18106,0
test_18107,0
test_18108,0
test_18109,0
test_18110,1
test_18111,1
test_18112,0
test_18113,0
test_18114,1
test_18115,1
test_18116,1
test_18117,1
test_18118,0
test_18119,1
test_18120,0
test_18121,1
test_18122,0
test_18123,1
test_18124,0
test_18125,1
test_18126,1
test_18127,0
test_18128,0
test_18129,0
test_18130,0
test_18131,1
test_18132,0
test_18133,0
test_18134,0
test_18135,1
test_18136,0
test_18137,0
test_18138,0
test_18139,0
test_18140,0
test_18141,1
test_18142,0
test_18143,1
test_18144,0
test_18145,1
test_18146,1
test_18147,0
test_18148,0
test_18149,1
test_18150,1
test_18151,1
test_18152,0
test_18153,0
test_18154,1
test_18155,1
test_18156,0
test_18157,0
test_18158,1
test_18159,0
test_18160,1
test_18161,1
test_18162,1
test_18163,0
test_18164,1
test_18165,1
test_18166,0
test_18167,1
test_18168,1
test_18169,1
test_18170,1
test_18171,1
test_18172,0
test_18173,1
test_18174,1
test_18175,0
test_18176,1
test_18177,1
test_18178,1
test_18179,1
test_18180,0
test_18181,1
test_18182,1
test_18183,1
test_18184,1
test_18185,1
test_18186,0
test_18187,0
test_18188,0
test_18189,0
test_18190,1
test_18191,0
test_18192,1
test_18193,0
test_18194,0
test_18195,1
test_18196,1
test_18197,1
test_18198,1
test_18199,1
test_18200,0
test_18201,1
test_18202,1
test_18203,0
test_18204,1
test_18205,0
test_18206,0
test_18207,1
test_18208,1
test_18209,1
test_18210,1
test_18211,0
test_18212,0
test_18213,0
test_18214,0
test_18215,0
test_18216,0
test_18217,0
test_18218,1
test_18219,0
test_18220,1
test_18221,0
test_18222,0
test_18223,0
test_18224,0
test_18225,1
test_18226,1
test_18227,1
test_18228,1
test_18229,0
test_18230,1
test_18231,0
test_18232,0
test_18233,1
test_18234,0
test_18235,1
test_18236,0
test_18237,0
test_18238,1
test_18239,1
test_18240,0
test_18241,1
test_18242,0
test_18243,0
test_18244,1
test_18245,1
test_18246,1
test_18247,1
test_18248,0
test_18249,0
test_18250,0
test_18251,0
test_18252,1
test_18253,1
test_18254,0
test_18255,0
test_18256,0
test_18257,0
test_18258,1
test_18259,0
test_18260,1
test_18261,1
test_18262,0
test_18263,1
test_18264,0
test_18265,0
test_18266,0
test_18267,1
test_18268,1
test_18269,0
test_18270,1
test_18271,1
test_18272,0
test_18273,0
test_18274,0
test_18275,0
test_18276,0
test_18277,0
test_18278,0
test_18279,0
test_18280,1
test_18281,0
test_18282,1
test_18283,0
test_18284,1
test_18285,1
test_18286,0
test_18287,0
test_18288,0
test_18289,1
test_18290,1
test_18291,0
test_18292,0
test_18293,1
test_18294,1
test_18295,1
test_18296,0
test_18297,0
test_18298,1
test_18299,0
test_18300,0
test_18301,0
test_18302,0
test_18303,0
test_18304,0
test_18305,0
test_18306,0
test_18307,0
test_18308,0
test_18309,0
test_18310,1
test_18311,0
test_18312,0
test_18313,1
test_18314,0
test_18315,0
test_18316,0
test_18317,1
test_18318,1
test_18319,0
test_18320,0
test_18321,0
test_18322,1
test_18323,1
test_18324,1
test_18325,0
test_18326,1
test_18327,0
test_18328,0
test_18329,1
test_18330,0
test_18331,1
test_18332,0
test_18333,0
test_18334,1
test_18335,0
test_18336,0
test_18337,1
test_18338,1
test_18339,0
test_18340,1
test_18341,0
test_18342,0
test_18343,1
test_18344,1
test_18345,0
test_18346,0
test_18347,1
test_18348,0
test_18349,1
test_18350,1
test_18351,0
test_18352,1
test_18353,0
test_18354,0
test_18355,1
test_18356,0
test_18357,1
test_18358,0
test_18359,0
test_18360,1
test_18361,1
test_18362,0
test_18363,1
test_18364,1
test_18365,1
test_18366,1
test_18367,0
test_18368,1
test_18369,1
test_18370,1
test_18371,0
test_18372,1
test_18373,0
test_18374,1
test_18375,1
test_18376,0
test_18377,1
test_18378,0
test_18379,1
test_18380,0
test_18381,1
test_18382,0
test_18383,1
test_18384,0
test_18385,1
test_18386,1
test_18387,0
test_18388,1
test_18389,1
test_18390,1
test_18391,0
test_18392,0
test_18393,1
test_18394,0
test_18395,0
test_18396,0
test_18397,1
test_18398,1
test_18399,1
test_18400,0
test_18401,1
test_18402,1
test_18403,1
test_18404,0
test_18405,0
test_18406,1
test_18407,1
test_18408,1
test_18409,0
test_18410,1
test_18411,1
test_18412,1
test_18413,1
test_18414,0
test_18415,0
test_18416,1
test_18417,0
test_18418,0
test_18419,1
test_18420,1
test_18421,0
test_18422,1
test_18423,1
test_18424,1
test_18425,0
test_18426,1
test_18427,1
test_18428,0
test_18429,0
test_18430,1
test_18431,1
test_18432,0
test_18433,1
test_18434,1
test_18435,1
test_18436,1
test_18437,0
test_18438,1
test_18439,1
test_18440,1
test_18441,1
test_18442,1
test_18443,0
test_18444,0
test_18445,1
test_18446,0
test_18447,0
test_18448,0
test_18449,0
test_18450,0
test_18451,0
test_18452,0
test_18453,1
test_18454,0
test_18455,1
test_18456,1
test_18457,1
test_18458,1
test_18459,1
test_18460,1
test_18461,0
test_18462,1
test_18463,1
test_18464,1
test_18465,0
test_18466,1
test_18467,0
test_18468,0
test_18469,0
test_18470,1
test_18471,1
test_18472,0
test_18473,1
test_18474,1
test_18475,0
test_18476,1
test_18477,0
test_18478,0
test_18479,1
test_18480,0
test_18481,0
test_18482,1
test_18483,1
test_18484,0
test_18485,1
test_18486,1
test_18487,1
test_18488,0
test_18489,0
test_18490,1
test_18491,0
test_18492,1
test_18493,0
test_18494,0
test_18495,1
test_18496,1
test_18497,1
test_18498,1
test_18499,0
test_18500,1
test_18501,1
test_18502,1
test_18503,0
test_18504,1
test_18505,0
test_18506,1
test_18507,1
test_18508,0
test_18509,1
test_18510,1
test_18511,0
test_18512,1
test_18513,0
test_18514,1
test_18515,0
test_18516,1
test_18517,1
test_18518,1
test_18519,1
test_18520,0
test_18521,1
test_18522,0
test_18523,0
test_18524,0
test_18525,0
test_18526,0
test_18527,1
test_18528,0
test_18529,1
test_18530,0
test_18531,1
test_18532,0
test_18533,1
test_18534,0
test_18535,0
test_18536,1
test_18537,1
test_18538,1
test_18539,0
test_18540,0
test_18541,1
test_18542,0
test_18543,1
test_18544,1
test_18545,1
test_18546,1
test_18547,1
test_18548,1
test_18549,1
test_18550,1
test_18551,1
test_18552,0
test_18553,0
test_18554,1
test_18555,0
test_18556,0
test_18557,1
test_18558,1
test_18559,1
test_18560,0
test_18561,0
test_18562,1
test_18563,1
test_18564,0
test_18565,1
test_18566,0
test_18567,1
test_18568,0
test_18569,1
test_18570,1
test_18571,0
test_18572,0
test_18573,1
test_18574,1
test_18575,0
test_18576,0
test_18577,0
test_18578,1
test_18579,1
test_18580,0
test_18581,0
test_18582,1
test_18583,0
test_18584,0
test_18585,0
test_18586,1
test_18587,1
test_18588,1
test_18589,0
test_18590,1
test_18591,0
test_18592,0
test_18593,0
test_18594,0
test_18595,1
test_18596,1
test_18597,1
test_18598,1
test_18599,1
test_18600,1
test_18601,1
test_18602,1
test_18603,1
test_18604,0
test_18605,0
test_18606,1
test_18607,1
test_18608,1
test_18609,0
test_18610,0
test_18611,0
test_18612,1
test_18613,1
test_18614,0
test_18615,1
test_18616,0
test_18617,1
test_18618,0
test_18619,1
test_18620,1
test_18621,0
test_18622,0
test_18623,1
test_18624,0
test_18625,1
test_18626,0
test_18627,1
test_18628,0
test_18629,0
test_18630,1
test_18631,0
test_18632,1
test_18633,0
test_18634,1
test_18635,1
test_18636,0
test_18637,1
test_18638,0
test_18639,1
test_18640,1
test_18641,1
test_18642,0
test_18643,0
test_18644,0
test_18645,0
test_18646,1
test_18647,1
test_18648,1
test_18649,0
test_18650,0
test_18651,0
test_18652,0
test_18653,0
test_18654,0
test_18655,0
test_18656,1
test_18657,0
test_18658,0
test_18659,1
test_18660,1
test_18661,0
test_18662,0
test_18663,1
test_18664,1
test_18665,0
test_18666,1
test_18667,1
test_18668,1
test_18669,1
test_18670,0
test_18671,0
test_18672,0
test_18673,1
test_18674,0
test_18675,0
test_18676,1
test_18677,0
test_18678,0
test_18679,1
test_18680,1
test_18681,1
test_18682,0
test_18683,1
test_18684,1
test_18685,0
test_18686,1
test_18687,1
test_18688,0
test_18689,0
test_18690,1
test_18691,1
test_18692,0
test_18693,1
test_18694,0
test_18695,1
test_18696,1
test_18697,0
test_18698,0
test_18699,0
test_18700,1
test_18701,1
test_18702,1
test_18703,0
test_18704,1
test_18705,0
test_18706,1
test_18707,0
test_18708,0
test_18709,1
test_18710,1
test_18711,1
test_18712,0
test_18713,1
test_18714,1
test_18715,1
test_18716,1
test_18717,0
test_18718,1
test_18719,1
test_18720,0
test_18721,1
test_18722,0
test_18723,0
test_18724,1
test_18725,1
test_18726,1
test_18727,1
test_18728,0
test_18729,0
test_18730,1
test_18731,1
test_18732,0
test_18733,1
test_18734,1
test_18735,0
test_18736,1
test_18737,1
test_18738,0
test_18739,0
test_18740,1
test_18741,0
test_18742,1
test_18743,1
test_18744,1
test_18745,1
test_18746,1
test_18747,0
test_18748,1
test_18749,1
test_18750,0
test_18751,1
test_18752,0
test_18753,1
test_18754,1
test_18755,1
test_18756,1
test_18757,0
test_18758,0
test_18759,1
test_18760,1
test_18761,1
test_18762,1
test_18763,1
test_18764,1
test_18765,0
test_18766,0
test_18767,1
test_18768,1
test_18769,0
test_18770,0
test_18771,1
test_18772,0
test_18773,0
test_18774,0
test_18775,0
test_18776,0
test_18777,0
test_18778,1
test_18779,1
test_18780,0
test_18781,0
test_18782,1
test_18783,0
test_18784,0
test_18785,0
test_18786,0
test_18787,1
test_18788,1
test_18789,0
test_18790,0
test_18791,0
test_18792,1
test_18793,0
test_18794,1
test_18795,0
test_18796,1
test_18797,1
test_18798,0
test_18799,1
test_18800,1
test_18801,0
test_18802,1
test_18803,0
test_18804,0
test_18805,0
test_18806,1
test_18807,0
test_18808,0
test_18809,0
test_18810,1
test_18811,0
test_18812,0
test_18813,1
test_18814,1
test_18815,1
test_18816,1
test_18817,0
test_18818,0
test_18819,1
test_18820,0
test_18821,1
test_18822,1
test_18823,1
test_18824,0
test_18825,1
test_18826,0
test_18827,0
test_18828,0
test_18829,0
test_18830,0
test_18831,1
test_18832,0
test_18833,0
test_18834,1
test_18835,1
test_18836,1
test_18837,1
test_18838,0
test_18839,1
test_18840,1
test_18841,0
test_18842,0
test_18843,1
test_18844,0
test_18845,1
test_18846,1
test_18847,0
test_18848,0
test_18849,1
test_18850,1
test_18851,1
test_18852,0
test_18853,0
test_18854,1
test_18855,0
test_18856,0
test_18857,0
test_18858,0
test_18859,1
test_18860,1
test_18861,0
test_18862,0
test_18863,0
test_18864,1
test_18865,0
test_18866,0
test_18867,1
test_18868,0
test_18869,1
test_18870,1
test_18871,0
test_18872,0
test_18873,1
test_18874,1
test_18875,0
test_18876,1
test_18877,0
test_18878,1
test_18879,0
test_18880,1
test_18881,1
test_18882,0
test_18883,0
test_18884,0
test_18885,0
test_18886,1
test_18887,0
test_18888,0
test_18889,0
test_18890,0
test_18891,0
test_18892,1
test_18893,1
test_18894,1
test_18895,1
test_18896,1
test_18897,1
test_18898,1
test_18899,0
test_18900,0
test_18901,1
test_18902,1
test_18903,0
test_18904,0
test_18905,1
test_18906,0
test_18907,0
test_18908,1
test_18909,1
test_18910,0
test_18911,0
test_18912,1
test_18913,0
test_18914,0
test_18915,1
test_18916,0
test_18917,0
test_18918,1
test_18919,1
test_18920,0
test_18921,1
test_18922,0
test_18923,1
test_18924,0
test_18925,0
test_18926,0
test_18927,0
test_18928,0
test_18929,0
test_18930,1
test_18931,1
test_18932,0
test_18933,1
test_18934,1
test_18935,0
test_18936,0
test_18937,1
test_18938,0
test_18939,0
test_18940,0
test_18941,1
test_18942,0
test_18943,0
test_18944,0
test_18945,1
test_18946,0
test_18947,1
test_18948,0
test_18949,1
test_18950,0
test_18951,0
test_18952,1
test_18953,0
test_18954,1
test_18955,1
test_18956,0
test_18957,1
test_18958,1
test_18959,0
test_18960,0
test_18961,0
test_18962,0
test_18963,0
test_18964,0
test_18965,0
test_18966,1
test_18967,1
test_18968,1
test_18969,1
test_18970,0
test_18971,1
test_18972,0
test_18973,1
test_18974,1
test_18975,1
test_18976,1
test_18977,1
test_18978,1
test_18979,1
test_18980,1
test_18981,0
test_18982,0
test_18983,1
test_18984,1
test_18985,1
test_18986,1
test_18987,1
test_18988,1
test_18989,1
test_18990,1
test_18991,1
test_18992,0
test_18993,1
test_18994,0
test_18995,1
test_18996,0
test_18997,0
test_18998,1
test_18999,0
test_19000,1
test_19001,0
test_19002,0
test_19003,0
test_19004,0
test_19005,0
test_19006,1
test_19007,0
test_19008,1
test_19009,0
test_19010,0
test_19011,1
test_19012,0
test_19013,0
test_19014,1
test_19015,0
test_19016,1
test_19017,0
test_19018,0
test_19019,1
test_19020,0
test_19021,0
test_19022,1
test_19023,0
test_19024,1
test_19025,1
test_19026,1
test_19027,1
test_19028,0
test_19029,0
test_19030,0
test_19031,1
test_19032,0
test_19033,1
test_19034,1
test_19035,0
test_19036,1
test_19037,1
test_19038,0
test_19039,1
test_19040,1
test_19041,1
test_19042,1
test_19043,1
test_19044,0
test_19045,0
test_19046,1
test_19047,1
test_19048,1
test_19049,1
test_19050,1
test_19051,1
test_19052,1
test_19053,1
test_19054,0
test_19055,1
test_19056,0
test_19057,1
test_19058,0
test_19059,0
test_19060,0
test_19061,1
test_19062,1
test_19063,1
test_19064,0
test_19065,0
test_19066,0
test_19067,1
test_19068,1
test_19069,0
test_19070,1
test_19071,1
test_19072,0
test_19073,1
test_19074,1
test_19075,1
test_19076,1
test_19077,0
test_19078,0
test_19079,0
test_19080,0
test_19081,1
test_19082,1
test_19083,0
test_19084,1
test_19085,0
test_19086,0
test_19087,0
test_19088,0
test_19089,0
test_19090,0
test_19091,1
test_19092,1
test_19093,0
test_19094,0
test_19095,0
test_19096,1
test_19097,0
test_19098,1
test_19099,1
test_19100,0
test_19101,1
test_19102,0
test_19103,0
test_19104,0
test_19105,1
test_19106,0
test_19107,1
test_19108,0
test_19109,0
test_19110,0
test_19111,0
test_19112,1
test_19113,1
test_19114,0
test_19115,0
test_19116,1
test_19117,0
test_19118,0
test_19119,0
test_19120,0
test_19121,1
test_19122,1
test_19123,1
test_19124,0
test_19125,1
test_19126,1
test_19127,0
test_19128,1
test_19129,0
test_19130,1
test_19131,1
test_19132,0
test_19133,0
test_19134,0
test_19135,0
test_19136,1
test_19137,1
test_19138,0
test_19139,0
test_19140,1
test_19141,0
test_19142,1
test_19143,0
test_19144,1
test_19145,1
test_19146,1
test_19147,1
test_19148,1
test_19149,1
test_19150,1
test_19151,0
test_19152,1
test_19153,0
test_19154,1
test_19155,1
test_19156,1
test_19157,1
test_19158,0
test_19159,1
test_19160,0
test_19161,0
test_19162,0
test_19163,1
test_19164,0
test_19165,0
test_19166,1
test_19167,1
test_19168,1
test_19169,0
test_19170,1
test_19171,1
test_19172,1
test_19173,1
test_19174,1
test_19175,1
test_19176,1
test_19177,1
test_19178,1
test_19179,1
test_19180,0
test_19181,0
test_19182,0
test_19183,1
test_19184,1
test_19185,1
test_19186,1
test_19187,1
test_19188,1
test_19189,1
test_19190,1
test_19191,0
test_19192,1
test_19193,0
test_19194,0
test_19195,0
test_19196,1
test_19197,0
test_19198,1
test_19199,0
test_19200,1
test_19201,1
test_19202,0
test_19203,1
test_19204,1
test_19205,0
test_19206,1
test_19207,0
test_19208,1
test_19209,1
test_19210,1
test_19211,0
test_19212,1
test_19213,1
test_19214,0
test_19215,0
test_19216,0
test_19217,1
test_19218,0
test_19219,0
test_19220,1
test_19221,1
test_19222,1
test_19223,1
test_19224,0
test_19225,0
test_19226,1
test_19227,1
test_19228,1
test_19229,0
test_19230,0
test_19231,1
test_19232,1
test_19233,1
test_19234,0
test_19235,0
test_19236,0
test_19237,0
test_19238,0
test_19239,1
test_19240,1
test_19241,0
test_19242,1
test_19243,1
test_19244,1
test_19245,1
test_19246,1
test_19247,0
test_19248,1
test_19249,0
test_19250,1
test_19251,1
test_19252,0
test_19253,0
test_19254,1
test_19255,1
test_19256,1
test_19257,0
test_19258,0
test_19259,0
test_19260,0
test_19261,1
test_19262,1
test_19263,0
test_19264,1
test_19265,1
test_19266,0
test_19267,1
test_19268,1
test_19269,0
test_19270,0
test_19271,0
test_19272,1
test_19273,1
test_19274,0
test_19275,0
test_19276,1
test_19277,0
test_19278,0
test_19279,1
test_19280,1
test_19281,0
test_19282,0
test_19283,1
test_19284,0
test_19285,1
test_19286,0
test_19287,1
test_19288,0
test_19289,0
test_19290,1
test_19291,0
test_19292,1
test_19293,0
test_19294,1
test_19295,1
test_19296,1
test_19297,0
test_19298,1
test_19299,0
test_19300,0
test_19301,0
test_19302,1
test_19303,1
test_19304,1
test_19305,0
test_19306,1
test_19307,1
test_19308,1
test_19309,0
test_19310,0
test_19311,0
test_19312,1
test_19313,0
test_19314,1
test_19315,1
test_19316,1
test_19317,0
test_19318,1
test_19319,0
test_19320,1
test_19321,0
test_19322,0
test_19323,1
test_19324,0
test_19325,0
test_19326,0
test_19327,0
test_19328,0
test_19329,0
test_19330,1
test_19331,0
test_19332,1
test_19333,0
test_19334,0
test_19335,0
test_19336,0
test_19337,0
test_19338,1
test_19339,0
test_19340,0
test_19341,0
test_19342,1
test_19343,1
test_19344,0
test_19345,1
test_19346,1
test_19347,0
test_19348,0
test_19349,0
test_19350,0
test_19351,0
test_19352,1
test_19353,0
test_19354,1
test_19355,0
test_19356,1
test_19357,1
test_19358,1
test_19359,1
test_19360,0
test_19361,0
test_19362,0
test_19363,0
test_19364,1
test_19365,0
test_19366,0
test_19367,1
test_19368,1
test_19369,0
test_19370,0
test_19371,0
test_19372,0
test_19373,0
test_19374,1
test_19375,1
test_19376,1
test_19377,1
test_19378,1
test_19379,0
test_19380,1
test_19381,0
test_19382,0
test_19383,1
test_19384,1
test_19385,1
test_19386,0
test_19387,1
test_19388,1
test_19389,0
test_19390,1
test_19391,0
test_19392,0
test_19393,1
test_19394,1
test_19395,0
test_19396,1
test_19397,0
test_19398,0
test_19399,0
test_19400,0
test_19401,1
test_19402,1
test_19403,0
test_19404,0
test_19405,1
test_19406,1
test_19407,1
test_19408,1
test_19409,0
test_19410,0
test_19411,0
test_19412,1
test_19413,1
test_19414,0
test_19415,1
test_19416,1
test_19417,0
test_19418,0
test_19419,1
test_19420,0
test_19421,0
test_19422,1
test_19423,1
test_19424,1
test_19425,0
test_19426,0
test_19427,0
test_19428,1
test_19429,1
test_19430,0
test_19431,0
test_19432,1
test_19433,0
test_19434,1
test_19435,1
test_19436,1
test_19437,1
test_19438,0
test_19439,0
test_19440,0
test_19441,1
test_19442,0
test_19443,0
test_19444,0
test_19445,0
test_19446,1
test_19447,0
test_19448,1
test_19449,1
test_19450,0
test_19451,1
test_19452,1
test_19453,0
test_19454,0
test_19455,0
test_19456,0
test_19457,1
test_19458,1
test_19459,1
test_19460,0
test_19461,0
test_19462,1
test_19463,1
test_19464,0
test_19465,0
test_19466,1
test_19467,0
test_19468,1
test_19469,1
test_19470,0
test_19471,0
test_19472,1
test_19473,1
test_19474,1
test_19475,1
test_19476,1
test_19477,1
test_19478,1
test_19479,1
test_19480,1
test_19481,1
test_19482,0
test_19483,1
test_19484,1
test_19485,1
test_19486,0
test_19487,1
test_19488,1
test_19489,1
test_19490,0
test_19491,0
test_19492,0
test_19493,1
test_19494,1
test_19495,1
test_19496,1
test_19497,0
test_19498,1
test_19499,0
test_19500,0
test_19501,1
test_19502,0
test_19503,1
test_19504,1
test_19505,1
test_19506,1
test_19507,1
test_19508,1
test_19509,1
test_19510,1
test_19511,1
test_19512,1
test_19513,1
test_19514,1
test_19515,0
test_19516,1
test_19517,0
test_19518,1
test_19519,1
test_19520,0
test_19521,1
test_19522,0
test_19523,1
test_19524,0
test_19525,0
test_19526,0
test_19527,1
test_19528,0
test_19529,0
test_19530,1
test_19531,0
test_19532,0
test_19533,0
test_19534,1
test_19535,0
test_19536,0
test_19537,0
test_19538,1
test_19539,1
test_19540,1
test_19541,1
test_19542,1
test_19543,0
test_19544,1
test_19545,1
test_19546,1
test_19547,0
test_19548,1
test_19549,0
test_19550,0
test_19551,1
test_19552,1
test_19553,0
test_19554,1
test_19555,1
test_19556,0
test_19557,0
test_19558,0
test_19559,0
test_19560,1
test_19561,1
test_19562,1
test_19563,0
test_19564,0
test_19565,1
test_19566,0
test_19567,1
test_19568,0
test_19569,0
test_19570,0
test_19571,1
test_19572,1
test_19573,1
test_19574,0
test_19575,0
test_19576,1
test_19577,1
test_19578,1
test_19579,0
test_19580,0
test_19581,1
test_19582,1
test_19583,0
test_19584,0
test_19585,1
test_19586,0
test_19587,0
test_19588,1
test_19589,0
test_19590,1
test_19591,1
test_19592,1
test_19593,0
test_19594,0
test_19595,0
test_19596,1
test_19597,0
test_19598,0
test_19599,1
test_19600,0
test_19601,0
test_19602,0
test_19603,1
test_19604,1
test_19605,0
test_19606,1
test_19607,0
test_19608,0
test_19609,0
test_19610,1
test_19611,1
test_19612,0
test_19613,1
test_19614,1
test_19615,1
test_19616,0
test_19617,0
test_19618,1
test_19619,1
test_19620,1
test_19621,0
test_19622,0
test_19623,0
test_19624,0
test_19625,1
test_19626,0
test_19627,0
test_19628,1
test_19629,0
test_19630,1
test_19631,1
test_19632,1
test_19633,1
test_19634,0
test_19635,1
test_19636,1
test_19637,1
test_19638,1
test_19639,1
test_19640,0
test_19641,0
test_19642,0
test_19643,0
test_19644,0
test_19645,0
test_19646,0
test_19647,1
test_19648,0
test_19649,1
test_19650,0
test_19651,0
test_19652,0
test_19653,1
test_19654,0
test_19655,0
test_19656,1
test_19657,0
test_19658,0
test_19659,1
test_19660,1
test_19661,0
test_19662,1
test_19663,1
test_19664,0
test_19665,1
test_19666,1
test_19667,1
test_19668,0
test_19669,0
test_19670,1
test_19671,0
test_19672,1
test_19673,0
test_19674,0
test_19675,1
test_19676,0
test_19677,1
test_19678,0
test_19679,1
test_19680,1
test_19681,0
test_19682,0
test_19683,1
test_19684,0
test_19685,1
test_19686,1
test_19687,0
test_19688,1
test_19689,1
test_19690,0
test_19691,1
test_19692,1
test_19693,0
test_19694,1
test_19695,1
test_19696,1
test_19697,1
test_19698,1
test_19699,1
test_19700,0
test_19701,0
test_19702,0
test_19703,0
test_19704,1
test_19705,0
test_19706,0
test_19707,1
test_19708,1
test_19709,0
test_19710,1
test_19711,0
test_19712,1
test_19713,1
test_19714,0
test_19715,0
test_19716,0
test_19717,1
test_19718,1
test_19719,1
test_19720,1
test_19721,1
test_19722,0
test_19723,1
test_19724,0
test_19725,1
test_19726,1
test_19727,0
test_19728,1
test_19729,0
test_19730,0
test_19731,0
test_19732,1
test_19733,0
test_19734,0
test_19735,0
test_19736,1
test_19737,0
test_19738,1
test_19739,0
test_19740,1
test_19741,1
test_19742,0
test_19743,0
test_19744,1
test_19745,1
test_19746,0
test_19747,0
test_19748,0
test_19749,1
test_19750,1
test_19751,0
test_19752,1
test_19753,0
test_19754,0
test_19755,1
test_19756,1
test_19757,1
test_19758,0
test_19759,1
test_19760,1
test_19761,0
test_19762,0
test_19763,0
test_19764,1
test_19765,1
test_19766,0
test_19767,0
test_19768,0
test_19769,0
test_19770,0
test_19771,1
test_19772,1
test_19773,0
test_19774,1
test_19775,0
test_19776,1
test_19777,0
test_19778,1
test_19779,0
test_19780,1
test_19781,0
test_19782,1
test_19783,0
test_19784,1
test_19785,1
test_19786,1
test_19787,0
test_19788,1
test_19789,1
test_19790,1
test_19791,1
test_19792,1
test_19793,1
test_19794,0
test_19795,1
test_19796,0
test_19797,1
test_19798,0
test_19799,1
test_19800,0
test_19801,0
test_19802,0
test_19803,1
test_19804,0
test_19805,0
test_19806,0
test_19807,1
test_19808,0
test_19809,0
test_19810,1
test_19811,1
test_19812,1
test_19813,1
test_19814,1
test_19815,0
test_19816,0
test_19817,1
test_19818,0
test_19819,1
test_19820,0
test_19821,1
test_19822,1
test_19823,1
test_19824,1
test_19825,1
test_19826,0
test_19827,1
test_19828,0
test_19829,0
test_19830,0
test_19831,0
test_19832,1
test_19833,0
test_19834,0
test_19835,0
test_19836,0
test_19837,1
test_19838,1
test_19839,0
test_19840,1
test_19841,0
test_19842,0
test_19843,0
test_19844,0
test_19845,0
test_19846,0
test_19847,1
test_19848,0
test_19849,0
test_19850,1
test_19851,1
test_19852,0
test_19853,0
test_19854,1
test_19855,1
test_19856,1
test_19857,0
test_19858,1
test_19859,1
test_19860,0
test_19861,0
test_19862,1
test_19863,1
test_19864,0
test_19865,1
test_19866,0
test_19867,1
test_19868,1
test_19869,0
test_19870,0
test_19871,1
test_19872,1
test_19873,0
test_19874,0
test_19875,0
test_19876,1
test_19877,1
test_19878,1
test_19879,1
test_19880,1
test_19881,0
test_19882,1
test_19883,0
test_19884,0
test_19885,1
test_19886,1
test_19887,1
test_19888,0
test_19889,0
test_19890,0
test_19891,1
test_19892,0
test_19893,1
test_19894,0
test_19895,1
test_19896,0
test_19897,1
test_19898,0
test_19899,0
test_19900,1
test_19901,0
test_19902,0
test_19903,1
test_19904,1
test_19905,0
test_19906,1
test_19907,0
test_19908,0
test_19909,0
test_19910,0
test_19911,0
test_19912,0
test_19913,1
test_19914,0
test_19915,0
test_19916,0
test_19917,0
test_19918,0
test_19919,0
test_19920,0
test_19921,1
test_19922,1
test_19923,1
test_19924,1
test_19925,1
test_19926,0
test_19927,0
test_19928,0
test_19929,1
test_19930,1
test_19931,0
test_19932,1
test_19933,0
test_19934,1
test_19935,0
test_19936,1
test_19937,1
test_19938,1
test_19939,0
test_19940,0
test_19941,1
test_19942,0
test_19943,0
test_19944,1
test_19945,0
test_19946,0
test_19947,0
test_19948,1
test_19949,0
test_19950,1
test_19951,1
test_19952,1
test_19953,0
test_19954,0
test_19955,0
test_19956,0
test_19957,0
test_19958,0
test_19959,1
test_19960,0
test_19961,1
test_19962,0
test_19963,0
test_19964,1
test_19965,0
test_19966,1
test_19967,0
test_19968,1
test_19969,0
test_19970,0
test_19971,0
test_19972,1
test_19973,1
test_19974,1
test_19975,1
test_19976,1
test_19977,0
test_19978,0
test_19979,0
test_19980,1
test_19981,1
test_19982,1
test_19983,1
test_19984,0
test_19985,0
test_19986,0
test_19987,1
test_19988,1
test_19989,0
test_19990,0
test_19991,1
test_19992,0
test_19993,1
test_19994,1
test_19995,0
test_19996,0
test_19997,0
test_19998,0
test_19999,1
