image_id,p_180
test_00000,0.19384826270476177
test_00001,0.9875178361078123
test_00002,0.9999996182174485
test_00003,0.02656252095159425
test_00004,0.9710281857722753
test_00005,0.3187914226752534
test_00006,0.9707203330420902
test_00007,0.9927691937230564
test_00008,0.9995802759462076
test_00009,0.038358226378804657
test_00010,0.9824953817207115
test_00011,0.000640041967793886
test_00012,0.011450541153948795
test_00013,0.9986949808636788
test_00014,0.9913889596266997
test_00015,0.9999404183476212
test_00016,0.994742980852061
test_00017,9.267270110741597e-06
test_00018,0.6883476459225781
test_00019,0.0898708523753787
test_00020,5.679424685465455e-06
test_00021,0.004205707894193416
test_00022,0.9977299598466495
test_00023,0.0007965991296040399
test_00024,0.2760315407237881
test_00025,0.9522542150186009
test_00026,0.9999888706079232
test_00027,0.4353919487084729
test_00028,0.5413042730690735
test_00029,0.9984312283803688
test_00030,0.003970460613545328
test_00031,0.9308826157351693
test_00032,0.861487679449138
test_00033,0.9977989630796986
test_00034,0.8637198542563362
test_00035,0.9988710762055459
test_00036,0.42759363981207404
test_00037,0.001387857957973862
test_00038,8.072379700469765e-05
test_00039,3.438740118425817e-05
test_00040,0.9453196317028684
test_00041,0.0005699017478387516
test_00042,0.99989079733142
test_00043,0.0008030205419810176
test_00044,0.06403065469287371
test_00045,0.701160819836967
test_00046,0.001884041920528746
test_00047,0.9999995930733634
test_00048,0.9853914483479893
test_00049,0.8769462617605157
test_00050,0.9949698708424756
test_00051,0.012332768363637078
test_00052,1.4406806356453107e-08
test_00053,0.8992301983395066
test_00054,0.10600087793667338
test_00055,0.9739056806981242
test_00056,3.7853395496454066e-05
test_00057,0.9751773497537396
test_00058,0.00011635932603982116
test_00059,0.49474513140978443
test_00060,0.7855503924477389
test_00061,0.00013874079141783008
test_00062,0.026345234768272788
test_00063,0.0002453843232144748
test_00064,0.061938912624316965
test_00065,0.9999912460169839
test_00066,0.47859482126470654
test_00067,0.05727576335102936
test_00068,9.77124568704088e-08
test_00069,0.0027363989037294204
test_00070,0.9584159571083822
test_00071,0.5759418957410561
test_00072,0.9998733351420862
test_00073,0.14969559074389832
test_00074,0.31747799035200147
test_00075,0.5301874356492345
test_00076,0.004640395708531857
test_00077,0.9996915407772715
test_00078,0.9999765425200722
test_00079,0.5540660542431984
test_00080,0.0005681526633734131
test_00081,0.976945332600839
test_00082,0.5042849290383957
test_00083,0.0009944102435577068
test_00084,0.9999999989427494
test_00085,0.6140467516504408
test_00086,0.9803041429499201
test_00087,0.9989988766074156
test_00088,0.03143265409250938
test_00089,0.9004553689252041
test_00090,0.13286378727926196
test_00091,1.3885908577523013e-07
test_00092,0.9314698728546495
test_00093,0.11250966145783248
test_00094,0.8777014948734505
test_00095,0.7228200908079592
test_00096,0.0980722912756631
test_00097,0.00026845184190636045
test_00098,8.296067121513926e-07
test_00099,0.027138987814074037
test_00100,0.0920106107828714
test_00101,0.7636174036041788
test_00102,2.105367593450884e-05
test_00103,0.999999974393802
test_00104,0.9119941097410762
test_00105,5.2776028560921997e-05
test_00106,0.05385082768985683
test_00107,0.9992023577039582
test_00108,0.10472731370827457
test_00109,0.0012951665996569844
test_00110,0.9999769805641662
test_00111,0.08437807189770008
test_00112,0.8990661433408976
test_00113,0.001078645310123946
test_00114,0.9408732193562914
test_00115,0.5707768405144258
test_00116,0.02764561926819938
test_00117,0.9518822623185333
test_00118,0.9992438289299163
test_00119,0.5039599512907953
test_00120,0.0031385818777646905
test_00121,0.9999413165267472
test_00122,0.9998375811616482
test_00123,0.9998455800121214
test_00124,1.7010643709321193e-05
test_00125,0.005327222149121684
test_00126,8.342267596546256e-06
test_00127,0.9999922144389364
test_00128,0.0015487665232516933
test_00129,0.009084077619389223
test_00130,0.9992666973142044
test_00131,6.847789481720285e-05
test_00132,0.20755141824170426
test_00133,0.9563400984230779
test_00134,8.219394039177788e-05
test_00135,0.4835144703463149
test_00136,0.0901048327224557
test_00137,0.9309667092212582
test_00138,0.9999995057784227
test_00139,0.03332941877873991
test_00140,0.9999025127457618
test_00141,0.0005755433162604986
test_00142,0.986106881344957
test_00143,0.9597148068811997
test_00144,0.01502558462559343
test_00145,0.9252646206660482
test_00146,1.9665016604580973e-05
test_00147,0.9990654205852578
test_00148,0.0003212269642423251
test_00149,7.590641191130041e-05
test_00150,3.14575095671583e-05
test_00151,0.994221353076786
test_00152,0.08504788821919408
test_00153,0.071532591665127
test_00154,0.824764523828781
test_00155,0.999988566283523
test_00156,0.9999457769085416
test_00157,0.044037978640965474
test_00158,0.9999788769909346
test_00159,0.9999815890458955
test_00160,0.9995867529182565
test_00161,0.23315598640579552
test_00162,0.2949612464882467
test_00163,0.9222648678881835
test_00164,0.02845275994522385
test_00165,0.9999852956721337
test_00166,0.8939443879631607
test_00167,0.5050898663765631
test_00168,0.07760774196521107
test_00169,0.0010831977113859028
test_00170,0.9916590658901008
test_00171,0.7313399208865669
test_00172,0.8525533769463918
test_00173,0.20915960689885774
test_00174,1.0246711792341556e-07
test_00175,0.9999925886051569
test_00176,0.9972897839832159
test_00177,0.0004195105728034785
test_00178,0.000437942478802404
test_00179,0.9585972854296405
test_00180,1.7561201356480925e-08
test_00181,0.8140148924994592
test_00182,0.9177991518994466
test_00183,0.40947916334696866
test_00184,0.5817022179451353
test_00185,0.9990307166260134
test_00186,0.0007100994951620902
test_00187,0.9998379734944334
test_00188,0.999997519440042
test_00189,0.9999649866661056
test_00190,0.09515608287552019
test_00191,0.8518768442479534
test_00192,0.005864106645105892
test_00193,0.11830098564308655
test_00194,0.0024096376905231157
test_00195,0.0028154847976241786
test_00196,0.33845623026348776
test_00197,0.4183418808285063
test_00198,0.13488154828543394
test_00199,0.9996230076322765
test_00200,0.9999998893672029
test_00201,0.9789120904215367
test_00202,0.9781001825857644
test_00203,0.11639663663657845
test_00204,0.608274980198291
test_00205,9.854725461848803e-05
test_00206,0.00020729957994576403
test_00207,2.3727144138152082e-05
test_00208,2.477576922305629e-07
test_00209,0.03851525589081735
test_00210,0.0030259026496211564
test_00211,0.9998272242171818
test_00212,0.9992387442428154
test_00213,0.9658868792445399
test_00214,0.9279684032001388
test_00215,1.0087914455021617e-07
test_00216,0.008828250044065638
test_00217,0.051007304768172564
test_00218,7.136838982236548e-05
test_00219,0.9999991749556142
test_00220,0.9999791313829023
test_00221,0.9353768956170584
test_00222,0.017321444324074592
test_00223,0.9996311288190721
test_00224,0.9809842052050675
test_00225,0.949907941101218
test_00226,2.3021932899185503e-06
test_00227,0.0006689390785441818
test_00228,0.48273014819065396
test_00229,4.199187340622477e-06
test_00230,0.00015768498915373538
test_00231,0.9999998808882959
test_00232,0.9929374993025455
test_00233,0.9697492421445323
test_00234,0.06842559357548213
test_00235,0.671645974984027
test_00236,1.079605571649369e-05
test_00237,0.0003037519837770999
test_00238,0.9903764540495461
test_00239,0.0027508462586551445
test_00240,3.215544734069309e-06
test_00241,0.001459828984839698
test_00242,0.0608357861360724
test_00243,0.8635549224546754
test_00244,0.9999974237479201
test_00245,0.2743193526980756
test_00246,0.04853910403109305
test_00247,0.9378393341326516
test_00248,0.9998036558573546
test_00249,0.903398426684282
test_00250,0.18175022873734625
test_00251,0.48784179459600663
test_00252,3.965837655311305e-06
test_00253,0.999999915847493
test_00254,0.0001307254120141483
test_00255,1.0257335639343423e-05
test_00256,0.0021311724240604146
test_00257,0.00037497819720568157
test_00258,0.18759065183908294
test_00259,0.30897595551335444
test_00260,0.01061414612534482
test_00261,0.6675519502172949
test_00262,0.9998510059679712
test_00263,0.8687543640543144
test_00264,0.9991021571016083
test_00265,0.841116001754398
test_00266,0.47080491222588733
test_00267,0.5184587186885002
test_00268,0.0010422477288800159
test_00269,0.9999560965283693
test_00270,0.8745675161302331
test_00271,0.2364965524082951
test_00272,0.9603920513724249
test_00273,0.026546588914254307
test_00274,0.510178941623056
test_00275,5.587955051787317e-05
test_00276,0.3953615200123613
test_00277,0.9418075733008874
test_00278,0.2019840955913655
test_00279,0.16799401144900197
test_00280,0.9798455376942596
test_00281,0.6263079260215283
test_00282,0.9998862698899944
test_00283,0.07083367923244639
test_00284,0.4720169426299538
test_00285,0.018772414653515184
test_00286,9.120083815042517e-05
test_00287,0.741109965056257
test_00288,0.9999987371517856
test_00289,0.9988917598987618
test_00290,0.944723967851401
test_00291,0.9999230262714385
test_00292,0.9987863087852721
test_00293,5.637378833877707e-05
test_00294,0.9702115717313182
test_00295,0.9957016364091614
test_00296,0.0018256320141497744
test_00297,0.6352368372704809
test_00298,0.24747653760711266
test_00299,0.9918071803476134
test_00300,0.0680822597599849
test_00301,0.7942292881901152
test_00302,0.42543916077435107
test_00303,0.2592640566911357
test_00304,5.484207871194082e-07
test_00305,0.9939081416850291
test_00306,0.9991698026146486
test_00307,0.8032197957956403
test_00308,0.25329846984695703
test_00309,0.9200773978120244
test_00310,0.9328155440288686
test_00311,0.9970988431782306
test_00312,0.06999056800935302
test_00313,0.9934954196597052
test_00314,0.0016298303909577153
test_00315,0.7093152487144685
test_00316,0.9973163995574265
test_00317,4.2254017248014295e-09
test_00318,0.9793376872210764
test_00319,0.08119820190361021
test_00320,0.9487864970545856
test_00321,0.004386155341043837
test_00322,0.8631406326727661
test_00323,0.9996896292546553
test_00324,0.9814468337233149
test_00325,0.83953567669668
test_00326,0.001266425328060865
test_00327,0.04243576798973542
test_00328,0.7845739057428234
test_00329,0.9300421775620422
test_00330,0.9995646695231225
test_00331,0.9958180068625933
test_00332,0.9973468468506043
test_00333,0.9996215945043664
test_00334,0.9999759767142773
test_00335,0.043884763433925784
test_00336,0.17931741137867796
test_00337,0.9108153915269483
test_00338,0.07456495803806568
test_00339,0.9999173438190186
test_00340,0.08789053104436939
test_00341,0.07964686722581049
test_00342,0.9988626384292772
test_00343,0.9962264103977007
test_00344,0.9961454028113877
test_00345,0.9991594125697226
test_00346,0.00037116811272106914
test_00347,0.037301291404396995
test_00348,0.9974587144877187
test_00349,0.000992736438559607
test_00350,0.9627901011223547
test_00351,0.39433196602183485
test_00352,0.9176416041356004
test_00353,0.9282289336201778
test_00354,0.0604285767767696
test_00355,0.9999985625503441
test_00356,0.0037399443802022107
test_00357,0.01875947313442433
test_00358,0.9324769029015583
test_00359,0.9932844959576775
test_00360,0.9947077353571238
test_00361,0.999972888163213
test_00362,0.8904141867021055
test_00363,0.9997638135281091
test_00364,0.9393354153611518
test_00365,0.9327384979560065
test_00366,0.9060544521749367
test_00367,0.030038516289825304
test_00368,9.929418284673592e-08
test_00369,0.9290342580150102
test_00370,0.09325413480100556
test_00371,0.034666339476622426
test_00372,0.9998847397720757
test_00373,0.020380255036621244
test_00374,0.9999935666618629
test_00375,0.9694112287338316
test_00376,0.0024782654707591824
test_00377,1.1206542507002328e-06
test_00378,0.9930348808833646
test_00379,0.0003202982903321992
test_00380,0.0006435009177258996
test_00381,0.9949835904208199
test_00382,0.35899112926859716
test_00383,0.05884256974290882
test_00384,0.9999877521254819
test_00385,0.055329324423767694
test_00386,0.9215991310169241
test_00387,0.9994019887899217
test_00388,0.40240762687330933
test_00389,0.990681674867536
test_00390,0.8683183190336908
test_00391,1.256702206564706e-05
test_00392,0.40089307120610473
test_00393,0.5911985951709031
test_00394,0.08985962471972961
test_00395,0.0015721911770207463
test_00396,0.006287836868248478
test_00397,0.9999699166959819
test_00398,0.0006778069965224789
test_00399,0.7519885291643509
test_00400,0.9999981589727917
test_00401,0.8355745813148355
test_00402,0.999410929091312
test_00403,0.0003397799819574845
test_00404,1.1474011910890308e-06
test_00405,0.9060636905261107
test_00406,0.9505336918954455
test_00407,0.6170747597776467
test_00408,0.9992220612228866
test_00409,0.9988629986650055
test_00410,1.7736199240816886e-06
test_00411,3.5100266429802858e-06
test_00412,0.40325778854304406
test_00413,0.3521326633443601
test_00414,0.5161657980054011
test_00415,0.9534987370814105
test_00416,9.427097768370223e-07
test_00417,0.00025107108508533386
test_00418,0.9998867053810674
test_00419,0.9999982463802128
test_00420,0.011596888573235263
test_00421,0.9804582647990729
test_00422,0.999746388783414
test_00423,7.026342292266386e-08
test_00424,0.0005372731643896886
test_00425,0.0002627308907393777
test_00426,0.8914919982435471
test_00427,0.16399974246023158
test_00428,0.10104249664498323
test_00429,0.8807665552182988
test_00430,0.9998192405703573
test_00431,0.9969838444271703
test_00432,0.9999958725543184
test_00433,0.14115547018671498
test_00434,0.47611364188804134
test_00435,0.034255561795327724
test_00436,0.9999009458144005
test_00437,0.4387119473744077
test_00438,0.9998878430785786
test_00439,0.8479152448984899
test_00440,0.03481269485491598
test_00441,7.294426271613189e-08
test_00442,0.9930436109021792
test_00443,0.9883738418385452
test_00444,0.9972650418291127
test_00445,0.08710112930429746
test_00446,2.167217058572732e-06
test_00447,2.7006419739869064e-05
test_00448,0.9271990621083526
test_00449,2.4963588683689657e-06
test_00450,0.09602693242714071
test_00451,0.9999985864826961
test_00452,0.9167374513327049
test_00453,0.0002594786173694434
test_00454,0.7413441394102912
test_00455,0.9999991241327423
test_00456,0.04531376364931983
test_00457,4.076598869725297e-06
test_00458,0.9949046268163183
test_00459,0.9997186177255526
test_00460,0.0876645517890114
test_00461,0.9837553281322936
test_00462,0.17842375480033257
test_00463,0.999975976861779
test_00464,2.2513699050691573e-05
test_00465,0.00026921378197101954
test_00466,0.9999651362072441
test_00467,0.4510478694714968
test_00468,0.9999742642513654
test_00469,0.020074450082551574
test_00470,0.47808056225918544
test_00471,0.0034593483264264515
test_00472,0.00010227791519825182
test_00473,0.0017686631842342405
test_00474,0.025322385006281575
test_00475,0.00012591803556255332
test_00476,0.3282265004151918
test_00477,0.25726541872033054
test_00478,0.7722821172540653
test_00479,0.3304009106748699
test_00480,0.9999952596923161
test_00481,1.6554783209216186e-06
test_00482,0.0001769833065225093
test_00483,0.9999977956627512
test_00484,0.07281672932027665
test_00485,0.0001259754822478606
test_00486,0.03157288496547372
test_00487,0.1718974417510508
test_00488,0.10904104702417744
test_00489,0.9920733099697949
test_00490,0.9987288085034994
test_00491,0.20067261556557237
test_00492,0.7657970477899513
test_00493,0.9999991885131906
test_00494,0.9174540178241805
test_00495,0.9997859052556095
test_00496,0.09675437960724396
test_00497,0.9992258828046178
test_00498,0.030967546814795327
test_00499,0.014604832062279685
test_00500,0.9998147954700689
test_00501,0.0032570214701969683
test_00502,0.9970184201329206
test_00503,0.0641601842341019
test_00504,0.9999994329003369
test_00505,0.9974893699839359
test_00506,0.9996440702123293
test_00507,0.07310730633021534
test_00508,0.5520879060969621
test_00509,0.7240912097168872
test_00510,0.9938391327816425
test_00511,0.9990911692472245
test_00512,0.9479068305179282
test_00513,0.9978392521534053
test_00514,1.6233813803851599e-06
test_00515,0.06868235122801555
test_00516,0.002024364130185111
test_00517,0.01951346239129729
test_00518,0.08990459412233368
test_00519,0.8713552562288407
test_00520,0.0713218948219464
test_00521,0.9623225569915783
test_00522,0.013227420338109554
test_00523,0.9886722935174933
test_00524,0.9926807051882761
test_00525,0.4136193410522312
test_00526,0.07505883649905523
test_00527,6.132725970575054e-07
test_00528,0.29748140875272977
test_00529,0.18196203233766814
test_00530,0.0008221469344431143
test_00531,0.4514946762996622
test_00532,0.11469082002779157
test_00533,0.013975601152060875
test_00534,0.9999999849894735
test_00535,0.08273173071143504
test_00536,1.2836261674976111e-05
test_00537,0.102295894983671
test_00538,0.9996060768741329
test_00539,0.06234522036393053
test_00540,0.8975458411569608
test_00541,0.08567290202514166
test_00542,0.1156453558490675
test_00543,0.9944214398605511
test_00544,0.9989567211446184
test_00545,0.00308657797995971
test_00546,7.159756576836055e-08
test_00547,0.9999994366701337
test_00548,8.694656866075898e-06
test_00549,0.9138767029507783
test_00550,1.9508801434330853e-05
test_00551,0.003504780754112236
test_00552,0.9986095419824315
test_00553,0.8813664905489753
test_00554,0.3010697469759255
test_00555,0.06306879233905976
test_00556,0.5336916688106784
test_00557,0.9999970744898311
test_00558,4.683834249160447e-05
test_00559,8.451805857296905e-05
test_00560,0.5561122055527451
test_00561,0.023267939977126898
test_00562,0.14106391930369427
test_00563,0.0008493505076833254
test_00564,0.9999882751969273
test_00565,0.9994234517473687
test_00566,1.6903804212516726e-08
test_00567,0.9576391390606331
test_00568,0.00045012615161895835
test_00569,0.6395180816028494
test_00570,0.47540491307804805
test_00571,0.47925394381119857
test_00572,0.0002143209901877618
test_00573,0.00015125341192469277
test_00574,0.001387857957973862
test_00575,0.5541453109573113
test_00576,0.8525352088377195
test_00577,0.5793686194352083
test_00578,8.711790476816292e-07
test_00579,0.9775828905704472
test_00580,0.9999999884419153
test_00581,0.9704195686812402
test_00582,0.1448574574269251
test_00583,0.9828311505721707
test_00584,0.003383051533977428
test_00585,4.942005967637375e-07
test_00586,0.9803768642612589
test_00587,0.9999999999000244
test_00588,0.4678732434545174
test_00589,0.08687419718448433
test_00590,2.2274810705310823e-05
test_00591,6.441927501257624e-05
test_00592,0.00833771180092641
test_00593,0.7187133503378865
test_00594,0.9924013632001519
test_00595,0.003418147128139398
test_00596,0.33299719384119814
test_00597,0.0030073399905910375
test_00598,0.9971589607825116
test_00599,7.452061815094597e-07
test_00600,0.8523624380460905
test_00601,0.9878369784745064
test_00602,0.9993483462496303
test_00603,0.3986092815750231
test_00604,0.5045149002001511
test_00605,0.9327554261186966
test_00606,0.9806670369205942
test_00607,0.17709136747627807
test_00608,0.02918058431947776
test_00609,3.86654411998374e-06
test_00610,0.9999126496745953
test_00611,0.0898708523753787
test_00612,0.47556460344524937
test_00613,0.40623421487063355
test_00614,0.32489581561843134
test_00615,0.9999762728558619
test_00616,3.2804544188992405e-05
test_00617,0.9987922599459153
test_00618,0.02947279826434297
test_00619,0.9999828433005519
test_00620,0.9898008922529834
test_00621,0.19388720747589883
test_00622,0.9999998378670987
test_00623,0.6738334188092395
test_00624,0.06873187104224382
test_00625,0.011593638613644534
test_00626,0.9989503535043086
test_00627,3.028349820250347e-07
test_00628,5.2702253981552205e-05
test_00629,0.05580701119529558
test_00630,0.9985315291378823
test_00631,0.7395052035319116
test_00632,0.959463655945154
test_00633,0.995849275870592
test_00634,0.999998013389813
test_00635,1.1880569507503178e-05
test_00636,0.9995675980762538
test_00637,0.4262456178711087
test_00638,0.0066105061593351565
test_00639,0.9999919456485834
test_00640,5.199250495029742e-06
test_00641,0.9999713947246155
test_00642,0.9185841151497101
test_00643,1.4835166812540947e-07
test_00644,0.9984824499266354
test_00645,0.9999887527952729
test_00646,0.19223098320733392
test_00647,0.08113908149700157
test_00648,0.5911206055093917
test_00649,0.9722672154556756
test_00650,2.330306293448063e-07
test_00651,0.09811970994706534
test_00652,0.06474235430158992
test_00653,0.9980517581884513
test_00654,0.394245020635888
test_00655,0.9918698150780276
test_00656,0.05254695107351129
test_00657,0.14698046206508208
test_00658,0.99999940231176
test_00659,0.09515144804304657
test_00660,0.09237824121001496
test_00661,3.7879958649483337e-06
test_00662,0.7848098287907439
test_00663,0.8898041323287137
test_00664,0.013116809614204632
test_00665,0.004592668645488079
test_00666,0.9977101066595057
test_00667,0.233772915651127
test_00668,0.09782345333261692
test_00669,0.08369648457439688
test_00670,0.587524061669206
test_00671,0.9999828643285842
test_00672,0.9999944396157572
test_00673,0.9706278118668072
test_00674,0.997984200368701
test_00675,0.9992665552878286
test_00676,0.3334138111639384
test_00677,0.08800144604893884
test_00678,0.8976992168314835
test_00679,0.942878988187935
test_00680,0.3898547072898098
test_00681,0.999868747790358
test_00682,0.9999090906964408
test_00683,0.4298240487835436
test_00684,0.999988937563577
test_00685,0.9843993529928795
test_00686,0.9999999229568742
test_00687,0.03934550953155346
test_00688,6.0013175040682994e-05
test_00689,0.9999992974097434
test_00690,0.21516770200912527
test_00691,0.9946927679453111
test_00692,0.9999475185367288
test_00693,0.98764971414442
test_00694,3.999103338448456e-10
test_00695,0.09061681483174738
test_00696,0.11114553511531128
test_00697,0.9999911714403502
test_00698,0.04451704726804217
test_00699,0.04379964455239938
test_00700,0.9991304875848505
test_00701,0.9971291371717421
test_00702,0.974287665894062
test_00703,0.026130086294792854
test_00704,0.03964862730590889
test_00705,0.5773319278200969
test_00706,0.04216476715120674
test_00707,0.9873133503540165
test_00708,5.15307132512029e-05
test_00709,0.5661825481649105
test_00710,0.7862635079631115
test_00711,0.8673754067117322
test_00712,0.3198319135832399
test_00713,0.10194340829204099
test_00714,0.10582192626540005
test_00715,0.999999999999
test_00716,0.9194359073018323
test_00717,0.883816443353935
test_00718,0.13738772113263806
test_00719,0.1238226569211691
test_00720,0.9999248450848996
test_00721,0.007745177112379455
test_00722,0.00023192930994892148
test_00723,0.931912061948995
test_00724,0.9989059062480085
test_00725,0.994062587540753
test_00726,0.002800561995402346
test_00727,0.02677769225964761
test_00728,0.9999991612308274
test_00729,0.9915895688018345
test_00730,0.4071934490396919
test_00731,0.3292423866890232
test_00732,0.00013538599024042136
test_00733,0.014434358785655283
test_00734,0.9977629255854927
test_00735,0.00819814439692618
test_00736,0.5184886691256715
test_00737,0.3353072236879421
test_00738,1.8259726539235277e-05
test_00739,0.9999908395771553
test_00740,5.6335639255807396e-05
test_00741,0.999999519776795
test_00742,0.7731448914676141
test_00743,0.9311156165227025
test_00744,0.019955222522460153
test_00745,0.9603323783806517
test_00746,0.02340158440387418
test_00747,0.002260151028497614
test_00748,0.9999822749311555
test_00749,0.0005320734235549703
test_00750,0.023391745725306282
test_00751,0.9998870310354628
test_00752,0.0012857406425083185
test_00753,2.7481404108367727e-05
test_00754,0.024845090059111227
test_00755,0.8975726401259735
test_00756,0.47431199335087715
test_00757,0.03405747745593187
test_00758,0.004634609064844296
test_00759,0.00039681721257442057
test_00760,0.9999006409588416
test_00761,0.9804609193744476
test_00762,0.00018786999257550894
test_00763,0.9999519746239651
test_00764,0.049401063490892475
test_00765,0.9999990957955687
test_00766,0.005228093345890753
test_00767,0.995257855987097
test_00768,0.007563009557098619
test_00769,2.1305002428314725e-06
test_00770,0.999996536780514
test_00771,0.25473978632813815
test_00772,3.0559956067170886e-07
test_00773,0.9819684772994768
test_00774,0.9999285027760516
test_00775,0.999999999999
test_00776,0.9950766329391104
test_00777,0.010651229938713123
test_00778,0.060418028990366954
test_00779,0.00010294964718549186
test_00780,0.6349769769030721
test_00781,0.09301974782075086
test_00782,0.3165122661151588
test_00783,0.547368247971449
test_00784,0.6113683549562045
test_00785,0.9829829459966659
test_00786,0.9999999996000897
test_00787,0.26434062650187645
test_00788,0.8847631870572452
test_00789,0.0075660604503845685
test_00790,0.9999253292138144
test_00791,0.999980043106237
test_00792,0.9999980694752937
test_00793,1.0568998666243369e-07
test_00794,0.9188229173744518
test_00795,1.1416678627610936e-05
test_00796,0.00018913993562239388
test_00797,5.762674303332541e-08
test_00798,0.9171614091103847
test_00799,0.5852121303012613
test_00800,6.664835529296799e-06
test_00801,0.00025262651879806174
test_00802,3.441728858850317e-05
test_00803,0.10838698142762003
test_00804,0.5675193460208542
test_00805,0.4357227770623792
test_00806,0.9999627978409251
test_00807,0.9996675362007487
test_00808,0.0011409618907651541
test_00809,0.14513648098199147
test_00810,0.9988146205425003
test_00811,0.9910110165738119
test_00812,0.6646469023791339
test_00813,0.057115928431835564
test_00814,0.9999993629622875
test_00815,0.1771890096680978
test_00816,0.017013798824133022
test_00817,0.00013892156971943623
test_00818,1.5886635315491357e-05
test_00819,0.9999857366774277
test_00820,0.006246720123511908
test_00821,0.00016828762125705463
test_00822,0.9107639199763492
test_00823,0.0008676419237124652
test_00824,0.010114247235945863
test_00825,0.999809373970277
test_00826,0.8948153708842977
test_00827,0.9997921076264604
test_00828,0.89067790289031
test_00829,0.9965603068554506
test_00830,0.9995515302202129
test_00831,0.9984226726432303
test_00832,0.010581456579247913
test_00833,0.0035193335606967906
test_00834,7.2075004047927155e-06
test_00835,3.145734054279297e-05
test_00836,0.42116121062918405
test_00837,0.8154199137636176
test_00838,1.5210962377164462e-05
test_00839,2.5068198738781123e-11
test_00840,0.0004929280000293571
test_00841,0.5179741688318266
test_00842,0.9989236281198189
test_00843,0.9260923904250643
test_00844,0.0001407370610932875
test_00845,0.0031004612097527548
test_00846,0.9999906866689718
test_00847,0.4445020033508602
test_00848,9.721608658843714e-07
test_00849,0.0032700458785313987
test_00850,0.3145172375608277
test_00851,0.995721214414292
test_00852,0.95494641215474
test_00853,0.42234891516883394
test_00854,0.78955125787256
test_00855,0.3961063163975986
test_00856,0.998049117337408
test_00857,0.0220581388982122
test_00858,0.4725207775910731
test_00859,0.9981674125259209
test_00860,0.07854768088695205
test_00861,0.695279567245765
test_00862,0.05864031575202874
test_00863,0.9999999899976612
test_00864,0.08108632594878067
test_00865,0.08122354195698843
test_00866,0.08609920481679001
test_00867,0.006798452994074177
test_00868,0.9936855862181025
test_00869,0.36139055619188615
test_00870,0.5455550720786699
test_00871,7.067752164992318e-07
test_00872,0.034615138259404335
test_00873,0.995224976233813
test_00874,0.0009332831007487629
test_00875,0.8848129073950468
test_00876,0.02630507763413429
test_00877,0.0002970283838797988
test_00878,1.7387111546888278e-05
test_00879,0.949247332256997
test_00880,0.09565979830189593
test_00881,0.9999266420474768
test_00882,0.9312223926425363
test_00883,0.8894217985721412
test_00884,0.999866748047965
test_00885,0.5911596007690849
test_00886,0.45284036048098264
test_00887,0.028500415790476446
test_00888,0.47297475562567354
test_00889,0.9312452461169207
test_00890,0.5014899638000503
test_00891,0.9979273204764756
test_00892,0.0024881160728314833
test_00893,0.9036965642856162
test_00894,0.9879283205337871
test_00895,0.9996196728631506
test_00896,0.4066675050410175
test_00897,0.7345711720266365
test_00898,0.9999803796233484
test_00899,0.0003550494770259491
test_00900,0.002673335217697107
test_00901,0.9989431002649378
test_00902,0.12416716247898602
test_00903,0.9999897909247822
test_00904,0.9999999983991024
test_00905,0.0034472195626565312
test_00906,0.8048397814732781
test_00907,0.17109420434915512
test_00908,0.004909018091728973
test_00909,0.9953065538359623
test_00910,0.00019800423953281882
test_00911,0.5215250565329903
test_00912,0.5293147637700243
test_00913,0.0014668250260637308
test_00914,4.326815664276848e-05
test_00915,0.6554548917490333
test_00916,0.0011474587734289778
test_00917,0.5754259371410184
test_00918,0.00011275201966369676
test_00919,2.994607304781833e-06
test_00920,4.0375394257016636e-07
test_00921,9.732488062387345e-06
test_00922,0.8517492084532355
test_00923,0.0008796883481797465
test_00924,0.5075145888283382
test_00925,0.9999802229590736
test_00926,0.9944900890148485
test_00927,0.000179037754799527
test_00928,0.8510004146929869
test_00929,0.4692341980120969
test_00930,4.2254017248014295e-09
test_00931,0.9999759024629878
test_00932,0.05518785060538486
test_00933,0.971956418775313
test_00934,0.9999998535833862
test_00935,0.0032996962550997017
test_00936,0.9999162757699345
test_00937,0.9999859828172768
test_00938,0.07490202942933043
test_00939,0.9999997187973092
test_00940,0.9999416660029743
test_00941,0.9988285523243542
test_00942,0.9999289321044873
test_00943,0.033155288485922224
test_00944,0.014475019057459229
test_00945,0.9994040388232327
test_00946,0.906324488444999
test_00947,0.47344872219520007
test_00948,0.0026770394406954133
test_00949,0.19478031159852688
test_00950,0.0055418290818934676
test_00951,0.9108914250228966
test_00952,0.832391262682055
test_00953,0.9990445462940731
test_00954,0.846020377415296
test_00955,0.9999241379611747
test_00956,0.08284925737066877
test_00957,0.49803502126280913
test_00958,0.04816359263154827
test_00959,0.9861703532849414
test_00960,1.566445534394019e-06
test_00961,0.9998006189047807
test_00962,0.08000210100201724
test_00963,0.9999928866239787
test_00964,0.9999886512438092
test_00965,0.9006275879102796
test_00966,0.9980963463492981
test_00967,0.09658513146052662
test_00968,0.07994351951201191
test_00969,0.7628544845857057
test_00970,0.9856497000178032
test_00971,0.9996867043817345
test_00972,0.47007185489935155
test_00973,0.4993499818210502
test_00974,4.85892522232379e-05
test_00975,0.9233333829871362
test_00976,0.9999999143966751
test_00977,0.9826077380746128
test_00978,1.2252837168870277e-09
test_00979,0.3346557736674635
test_00980,0.9997708858877736
test_00981,0.5832743827072052
test_00982,0.11386308819291391
test_00983,0.0007469215550614635
test_00984,0.09172124878073394
test_00985,0.9933885508292021
test_00986,0.007641509334126577
test_00987,3.7604719179465046e-05
test_00988,0.2926675280940351
test_00989,0.9999474817344033
test_00990,0.002857552831597978
test_00991,0.7537801728346707
test_00992,0.0761053623002496
test_00993,0.013268155847065565
test_00994,0.27839422302747097
test_00995,0.3304967299608474
test_00996,0.677133415868266
test_00997,0.9929916452638953
test_00998,7.777932417963338e-05
test_00999,0.002452371021491935
test_01000,0.017225361795735028
test_01001,0.9993367589655261
test_01002,0.17184449427093432
test_01003,0.5047548828316963
test_01004,0.1527705290063961
test_01005,0.000482095622320465
test_01006,0.15477007851144772
test_01007,0.08093238177263147
test_01008,0.7788218940733516
test_01009,0.9995547240157788
test_01010,0.9950402510112604
test_01011,0.9009858122323772
test_01012,0.4227613760680616
test_01013,1.8888966423804016e-06
test_01014,8.650163148608457e-06
test_01015,0.9916499300091479
test_01016,0.9636874950190514
test_01017,0.018465039100603157
test_01018,0.999997276827652
test_01019,0.9106967621142135
test_01020,0.9698491677134493
test_01021,0.9999991885131906
test_01022,6.450200114885199e-07
test_01023,0.9770797400172467
test_01024,0.07348593020873018
test_01025,0.5703335866672963
test_01026,0.7904972646625762
test_01027,0.06585339032693326
test_01028,0.00016524085675396287
test_01029,0.999999886029338
test_01030,0.9970575799501983
test_01031,0.023650450948935458
test_01032,0.7318581299076544
test_01033,0.9998540536024227
test_01034,0.11546192485389495
test_01035,0.001280945470382293
test_01036,0.9923405855244728
test_01037,0.04566507091042551
test_01038,0.9992872329860059
test_01039,0.9997542120835259
test_01040,0.9941802446913515
test_01041,0.3055784388497584
test_01042,0.9909209945931643
test_01043,0.7539044687843623
test_01044,0.9999997693823589
test_01045,0.9887414150199645
test_01046,0.0019470421926116009
test_01047,0.9999680871745851
test_01048,0.9792141365490048
test_01049,0.028622550176021028
test_01050,1.4072128916904241e-07
test_01051,0.8584898757895233
test_01052,0.8006773825313923
test_01053,0.18230056010178805
test_01054,0.7831781388089742
test_01055,0.40299540540778284
test_01056,0.022174230092807355
test_01057,0.005036595796643632
test_01058,0.7305114613600077
test_01059,0.5074345532076131
test_01060,0.9993390569610812
test_01061,0.9925417799644874
test_01062,0.22989767470444317
test_01063,0.040488228665048864
test_01064,1.9530984506261302e-05
test_01065,0.10689345182107707
test_01066,0.8127116154302997
test_01067,0.9574637452754942
test_01068,0.9846333530998411
test_01069,0.0007109409500312726
test_01070,0.9837925248000365
test_01071,0.9932916210007764
test_01072,0.9895744167820558
test_01073,0.9627626993429346
test_01074,0.987261242326397
test_01075,6.0170825748270645e-05
test_01076,0.005368174851537311
test_01077,0.9176139077865213
test_01078,0.306791966913952
test_01079,0.10992616913101928
test_01080,0.9999999998433214
test_01081,0.9993627445507307
test_01082,0.9996710225587817
test_01083,0.9971095552425248
test_01084,0.477651176695211
test_01085,0.9752924514863212
test_01086,0.9729738918503192
test_01087,0.001789454466844077
test_01088,0.14007408143975722
test_01089,0.9998735648049336
test_01090,0.9990689836438251
test_01091,0.9999204149462372
test_01092,0.49624504973110084
test_01093,0.2655036716890554
test_01094,0.016932524666490912
test_01095,0.9999999038380677
test_01096,0.2105930556555365
test_01097,0.9996002783250317
test_01098,0.9999970227041479
test_01099,0.7362359065423626
test_01100,0.01007346104144111
test_01101,0.8467371961173726
test_01102,0.9999999861880232
test_01103,0.0681618276878053
test_01104,0.3638282312058884
test_01105,0.9998390805262262
test_01106,0.3430771211797686
test_01107,0.9999710152048417
test_01108,0.6361670704355503
test_01109,0.051410650660056394
test_01110,0.6168686321011334
test_01111,0.0009357142275520154
test_01112,0.0024002263417765035
test_01113,0.8026055267790597
test_01114,0.14805026538268343
test_01115,0.17756635790724845
test_01116,0.9848135806293266
test_01117,0.2533269220012663
test_01118,0.0021362118452432285
test_01119,1.0549400788717427e-05
test_01120,0.06395955905460757
test_01121,0.9356845282228206
test_01122,0.0006072800114989724
test_01123,0.881948686787401
test_01124,0.0014083383155437524
test_01125,0.6105305716696201
test_01126,0.999752187056763
test_01127,8.102000736736987e-09
test_01128,0.9310869815163241
test_01129,0.48836656938241185
test_01130,0.9999989625929437
test_01131,0.8931865202635841
test_01132,4.784137195287256e-06
test_01133,0.3109210997301716
test_01134,8.978577684900095e-06
test_01135,0.9293951163112176
test_01136,0.47310446981517595
test_01137,0.9999894994498864
test_01138,0.8501362242154624
test_01139,9.969905291578882e-07
test_01140,0.07022007550964943
test_01141,0.8256333222187509
test_01142,0.9980192220400251
test_01143,0.9652899253823973
test_01144,0.9999936934361334
test_01145,0.6055375633250745
test_01146,0.9993395980054386
test_01147,0.1302803973727025
test_01148,0.780395039517276
test_01149,0.10478906484326049
test_01150,0.15238725394652275
test_01151,0.025981989800698334
test_01152,0.00034553705325618975
test_01153,0.9981898557675191
test_01154,0.728619990019979
test_01155,0.2793128510255198
test_01156,0.0377300446832617
test_01157,0.016993461098391966
test_01158,0.001790143020559229
test_01159,0.06912693321423795
test_01160,0.004683741141806566
test_01161,1.4995499139697102e-05
test_01162,9.558399172473111e-05
test_01163,0.9999999867737385
test_01164,1.455522069102338e-06
test_01165,0.0020038469165875035
test_01166,0.9999531616575084
test_01167,0.9837268093134529
test_01168,0.6073051556397436
test_01169,0.019509936583774163
test_01170,0.06161433838149331
test_01171,0.9918082425227766
test_01172,0.9999797716517321
test_01173,0.002042286842692428
test_01174,0.6418779995547101
test_01175,1.0527630453193022e-06
test_01176,8.531570029705646e-05
test_01177,0.41914561279690965
test_01178,0.8376453715216231
test_01179,2.669265770208446e-05
test_01180,0.016927653997318996
test_01181,5.667584824543394e-06
test_01182,0.8201024230395328
test_01183,0.9884602241230649
test_01184,0.9999611750070706
test_01185,0.0005395787105403267
test_01186,0.00062380966829178
test_01187,0.0009466178304535936
test_01188,3.5169928082386455e-08
test_01189,7.713580584181275e-07
test_01190,1.851919256284649e-05
test_01191,0.010237162858919274
test_01192,0.997740110852869
test_01193,0.08804361869601092
test_01194,0.9999982661879568
test_01195,0.9844919706881015
test_01196,0.5566569855577281
test_01197,0.8458587305515685
test_01198,0.23008753523853548
test_01199,4.545485732252507e-06
test_01200,0.39163822620799976
test_01201,0.002491675009323996
test_01202,0.9999741615199159
test_01203,0.9938536031444273
test_01204,0.24673337404263831
test_01205,7.225586191389042e-09
test_01206,0.9736526413848686
test_01207,6.540148797270174e-05
test_01208,0.8499557056014699
test_01209,0.5379651353426333
test_01210,0.9999998378670987
test_01211,0.9998037275367828
test_01212,0.0007779378998713033
test_01213,0.9998547326901044
test_01214,0.5432985120792395
test_01215,0.001398077511686127
test_01216,0.8767365981120921
test_01217,0.0002496837808405194
test_01218,0.2936893770751381
test_01219,0.04406691835072528
test_01220,0.9999920310742834
test_01221,0.9999996775658161
test_01222,0.8983162171875209
test_01223,0.9154531635668137
test_01224,0.9999180366852525
test_01225,0.876646681319739
test_01226,0.13211853646782304
test_01227,0.9277701603328141
test_01228,8.458945120076193e-06
test_01229,0.9807836043671325
test_01230,0.9999996395555307
test_01231,0.956164306085659
test_01232,0.00035759496308665863
test_01233,0.9918719332089322
test_01234,0.12826496143008795
test_01235,0.9999611436033349
test_01236,0.992224909038109
test_01237,0.000780148444532395
test_01238,0.0007168491453002147
test_01239,0.9999633205223645
test_01240,0.9999999323672012
test_01241,0.9996450478124886
test_01242,0.3878425223603808
test_01243,0.030570256566063273
test_01244,2.182071352092282e-06
test_01245,0.9998093025112702
test_01246,0.9990887709967147
test_01247,0.9766977088315975
test_01248,0.01116426570573222
test_01249,0.9999951164891764
test_01250,0.6058854888494926
test_01251,0.5426421978023889
test_01252,0.11245036231433776
test_01253,0.3176038249298322
test_01254,0.9552275979846365
test_01255,0.9026281728272404
test_01256,0.9999975115232951
test_01257,0.46157690961503856
test_01258,0.004113450510748804
test_01259,5.713837846126721e-05
test_01260,0.00013568384437646672
test_01261,0.5680864387964284
test_01262,0.5000350177287626
test_01263,0.6604932231793037
test_01264,0.03009004849594309
test_01265,0.998727280268451
test_01266,0.019538195814879013
test_01267,0.07131213620132976
test_01268,0.04022495118562176
test_01269,0.6285523261348489
test_01270,0.9900012539147077
test_01271,7.026342292266386e-08
test_01272,0.0030274270730793152
test_01273,0.07627590297121242
test_01274,0.11826111488531295
test_01275,0.9995045185478451
test_01276,0.006988417954619763
test_01277,0.277718820897199
test_01278,0.4800529337474855
test_01279,0.0002080404867571345
test_01280,0.6603226486080126
test_01281,0.891269869342748
test_01282,0.9999999648356628
test_01283,0.9071706831452571
test_01284,0.07544972029988492
test_01285,0.7779132673370903
test_01286,0.9999884811061035
test_01287,0.999993943328904
test_01288,0.13533046261175946
test_01289,0.9999745455453285
test_01290,0.9986015215393055
test_01291,4.751327626439969e-06
test_01292,0.9981436515408354
test_01293,0.5169051527456668
test_01294,0.9832196394393475
test_01295,0.9973841465428765
test_01296,0.39293140031115326
test_01297,0.999792996931731
test_01298,0.2284394002882425
test_01299,0.9998083082736612
test_01300,0.0011199832973535565
test_01301,0.9909412974012017
test_01302,0.9423303005782189
test_01303,0.012014537197335756
test_01304,0.08540034764477149
test_01305,0.023389780634441172
test_01306,0.0663405851885931
test_01307,0.9999512338654801
test_01308,0.9999891044592017
test_01309,9.784013895649194e-05
test_01310,0.5899891969294628
test_01311,0.0014916559039704176
test_01312,0.9996325239523507
test_01313,0.9559591236026095
test_01314,0.9997018117899664
test_01315,0.08095978138891355
test_01316,0.2583889753605225
test_01317,0.9457469083929214
test_01318,0.0016198200124668707
test_01319,0.08637314257660547
test_01320,0.8472263736269797
test_01321,7.408828924853895e-07
test_01322,0.9550300116824431
test_01323,0.5630968001664458
test_01324,0.00044979541363319753
test_01325,0.9062414373874064
test_01326,0.011977422123428604
test_01327,0.9358379985254028
test_01328,0.9981399099131965
test_01329,0.999999924332883
test_01330,0.9765097143337585
test_01331,0.0009557802728624366
test_01332,0.9678193927602826
test_01333,0.8708655808390846
test_01334,0.07383989677019326
test_01335,0.9966679324698832
test_01336,0.637219158754467
test_01337,0.9999999526743213
test_01338,0.9991632402466052
test_01339,0.641004192663452
test_01340,0.00017311362937790005
test_01341,0.9476754238913315
test_01342,0.9028759069474711
test_01343,0.9761837536826772
test_01344,0.7455414725886222
test_01345,0.8731421542599681
test_01346,0.08995181615289027
test_01347,0.999907970370957
test_01348,0.006887280816941582
test_01349,0.0019977610115230506
test_01350,0.8893146084373479
test_01351,0.9999497715251754
test_01352,0.987521228323175
test_01353,1.256702206564706e-05
test_01354,0.9994168916665761
test_01355,0.7807392301008705
test_01356,0.09361557128485663
test_01357,0.2371927169167728
test_01358,0.9957267478410781
test_01359,0.4409177003375601
test_01360,0.0003012330944115761
test_01361,0.9537720386347408
test_01362,0.00026743782192280833
test_01363,0.9999994253229714
test_01364,0.9034101630387732
test_01365,0.014531312954298077
test_01366,0.37374441425083993
test_01367,0.9921264589018239
test_01368,0.47135353357487214
test_01369,4.390347163069075e-05
test_01370,0.0012822879336160614
test_01371,0.026746733838232374
test_01372,0.07707493305315247
test_01373,0.9999338570208324
test_01374,0.9188799149514081
test_01375,0.00036074233918669457
test_01376,0.017970092297003182
test_01377,0.0015775405484140905
test_01378,0.04506532600572058
test_01379,6.5715939106349e-07
test_01380,0.0332465411273204
test_01381,0.007281937875307132
test_01382,0.7587118531182606
test_01383,0.9849252112900792
test_01384,0.9999999966929578
test_01385,0.9998922857362496
test_01386,0.00015975144638495772
test_01387,0.06194784574339274
test_01388,0.02156740685023662
test_01389,0.3533241337717066
test_01390,0.0001837399061765305
test_01391,0.3035324089945532
test_01392,0.574142860786379
test_01393,0.942070159774036
test_01394,0.0015878405920961328
test_01395,0.9999968292420472
test_01396,0.9967963693431264
test_01397,0.6757796369336845
test_01398,0.08226043169115331
test_01399,0.001986106107332009
test_01400,0.004965357289411992
test_01401,0.0025534931552942913
test_01402,0.047298446163954545
test_01403,0.5837247080955463
test_01404,0.6634941829838773
test_01405,0.9874607753578503
test_01406,0.0003908348648850147
test_01407,0.9996100892156335
test_01408,0.9999941274174737
test_01409,0.999987945235455
test_01410,0.9912044744617016
test_01411,0.00016802160428554735
test_01412,0.024915572059133848
test_01413,0.0014222830404810947
test_01414,0.0053556185671549015
test_01415,0.7921326047646852
test_01416,0.997217520034783
test_01417,0.0029604591498445794
test_01418,0.9993790697489943
test_01419,0.005124700721177679
test_01420,1.050944735844207e-08
test_01421,0.0004847347757140829
test_01422,0.02882308970216282
test_01423,0.6496868428103306
test_01424,0.9999704960288454
test_01425,0.9999654043526575
test_01426,0.998165321172596
test_01427,0.03135856228546268
test_01428,0.9895279139199928
test_01429,0.9164733962428988
test_01430,0.2808725898108835
test_01431,0.01314475622717742
test_01432,0.9999785744293422
test_01433,0.9559142624025078
test_01434,0.9996593600768525
test_01435,0.15150232704145647
test_01436,0.0001452055212855542
test_01437,0.012771049443719554
test_01438,0.13409806002082597
test_01439,0.9794817416398174
test_01440,0.9993085688832636
test_01441,0.0005575948106337142
test_01442,0.8980614405166887
test_01443,0.059921502127316416
test_01444,0.20234617105457262
test_01445,0.7865618004907232
test_01446,0.12366973663285816
test_01447,0.8123259266339757
test_01448,0.9804900634162258
test_01449,0.9768006710365323
test_01450,0.9999366768738155
test_01451,0.32151947311915585
test_01452,0.9999937940471897
test_01453,0.9679731702849254
test_01454,0.9762543216994818
test_01455,0.9806072716974185
test_01456,0.9684837265580697
test_01457,0.9993490167213156
test_01458,0.9986107421493069
test_01459,0.9998988027134894
test_01460,5.258324882447851e-09
test_01461,0.011421533279564031
test_01462,0.00557428155049337
test_01463,0.9958977317523328
test_01464,0.0028548966492404
test_01465,0.816118494188012
test_01466,0.6771967829165629
test_01467,0.9999817186896699
test_01468,0.9985294655366431
test_01469,0.0044976604551094
test_01470,0.010830265984924469
test_01471,0.973890960016257
test_01472,0.9974043711909049
test_01473,0.0027993919095389576
test_01474,0.6128259694801441
test_01475,7.590641191130041e-05
test_01476,0.09210870811325733
test_01477,0.9191287034130039
test_01478,0.019433220853695834
test_01479,0.6587212585726346
test_01480,0.9999777013299211
test_01481,0.9692291619004919
test_01482,0.012062362788352328
test_01483,0.9477751411190037
test_01484,1.262848214424066e-06
test_01485,0.8896920495786789
test_01486,0.9931430429264342
test_01487,0.3138906033538427
test_01488,0.9999995369712672
test_01489,0.2965500381192114
test_01490,0.8481033642460255
test_01491,1.7074730595309598e-06
test_01492,5.3330122999170744e-05
test_01493,0.02604283954211341
test_01494,0.006900783031791044
test_01495,0.003790818093576398
test_01496,0.9736029251750974
test_01497,0.9021457612914072
test_01498,0.9737023135406928
test_01499,0.23509552179819465
test_01500,0.008342010506971921
test_01501,0.44984181756662034
test_01502,0.07597556985215172
test_01503,0.9479325202517547
test_01504,0.9999943085801667
test_01505,0.006647765154598882
test_01506,0.9076194694270128
test_01507,0.8836375755264215
test_01508,0.9998294423244375
test_01509,0.9999617406896403
test_01510,0.4977500254570499
test_01511,0.9998831442601483
test_01512,0.9990654205852578
test_01513,0.9992533660722795
test_01514,0.4258865958872155
test_01515,0.9532048998429373
test_01516,0.43585119393332333
test_01517,0.19469161489799577
test_01518,0.9880741723421659
test_01519,0.7678808021406006
test_01520,0.999056807275744
test_01521,0.8271776675709706
test_01522,0.9558128415999622
test_01523,0.34396132447212396
test_01524,0.8164311853275368
test_01525,0.9996873451537495
test_01526,2.7591215114639234e-07
test_01527,0.9999613954107421
test_01528,0.9992399076897804
test_01529,5.083787796455918e-07
test_01530,0.9983034093012549
test_01531,0.7347291291550545
test_01532,0.9251562272478585
test_01533,0.7356469572599083
test_01534,0.005314724645102903
test_01535,0.03977626077942363
test_01536,0.0007129077756718989
test_01537,0.9999999923424768
test_01538,0.0032993781058563458
test_01539,0.9999444613380749
test_01540,0.5094441393236584
test_01541,0.9450927850317116
test_01542,0.6342916763294572
test_01543,0.9991092839516789
test_01544,0.0021508648597923603
test_01545,0.9993205485238157
test_01546,0.9999969267369071
test_01547,0.7745087794376947
test_01548,0.3670139535332735
test_01549,0.003180093777179795
test_01550,0.9922723299372622
test_01551,0.00046484341418234944
test_01552,0.9972308950790679
test_01553,0.9950897876479099
test_01554,2.1659830950177387e-05
test_01555,0.6590214535349664
test_01556,0.9269124871879222
test_01557,0.9467970772778559
test_01558,0.9994082532543866
test_01559,0.0004924645372506955
test_01560,0.5263317088737598
test_01561,0.00034217224789341734
test_01562,3.8486777563422e-07
test_01563,0.9234148854767229
test_01564,9.858444623771628e-06
test_01565,0.5942524824954343
test_01566,0.9974855144298375
test_01567,0.001167978132722082
test_01568,2.8013628771830942e-05
test_01569,0.07449687354573535
test_01570,3.601269360615232e-09
test_01571,0.9476432270135565
test_01572,0.930987714159256
test_01573,0.9280722976867405
test_01574,0.41871433533534863
test_01575,0.03804135815529594
test_01576,0.9145909394168363
test_01577,0.11280385516471324
test_01578,0.8675119811871386
test_01579,0.6088536893752284
test_01580,0.11335732293170953
test_01581,0.9999991749827332
test_01582,3.768514273416532e-06
test_01583,2.8120692645533595e-05
test_01584,0.8630187998581064
test_01585,0.5046198872107477
test_01586,0.957912680066165
test_01587,0.8362450431806875
test_01588,0.033188118036420446
test_01589,0.4932652786545148
test_01590,0.9999779153175024
test_01591,0.857128515503449
test_01592,0.4425706800490406
test_01593,1.5546889996069006e-05
test_01594,0.9999973180678677
test_01595,0.9998501289732499
test_01596,2.1378796211999557e-06
test_01597,0.4900409922020516
test_01598,0.3935445717444501
test_01599,0.8930490601915245
test_01600,0.0001894226010951094
test_01601,0.9898280182076826
test_01602,0.00012097843264549321
test_01603,0.9999977432082617
test_01604,0.9226323093070363
test_01605,0.07486585814586483
test_01606,1.150189400957874e-05
test_01607,0.9999870009448883
test_01608,0.9818283140436174
test_01609,0.9237464506512711
test_01610,0.8913052268334497
test_01611,0.0023500160830680146
test_01612,0.9814665298402736
test_01613,0.169678025262134
test_01614,0.0007256183451579107
test_01615,0.9058556721568278
test_01616,0.00011362140061429026
test_01617,0.9245866021890679
test_01618,0.9995682470407743
test_01619,0.00023091101972139757
test_01620,0.00040222058664186823
test_01621,0.02127800629689134
test_01622,0.9999448011684923
test_01623,0.9001727145499911
test_01624,0.4201654104513765
test_01625,0.8176891624059704
test_01626,0.929814668973592
test_01627,0.9970494710768639
test_01628,0.050233171446262166
test_01629,0.961805055605834
test_01630,0.97247831762069
test_01631,0.9645689942757294
test_01632,9.919876021634934e-07
test_01633,0.9961756322549149
test_01634,0.0008399744199118796
test_01635,0.8984640652220764
test_01636,0.9985143662722722
test_01637,0.08343853666763319
test_01638,0.8390834120284594
test_01639,0.3828629566419854
test_01640,1.6209634601522742e-05
test_01641,0.05513297824902703
test_01642,0.9019964790390513
test_01643,0.06248700575994894
test_01644,0.9515038961257037
test_01645,0.9996969688047261
test_01646,0.3202737991951784
test_01647,0.9401851785287708
test_01648,0.9999843337343939
test_01649,0.0001737891281103043
test_01650,0.46142758177061893
test_01651,0.09825974326000884
test_01652,0.9507091248580143
test_01653,0.0005866571057230879
test_01654,0.8890335403920167
test_01655,0.9999200060770597
test_01656,0.9932225802802038
test_01657,3.407279422295554e-06
test_01658,0.11363986717225981
test_01659,0.07786674798694632
test_01660,0.999986561337372
test_01661,0.05086644533360235
test_01662,0.9917464074665152
test_01663,0.0027696847345313924
test_01664,0.0002912642612786573
test_01665,0.9887235173642771
test_01666,0.04566209896003527
test_01667,3.611551007370142e-08
test_01668,0.6863419790346803
test_01669,4.6987703732443953e-07
test_01670,0.8884137021331173
test_01671,0.9903373167777683
test_01672,0.8994687350963305
test_01673,0.09227310433178416
test_01674,0.48882635895001675
test_01675,0.030387765779520542
test_01676,0.9996043212812059
test_01677,0.5465636148181675
test_01678,0.9922975151156587
test_01679,0.9972131505438059
test_01680,0.000735157819582257
test_01681,0.9981919292680032
test_01682,0.9999824443197936
test_01683,0.12663623699132254
test_01684,0.999985717505797
test_01685,0.999611933972472
test_01686,0.9666839995376681
test_01687,0.8782511869308712
test_01688,0.010326868346251825
test_01689,0.023011758298900203
test_01690,0.9999999977430699
test_01691,0.4294250923659414
test_01692,0.0018000142507445037
test_01693,0.173956549411584
test_01694,4.028957320473703e-05
test_01695,0.18627582750367916
test_01696,0.8951417846664103
test_01697,0.9957090321622472
test_01698,0.8947064289580516
test_01699,0.017393092508486592
test_01700,0.998974852815854
test_01701,0.08877353303932693
test_01702,1.426184313711588e-07
test_01703,0.9989094272505966
test_01704,2.8150723379872545e-06
test_01705,0.5394882387678586
test_01706,0.8990299283497649
test_01707,0.9507649519480285
test_01708,0.9992767907038714
test_01709,0.9889574131554572
test_01710,0.9933880792949227
test_01711,2.3021479339687406e-06
test_01712,0.4924604112732477
test_01713,0.01152358565045271
test_01714,0.0017532135467910625
test_01715,0.9999955819891865
test_01716,0.9995727788175487
test_01717,0.9999989161547276
test_01718,0.002522206337795606
test_01719,0.0008519720238832314
test_01720,0.8939518459773163
test_01721,5.130736313260198e-06
test_01722,0.9855464298128396
test_01723,0.06558472305184614
test_01724,0.055681487557843856
test_01725,0.021459765842253585
test_01726,0.0002923238952427233
test_01727,0.9248184021651414
test_01728,0.13047479221609745
test_01729,0.9999024119020908
test_01730,0.012688702996084301
test_01731,0.4871121600656101
test_01732,0.05909555393665468
test_01733,0.7339471886951678
test_01734,0.9189390002615703
test_01735,0.9780244241314582
test_01736,0.9996389621187788
test_01737,0.9999923818512053
test_01738,0.9907906968216967
test_01739,0.5683674522180103
test_01740,0.6101886201923058
test_01741,0.0008359942291837199
test_01742,3.3973695144912324e-05
test_01743,0.9909164875352362
test_01744,0.8920209089782367
test_01745,0.1159182032244004
test_01746,0.004605729301165592
test_01747,0.9996818285305855
test_01748,0.06888439484795929
test_01749,0.7355515013601678
test_01750,0.9902434882971883
test_01751,0.19221338647404748
test_01752,0.12496221185436013
test_01753,0.8188469085102257
test_01754,0.0642167948030096
test_01755,0.8815128912627819
test_01756,0.8084588674220871
test_01757,0.9234474544870559
test_01758,0.04027150284449508
test_01759,0.4532228267140991
test_01760,0.9999007427313557
test_01761,0.0012866999064576868
test_01762,0.08725779072921785
test_01763,0.0005158008648960691
test_01764,0.7784609368486973
test_01765,0.966958883983265
test_01766,0.06905239789081262
test_01767,6.450679596184075e-07
test_01768,0.005763821941469857
test_01769,0.9855841029427279
test_01770,0.9989359944306254
test_01771,4.3702223546152525e-05
test_01772,0.3693070087111561
test_01773,0.9220735406872524
test_01774,0.9999920026216863
test_01775,0.9999919170431666
test_01776,0.9999986974371122
test_01777,0.9955846150074136
test_01778,0.9999999172944801
test_01779,0.20801076332618942
test_01780,0.004554762645408098
test_01781,0.9999979204092674
test_01782,1.1129392076824272e-05
test_01783,0.9901325662273401
test_01784,0.9977310019913025
test_01785,0.6755167671462698
test_01786,0.8010975609088595
test_01787,0.0696078479604943
test_01788,0.9999960938782924
test_01789,0.743422371861825
test_01790,0.009058702598798252
test_01791,0.8858119733813457
test_01792,0.45881008746548435
test_01793,0.24398328860933438
test_01794,0.654388407452785
test_01795,1.0713616838086915e-05
test_01796,0.007910513206159113
test_01797,0.4942502194256664
test_01798,0.8693616790237578
test_01799,0.481266550831884
test_01800,0.7795769886220277
test_01801,0.9999443099877604
test_01802,0.17919540078150803
test_01803,0.9959533879810566
test_01804,0.9999986337782029
test_01805,1.3957090159202376e-06
test_01806,0.08477003340922343
test_01807,0.999965285246981
test_01808,0.9999999515783718
test_01809,0.9998478635736294
test_01810,0.969328982285799
test_01811,0.9343578918893587
test_01812,0.9987904016717527
test_01813,0.0943804204391094
test_01814,1.3661005906007759e-05
test_01815,0.9991927830244346
test_01816,0.49776000908409607
test_01817,0.010306220160475237
test_01818,0.9989623841249423
test_01819,0.9447106601654514
test_01820,0.2884530686680493
test_01821,0.9997483566929347
test_01822,0.6593815293540838
test_01823,0.00036301293796005003
test_01824,0.972549913058639
test_01825,0.014489822881501599
test_01826,0.9985240971080275
test_01827,0.0005788147756295985
test_01828,0.9999257245161105
test_01829,0.018298891658991626
test_01830,0.9969168094836969
test_01831,1.3181402768048463e-05
test_01832,0.005317221836720327
test_01833,9.282119652936451e-07
test_01834,0.5016150134401011
test_01835,0.5284918441867896
test_01836,0.00039485274083311746
test_01837,0.9999380034814321
test_01838,0.040030909344608435
test_01839,0.9992806098290677
test_01840,0.0005762971200361642
test_01841,0.8724036022374584
test_01842,0.49380522898901846
test_01843,3.064067180199409e-08
test_01844,0.897956993552848
test_01845,0.006556952916702251
test_01846,0.99999852022956
test_01847,0.9999969443276289
test_01848,5.70882050458312e-07
test_01849,0.9547156865650707
test_01850,0.9999962897432436
test_01851,0.9720288275808804
test_01852,1.0732503145985441e-07
test_01853,0.05359565939389777
test_01854,0.00420680582689796
test_01855,0.045287261435080835
test_01856,0.9698744116422726
test_01857,4.2254017248014295e-09
test_01858,0.8832872611351537
test_01859,0.8724008170872436
test_01860,0.999277640597264
test_01861,0.003644729331382549
test_01862,0.45214510675593866
test_01863,0.6556171104601728
test_01864,3.66181243411533e-05
test_01865,0.9999998877044755
test_01866,0.14667216040919293
test_01867,0.008723118825795113
test_01868,0.053762420663361433
test_01869,0.9996953455171828
test_01870,2.5403905619664015e-05
test_01871,0.9991959309827229
test_01872,0.06781932540443726
test_01873,0.9919195125320716
test_01874,0.17865709091783677
test_01875,7.2075004047927155e-06
test_01876,0.9391606760179516
test_01877,0.9999990129433814
test_01878,0.008220508320211473
test_01879,0.9951947242945356
test_01880,0.8136272236476777
test_01881,0.9388439454947238
test_01882,0.0030930556339227484
test_01883,0.5821823347390376
test_01884,0.003162889829853499
test_01885,0.16387409805770317
test_01886,0.00010803242079978456
test_01887,0.9820861825059661
test_01888,0.30992787479618444
test_01889,0.0007808857330011552
test_01890,0.9999905634624452
test_01891,0.36919793447281585
test_01892,0.0001845760439842951
test_01893,0.9268392416993432
test_01894,0.44773852511915435
test_01895,0.0472939041521908
test_01896,0.9960957806378542
test_01897,0.0024485692011846816
test_01898,0.6701922449580533
test_01899,0.1397773592987367
test_01900,0.9778267299446471
test_01901,0.09055131290540837
test_01902,0.9999950048557994
test_01903,8.159575400885375e-07
test_01904,0.00026878978381952677
test_01905,0.999994475144229
test_01906,0.022032494849239005
test_01907,0.9999929535885385
test_01908,0.9999343106725247
test_01909,0.1839021192573179
test_01910,1.4054754055909998e-05
test_01911,0.05041382526096481
test_01912,0.97202005719436
test_01913,0.048224786654588014
test_01914,0.9999999411644953
test_01915,0.6590999686390117
test_01916,0.9999610171063029
test_01917,0.9999999459172967
test_01918,0.9166516349469763
test_01919,0.16418026916450143
test_01920,0.9990961143000011
test_01921,3.76356195564994e-05
test_01922,0.9975739135313797
test_01923,0.6741876043858244
test_01924,0.0012813292812651736
test_01925,0.9998405075662214
test_01926,0.0005237840268911515
test_01927,0.9915441409933579
test_01928,0.9998453886758049
test_01929,0.9999996243871793
test_01930,0.9983834361340722
test_01931,0.0006716608349737414
test_01932,0.9999996304884518
test_01933,0.13505410029030257
test_01934,0.9367504154148719
test_01935,0.001910055813816895
test_01936,2.5915511052891556e-05
test_01937,0.9995862238939913
test_01938,0.009923757256629397
test_01939,0.9436100152350604
test_01940,5.640372956318877e-11
test_01941,0.6442280886007147
test_01942,0.9787294358864626
test_01943,0.0030353575806552225
test_01944,0.9306242448898326
test_01945,0.04742404368897714
test_01946,0.6444248584632517
test_01947,0.0001924752607486191
test_01948,0.013432553219485844
test_01949,0.4214458176108308
test_01950,0.9990476613536825
test_01951,0.1981960367002422
test_01952,0.999784471641526
test_01953,2.036414932388972e-06
test_01954,0.99999613345588
test_01955,0.03201611713853344
test_01956,0.9999981995764423
test_01957,0.9991577258047278
test_01958,0.14859447926965041
test_01959,6.151743539779662e-05
test_01960,0.9940364081374807
test_01961,0.9051532448344625
test_01962,0.00016543855251445783
test_01963,0.2595889713169133
test_01964,9.427097768370223e-07
test_01965,0.9983022940381844
test_01966,4.596234583748467e-07
test_01967,0.0020861012535652625
test_01968,0.8161150518730516
test_01969,3.7782196897017713e-06
test_01970,0.007267024929600559
test_01971,0.8809186981332259
test_01972,0.9990957962148634
test_01973,0.003250041953165894
test_01974,0.4536400667316442
test_01975,0.9975036593981016
test_01976,0.9997957985369892
test_01977,0.03981976915381915
test_01978,0.9999968203419066
test_01979,0.02345971087695155
test_01980,0.0011158843343745566
test_01981,0.03901022134494241
test_01982,9.721608658843714e-07
test_01983,0.07329151643119777
test_01984,0.42851405401052306
test_01985,0.9936529603348218
test_01986,0.9825458272365762
test_01987,5.3840942531409125e-06
test_01988,0.00758284833993991
test_01989,0.2624143552416032
test_01990,1.8541059849809046e-05
test_01991,0.9881091504688585
test_01992,0.09341518568513085
test_01993,0.9698881700493396
test_01994,0.4649531837190709
test_01995,0.9999920026216863
test_01996,0.9952108424243057
test_01997,0.8561480178266782
test_01998,2.0776533862745507e-05
test_01999,0.5032649884254998
test_02000,0.9999889543205706
test_02001,0.1164255985815628
test_02002,7.872448841877549e-05
test_02003,0.997469509703783
test_02004,1.8721059059903048e-07
test_02005,0.5337514561489939
test_02006,0.15522549341088476
test_02007,0.5671494812870169
test_02008,0.5005050300263713
test_02009,0.7171058709558373
test_02010,0.9976438732820593
test_02011,0.998674183972383
test_02012,0.6268551680152991
test_02013,0.9999938937712556
test_02014,3.7879958649483337e-06
test_02015,0.009116287747615687
test_02016,0.9999945692577693
test_02017,0.37876147593437764
test_02018,0.5500390729005603
test_02019,0.9304727717867858
test_02020,0.5688258537999347
test_02021,0.9999981248373553
test_02022,0.4908607488433957
test_02023,0.3417129610036849
test_02024,0.0015060348014326232
test_02025,0.9999911564690105
test_02026,0.8789315155329741
test_02027,0.01790626110153586
test_02028,0.9999960640178078
test_02029,0.7851802899439313
test_02030,0.36603460797875875
test_02031,0.8403459929390579
test_02032,0.042522090676985355
test_02033,3.083767148886742e-07
test_02034,0.0004290522500560233
test_02035,0.9909176110564629
test_02036,0.0002309105531449
test_02037,0.008143965200535086
test_02038,0.9997984348056579
test_02039,0.9963495248308891
test_02040,0.8400761437426372
test_02041,0.9999995930923986
test_02042,0.3260031113446404
test_02043,0.014760762940626102
test_02044,0.11679184136403609
test_02045,0.8372061013607099
test_02046,5.300334279432855e-07
test_02047,0.10093867623395275
test_02048,0.93787513774718
test_02049,0.029070479591081565
test_02050,0.8174735665003667
test_02051,0.9998703828907268
test_02052,0.23258276410193823
test_02053,0.9996416186542346
test_02054,0.9486434425960136
test_02055,0.9981211380734126
test_02056,0.9968856195437886
test_02057,0.9999718793073544
test_02058,0.49481513134259714
test_02059,0.9999995769457658
test_02060,0.9861148182039692
test_02061,0.994444946743604
test_02062,9.88513145576768e-05
test_02063,0.00016702566524122146
test_02064,0.9900732691268489
test_02065,0.7037688977025416
test_02066,0.9824829666075312
test_02067,0.0006320963637274353
test_02068,0.2791213670218687
test_02069,0.9009070781415831
test_02070,0.027703344999611263
test_02071,0.013008829296023764
test_02072,0.9995197362113182
test_02073,0.000526659749529268
test_02074,0.9979591871262607
test_02075,0.8387996139286882
test_02076,0.09485372151208835
test_02077,0.0004147297406669656
test_02078,0.9950382498180722
test_02079,0.051944046915257384
test_02080,0.9999999423660991
test_02081,5.441008255920889e-05
test_02082,0.5374025214156809
test_02083,0.0015169199386913105
test_02084,3.420976329642208e-05
test_02085,0.08356315085998098
test_02086,0.029128859013164202
test_02087,7.935141459510745e-07
test_02088,0.008891116850701259
test_02089,1.3328070447830476e-05
test_02090,0.13564467209199504
test_02091,0.3565265689239211
test_02092,0.10441658465851004
test_02093,1.6189320936755914e-05
test_02094,0.9999913646425787
test_02095,2.1239281905696623e-05
test_02096,0.704620096436328
test_02097,0.008442324337668942
test_02098,0.5831225779418527
test_02099,0.999999206485854
test_02100,0.9999314799824836
test_02101,0.5180491082628552
test_02102,0.9599349649924667
test_02103,7.77795916396852e-05
test_02104,0.007824743504386006
test_02105,0.9827368988702795
test_02106,0.9999999972437976
test_02107,7.660131785001392e-09
test_02108,0.00015755612534719803
test_02109,0.015425719466909587
test_02110,0.9991763377696041
test_02111,8.918489533735338e-06
test_02112,0.34379925816067136
test_02113,0.9999654045300077
test_02114,0.9992286687027053
test_02115,0.3281400201801797
test_02116,0.9753066900201217
test_02117,0.03170876399635919
test_02118,0.004526542629233008
test_02119,0.9999730195501928
test_02120,0.026544461702877394
test_02121,0.6890164968609298
test_02122,2.6173168708930976e-05
test_02123,0.1224341349621642
test_02124,0.08410158096757943
test_02125,0.9999898871974481
test_02126,0.09965478188859171
test_02127,0.0001137846469307342
test_02128,0.1843218185343933
test_02129,0.8053509491368654
test_02130,0.992308294857581
test_02131,0.9327385091601628
test_02132,0.9999990376773019
test_02133,0.603501812367462
test_02134,8.237862325396232e-05
test_02135,0.9999134095173763
test_02136,0.5050848897751622
test_02137,0.5058747886455218
test_02138,0.7770941964369229
test_02139,0.9999949824172973
test_02140,0.0001713629238854909
test_02141,0.994813482760293
test_02142,0.9996414225043414
test_02143,0.00027449235238993086
test_02144,0.5841994293371999
test_02145,0.023139633150680915
test_02146,0.06975962275948878
test_02147,0.6449213130988295
test_02148,0.8471768845572938
test_02149,0.09075246192126632
test_02150,0.9999377634710305
test_02151,0.0001517574007157294
test_02152,0.0002431275426382481
test_02153,0.9999969618676879
test_02154,0.9244351791487105
test_02155,0.9999996335112986
test_02156,0.501224992821185
test_02157,3.0836599499135854e-05
test_02158,0.027721877356273125
test_02159,0.9810953010086774
test_02160,0.9926432335592824
test_02161,0.8624610819522337
test_02162,0.9999766402072496
test_02163,1.274151649010666e-06
test_02164,0.0025410080606178788
test_02165,0.1966374514090471
test_02166,0.45158898668026254
test_02167,0.4947351484604299
test_02168,0.00593386833011148
test_02169,7.019794156717019e-06
test_02170,0.9894579460636893
test_02171,0.0014528508246491286
test_02172,0.9957756296356944
test_02173,6.159699318457928e-05
test_02174,0.15375598060299212
test_02175,0.9726170671193475
test_02176,0.23364793627984057
test_02177,0.9429452020927498
test_02178,0.12208169164953048
test_02179,0.7451582607077402
test_02180,0.999995933544592
test_02181,0.9125566692834061
test_02182,0.1055463998847051
test_02183,2.5735901355199348e-05
test_02184,0.12027231123113095
test_02185,0.9971146057916608
test_02186,3.5169928082386455e-08
test_02187,0.9888833601752209
test_02188,0.40651657236966704
test_02189,0.9996691402199789
test_02190,0.9999997396272656
test_02191,0.914876039241278
test_02192,0.00040881752744589036
test_02193,6.143437352988215e-06
test_02194,0.9641267079869571
test_02195,0.9830455543138744
test_02196,0.0004515658712185626
test_02197,0.9943579148881316
test_02198,0.010401769234143479
test_02199,0.34500865576445644
test_02200,0.5012350361582444
test_02201,0.10727880718821613
test_02202,1.7980816918015233e-05
test_02203,0.06125001818207497
test_02204,0.25808531964466935
test_02205,0.0887534413697871
test_02206,0.9768310233429134
test_02207,0.007836151535493214
test_02208,0.9994436407502154
test_02209,0.7169474296096914
test_02210,0.02787041314306362
test_02211,0.4222409406907879
test_02212,0.0014736309249282105
test_02213,0.9999998808882959
test_02214,0.9999218613234907
test_02215,0.041589637636533526
test_02216,0.03612899889796971
test_02217,4.174903403839002e-05
test_02218,0.8577523129196252
test_02219,0.017236842710515673
test_02220,0.10523909149406271
test_02221,0.0007965991296040399
test_02222,0.957815506707842
test_02223,0.28029684729934673
test_02224,0.9999990328085355
test_02225,0.08461613823693559
test_02226,0.3443412136563874
test_02227,0.11299247148199382
test_02228,0.9999706604136541
test_02229,0.9995073034143993
test_02230,0.8677223688312509
test_02231,0.0013059871907200756
test_02232,0.9402026815560129
test_02233,0.9949504690456603
test_02234,1.9157213262327235e-07
test_02235,0.9372144282778071
test_02236,0.29946197864335444
test_02237,0.9388864750838333
test_02238,0.09682495439506116
test_02239,0.9173451549499163
test_02240,0.9998724122956936
test_02241,0.9943445569226258
test_02242,0.04363831292977797
test_02243,0.06004934417780139
test_02244,0.9997289190648464
test_02245,0.043655578174880354
test_02246,0.990543639964371
test_02247,0.9582327389764094
test_02248,0.945934315060951
test_02249,0.9998065968994222
test_02250,0.9457534899929851
test_02251,0.10963912329905484
test_02252,0.9711545786306689
test_02253,0.9998717187772296
test_02254,4.753459041517375e-05
test_02255,0.7819547969441232
test_02256,0.006099056181239097
test_02257,0.9997143540940758
test_02258,0.0015426244103738413
test_02259,0.9985284337698287
test_02260,0.3977664420033546
test_02261,0.007806618945664954
test_02262,4.505225223254922e-05
test_02263,0.9998094445701099
test_02264,0.39338039007711206
test_02265,0.9969007721933103
test_02266,0.9979712227556252
test_02267,0.0012819039697803502
test_02268,0.016397925685548157
test_02269,0.9999989109251075
test_02270,0.9999927789794795
test_02271,0.1282984402606502
test_02272,0.00031402946253351644
test_02273,0.048520672512624236
test_02274,0.9514639727671356
test_02275,0.9999675132057381
test_02276,0.9667765947469251
test_02277,0.999954879608842
test_02278,0.9656215152879709
test_02279,0.990537862149672
test_02280,0.049064749682392925
test_02281,0.6710948442457587
test_02282,0.02050006965181187
test_02283,0.09772166809307108
test_02284,0.0072839273835217195
test_02285,0.999587915030984
test_02286,3.2602002294700465e-05
test_02287,0.0023500160830680146
test_02288,0.0017421251748169773
test_02289,9.607253360184926e-06
test_02290,0.1655668887783072
test_02291,0.00899347145757795
test_02292,0.03192216719885473
test_02293,0.20588403201591152
test_02294,0.9988035594399508
test_02295,0.9757667203913555
test_02296,0.9994992740035347
test_02297,0.8206351454486978
test_02298,0.9912260696133272
test_02299,0.9403964820344023
test_02300,0.0011328693984693436
test_02301,0.6377377706489937
test_02302,0.9542727642106108
test_02303,0.9745556308127633
test_02304,0.0005990372250056845
test_02305,0.9999631672778879
test_02306,0.9997501534696839
test_02307,0.4979150087873628
test_02308,1.6948488478701157e-05
test_02309,0.00025451546776653495
test_02310,0.9992345178167147
test_02311,0.9999089939573553
test_02312,0.7246581373593024
test_02313,0.8722811871294083
test_02314,0.04800169482051695
test_02315,0.9997384386121548
test_02316,0.8408183949076989
test_02317,0.017010544013783768
test_02318,0.9999739300795811
test_02319,0.9999998378670987
test_02320,0.3096430724855176
test_02321,0.5068696475287656
test_02322,0.9898533062546663
test_02323,0.17436669766984042
test_02324,0.9996475846809096
test_02325,0.5026749777117824
test_02326,7.697399460908542e-05
test_02327,0.4724409699324049
test_02328,0.1420015819164768
test_02329,0.00012137203326394401
test_02330,6.923710887524336e-05
test_02331,1.8545948174854133e-06
test_02332,0.0003647950267864404
test_02333,0.004819854159454862
test_02334,0.6916994411482742
test_02335,0.999884630265354
test_02336,0.99999613345588
test_02337,0.013249181482298823
test_02338,0.4042639150944347
test_02339,0.7287418125391165
test_02340,0.9999335670363402
test_02341,0.7428779610951401
test_02342,0.006698413396368935
test_02343,0.9999902833160618
test_02344,3.1351236971359e-06
test_02345,0.06275137035346008
test_02346,0.9932754681536945
test_02347,0.9688045259722178
test_02348,0.08988435885997242
test_02349,0.996197787505858
test_02350,1.2572154250953579e-06
test_02351,0.00016576897057172336
test_02352,0.0007257612795251158
test_02353,0.4273180753510188
test_02354,0.9999646566793309
test_02355,0.9936901686251643
test_02356,0.9466196621309685
test_02357,0.0231337706275178
test_02358,0.021383222132950044
test_02359,0.9953081072995004
test_02360,0.4104303650104922
test_02361,0.3916285668200812
test_02362,0.8950108128957612
test_02363,0.4783051892123765
test_02364,0.975058864711914
test_02365,0.9999989879250343
test_02366,3.3708865942347873e-05
test_02367,0.926086404491943
test_02368,1.8752035668963617e-06
test_02369,0.0007584943144850593
test_02370,0.999978246133065
test_02371,0.9999195047189935
test_02372,0.029913881786097843
test_02373,0.08011933095192234
test_02374,0.9905742236686407
test_02375,0.9996375802830563
test_02376,0.5082194317818884
test_02377,0.4992750290866296
test_02378,0.6296824732526206
test_02379,0.04444425270677204
test_02380,0.9996706460871904
test_02381,0.9994611496085677
test_02382,0.9500816393421713
test_02383,0.23188176937691032
test_02384,2.8150221676260816e-06
test_02385,0.5967665111501713
test_02386,2.464593023375422e-05
test_02387,0.9999978913441183
test_02388,0.10529357104194832
test_02389,0.0017869337191112678
test_02390,0.9206532990561388
test_02391,0.04967333038242023
test_02392,0.997751791960406
test_02393,0.004546362588191089
test_02394,7.631967849379451e-06
test_02395,0.9999975115232951
test_02396,0.006836304732459164
test_02397,0.9996498200668096
test_02398,0.9999476284276316
test_02399,0.11208470650948511
test_02400,0.9999999889709025
test_02401,0.9788695314336138
test_02402,0.9999989369162954
test_02403,0.016612153834972908
test_02404,0.9870854840339486
test_02405,0.5378456686282518
test_02406,0.28303113294410626
test_02407,0.9999987540122985
test_02408,0.2132891024700313
test_02409,0.14664499458061364
test_02410,2.5175174859322692e-05
test_02411,0.7998787728695133
test_02412,0.2815770489571606
test_02413,0.9943858625275631
test_02414,0.9999969706187195
test_02415,0.9999928866239787
test_02416,0.0005563599856877483
test_02417,0.8541510611071365
test_02418,0.551542367776657
test_02419,0.23792146638767714
test_02420,5.098598819684989e-05
test_02421,0.9999586752672653
test_02422,0.1270935621203222
test_02423,0.9821649588343554
test_02424,5.6437616605008445e-08
test_02425,5.303421137167112e-05
test_02426,0.9999998843215049
test_02427,0.9474772519061233
test_02428,9.444117268346185e-05
test_02429,0.1953129766203278
test_02430,0.9975307477489537
test_02431,0.25964245592882707
test_02432,0.823910109681749
test_02433,0.92471968819258
test_02434,0.999984532595632
test_02435,0.5134175991065973
test_02436,0.0012155543517780069
test_02437,0.622432602288568
test_02438,0.9523332639289839
test_02439,0.9999675709040702
test_02440,0.9999992504837767
test_02441,0.9999974477815669
test_02442,1.3735565794738035e-05
test_02443,0.999999382817513
test_02444,0.22809585956803416
test_02445,0.4543753590764249
test_02446,0.06996746601135802
test_02447,0.9822518717517047
test_02448,0.9990926064057118
test_02449,0.00020171097442804817
test_02450,0.9156500224428733
test_02451,0.9859037871314245
test_02452,0.0011541557041830459
test_02453,0.7899099719812654
test_02454,0.9665386943652514
test_02455,0.0002519711501570588
test_02456,0.015811017086543974
test_02457,0.05482931994596541
test_02458,0.08658168107969852
test_02459,0.015832063305404064
test_02460,0.9963495268450215
test_02461,0.9999989213407191
test_02462,0.9999496637221971
test_02463,0.10104249664498323
test_02464,0.9820324280668852
test_02465,8.302681269200309e-05
test_02466,0.07682772687922042
test_02467,0.0001664958962696077
test_02468,0.9993198636608933
test_02469,0.03993001988040047
test_02470,0.9984393314623263
test_02471,0.9999273371784275
test_02472,2.5275708426493936e-07
test_02473,0.9900119835049439
test_02474,0.002919654020872925
test_02475,0.07087638706651639
test_02476,0.19125997425366104
test_02477,0.3483061515814239
test_02478,0.9821448635183742
test_02479,0.9974962442045543
test_02480,0.9999871456653106
test_02481,0.9998313798519496
test_02482,0.5385923559081826
test_02483,0.01609383552989131
test_02484,0.23453159752606204
test_02485,0.03969611951694942
test_02486,0.9997212116463507
test_02487,0.9890977682368421
test_02488,0.04427131240109715
test_02489,0.999701006891573
test_02490,0.9999904860215981
test_02491,0.1307004030978512
test_02492,0.06934318779587217
test_02493,3.224172422227891e-07
test_02494,0.9999967574211212
test_02495,5.466105877440575e-06
test_02496,0.9156824526382636
test_02497,0.737664168027793
test_02498,0.9999956869105125
test_02499,0.18307122625440153
test_02500,0.9770038288803038
test_02501,1.1473691996421202e-06
test_02502,0.22227326556142307
test_02503,0.9987647931229445
test_02504,0.9985041843455429
test_02505,5.837259560555214e-05
test_02506,0.007741572589006181
test_02507,0.9882550269090024
test_02508,0.00010534443257162637
test_02509,0.9421968829881727
test_02510,3.6428558892029058e-06
test_02511,0.9999185426819818
test_02512,0.9999852184154717
test_02513,0.9999787608567058
test_02514,0.019339107919372087
test_02515,0.9999999837410491
test_02516,0.9761678287002804
test_02517,0.07151696139528228
test_02518,8.099317935742176e-09
test_02519,0.9452004825331433
test_02520,0.0010758492052782922
test_02521,0.40301970161852857
test_02522,0.9454617299175965
test_02523,0.000139404834068284
test_02524,0.9846180284729782
test_02525,0.9999954330487958
test_02526,0.0018298046873522825
test_02527,0.0030472792185222805
test_02528,0.441234350956609
test_02529,0.7059493453604094
test_02530,0.8812120244232303
test_02531,0.9996383694821405
test_02532,0.05941705862577313
test_02533,0.9278761969555799
test_02534,0.06416200147459718
test_02535,0.6036469913649267
test_02536,0.9838762234720142
test_02537,0.9882890446126228
test_02538,0.08745881211351993
test_02539,0.9999999995994935
test_02540,1.4684988029393949e-05
test_02541,0.4654662674116109
test_02542,0.9913703326554354
test_02543,0.8930840350352969
test_02544,0.9982103160310858
test_02545,0.9229823155068879
test_02546,0.00016603276051910997
test_02547,0.9314565540793472
test_02548,0.6514705266318164
test_02549,0.9999995866714927
test_02550,0.9999999999435962
test_02551,0.14270200874060693
test_02552,0.9811160854326246
test_02553,0.9998745400321983
test_02554,0.5447798332053257
test_02555,0.0650862195809942
test_02556,0.5903989516913004
test_02557,0.8891153499551356
test_02558,0.8667426631160225
test_02559,1.4187331255181615e-05
test_02560,0.025265642349392846
test_02561,0.9999999947416751
test_02562,0.21182742899686238
test_02563,0.9168253339093878
test_02564,0.9992010140361635
test_02565,0.8063392493284478
test_02566,0.5382588623595969
test_02567,0.010511333673682153
test_02568,0.09815530436908466
test_02569,0.07098324369411761
test_02570,0.9994303478676173
test_02571,0.003880763230631383
test_02572,0.2346607828149136
test_02573,0.0023825319177037457
test_02574,0.9304670306714118
test_02575,0.15922595940732368
test_02576,0.9479293070724262
test_02577,0.49449514143960466
test_02578,0.9712193148803634
test_02579,5.513038369565795e-06
test_02580,0.10915240034907404
test_02581,0.548679082329982
test_02582,0.04091969636084973
test_02583,0.8254764210715148
test_02584,0.9999854881502985
test_02585,0.0070576096022822565
test_02586,0.6441672015573278
test_02587,0.030589930386230174
test_02588,0.06707556027432586
test_02589,0.001984652735251908
test_02590,0.6719647105322903
test_02591,0.9960725965165639
test_02592,0.5668534785629155
test_02593,0.5550719554856602
test_02594,0.9999999997748291
test_02595,0.9995622757688808
test_02596,0.0010493012742496025
test_02597,0.9999901573680307
test_02598,0.9304842874428408
test_02599,0.4300063308085429
test_02600,0.9918007961268152
test_02601,0.00020288091055209413
test_02602,0.14337465268223695
test_02603,0.0013808674174271252
test_02604,2.7562024216932024e-09
test_02605,0.0009737513692321282
test_02606,0.6301902280999134
test_02607,0.9999681157712821
test_02608,0.6555522317348874
test_02609,0.9999999447461159
test_02610,0.0001223875327448414
test_02611,0.9292439200783391
test_02612,0.06961168189791782
test_02613,0.0064994478745164525
test_02614,0.0012643316425541271
test_02615,7.713580584181275e-07
test_02616,0.5477407341279861
test_02617,0.999884739445269
test_02618,0.2508444313112037
test_02619,0.9992991286389514
test_02620,7.669854685347734e-07
test_02621,0.9358051194709137
test_02622,0.019107216535558854
test_02623,0.5537835433014835
test_02624,0.9999994552641809
test_02625,5.560313636499223e-06
test_02626,0.9999991975514699
test_02627,0.9964554475223808
test_02628,7.194807466401214e-07
test_02629,0.007313307782621675
test_02630,0.9990122800060763
test_02631,5.263893025279716e-07
test_02632,0.0012855483776998847
test_02633,0.9999933740072734
test_02634,0.005382002310510749
test_02635,0.0024837328662435545
test_02636,0.2041983541342024
test_02637,0.9994962301600215
test_02638,0.998848380062232
test_02639,0.10053125055216776
test_02640,0.9996054580776319
test_02641,0.9998489354095134
test_02642,0.05947279650377104
test_02643,0.9994149917765124
test_02644,1.4981433478012317e-06
test_02645,0.24060972936751054
test_02646,0.002286754445272536
test_02647,0.05427943275625345
test_02648,0.0011888763590798218
test_02649,0.9776001607148894
test_02650,0.0693470127088656
test_02651,0.9981743679858502
test_02652,0.1569228993570095
test_02653,0.5664835131425185
test_02654,0.5228181164452201
test_02655,0.039178319494295566
test_02656,0.5970580507945694
test_02657,0.31225488423970593
test_02658,0.6120612771086286
test_02659,0.9927304902925809
test_02660,0.3187463728835896
test_02661,0.9997177501575991
test_02662,0.9999882405458324
test_02663,0.000584121659009011
test_02664,0.9999933220882983
test_02665,0.9721558370715985
test_02666,0.9998843557752647
test_02667,0.590657420480058
test_02668,0.999848557270138
test_02669,0.03044659579588179
test_02670,0.09313000732700126
test_02671,0.12771045284785126
test_02672,0.9834247310888466
test_02673,0.9999588704329339
test_02674,0.5512943112661556
test_02675,0.5036849475199285
test_02676,0.9997598370249333
test_02677,0.00207615451508781
test_02678,0.9916257055713577
test_02679,0.9996288324834506
test_02680,0.09974579556960202
test_02681,0.017167210767476022
test_02682,0.00016955404827908305
test_02683,0.9081056521345406
test_02684,0.012016538267858283
test_02685,0.1344191708028678
test_02686,0.9999947663554735
test_02687,0.5752539235506297
test_02688,0.9999779626504356
test_02689,0.9999987596072333
test_02690,0.12514907278788096
test_02691,0.40676974975348573
test_02692,0.9999803572431412
test_02693,0.278054289776487
test_02694,0.9871124512236831
test_02695,0.6248888268950116
test_02696,0.8678132916194797
test_02697,9.384781443429711e-05
test_02698,0.05689025377515415
test_02699,0.9977273494640524
test_02700,0.0029056271714834963
test_02701,0.03166856122617303
test_02702,0.6814741443433167
test_02703,0.0001087764373899161
test_02704,0.03335991663695339
test_02705,0.9917586869416206
test_02706,2.2417288288789064e-06
test_02707,0.9460934509709147
test_02708,0.8547254197835035
test_02709,0.9997708858877736
test_02710,0.9999993015822556
test_02711,0.09932936801792808
test_02712,0.961933508129092
test_02713,0.2939548747365858
test_02714,5.763585825316025e-06
test_02715,0.9986041295998678
test_02716,0.4747012259769179
test_02717,0.9589487861616718
test_02718,1.7703945256522107e-05
test_02719,0.8664627654135049
test_02720,0.021439217176909418
test_02721,0.0002073737419438596
test_02722,0.045335850273064054
test_02723,0.9999986042909841
test_02724,0.6511028655198966
test_02725,0.13914692308578178
test_02726,0.9959501676556105
test_02727,0.0014653826610730258
test_02728,0.09569015103811189
test_02729,0.0006338141441941438
test_02730,0.9999945926070255
test_02731,0.00902492705183448
test_02732,0.8894549499467731
test_02733,0.5476860654655571
test_02734,6.281316113390373e-06
test_02735,0.9999992242043103
test_02736,0.7546215587851403
test_02737,0.9962976219040692
test_02738,0.9273214032742624
test_02739,0.8774735774041134
test_02740,0.9999570644608281
test_02741,0.22229230688228763
test_02742,0.747781903219037
test_02743,0.020076248549030982
test_02744,1.3254634442638717e-05
test_02745,0.9995257768321297
test_02746,0.17269618487325752
test_02747,0.000772795704728426
test_02748,1.0734548102561963e-06
test_02749,0.8392363876925837
test_02750,0.9999790390942149
test_02751,0.5435172684304972
test_02752,0.9990889311745762
test_02753,0.9825606969484271
test_02754,0.042386287014034275
test_02755,0.9967149876798165
test_02756,0.9988602986401987
test_02757,0.03643344681884045
test_02758,0.17607983089276313
test_02759,0.8923601014062258
test_02760,2.2633625528949935e-05
test_02761,0.9922507044550009
test_02762,0.00036321039700816786
test_02763,0.07490000565962493
test_02764,0.9946376863005871
test_02765,0.06811447072849809
test_02766,0.5879440944826646
test_02767,0.006890653528304686
test_02768,0.7109465325210187
test_02769,0.034066126162056815
test_02770,0.14240792710428427
test_02771,0.9918962737790541
test_02772,0.8754603750078133
test_02773,0.002256774176370305
test_02774,0.9968967580444227
test_02775,0.7007837241186623
test_02776,0.9920759203103189
test_02777,0.9999995301229627
test_02778,0.15619502476874736
test_02779,0.09844980883602499
test_02780,0.640374236157188
test_02781,0.8242454558910531
test_02782,0.23145781942915475
test_02783,3.756128207791535e-07
test_02784,0.27996866693756955
test_02785,0.9999706057247311
test_02786,0.1744701555584512
test_02787,4.50182023330647e-05
test_02788,0.9999180828257337
test_02789,0.00032392353775658383
test_02790,0.003147609885624274
test_02791,0.012542626435390105
test_02792,0.0009659812987022355
test_02793,3.15424177642367e-05
test_02794,3.7879958649483337e-06
test_02795,0.9864061433032073
test_02796,0.938985636081189
test_02797,0.0011499896716597473
test_02798,0.9757626934347114
test_02799,0.49310031600201115
test_02800,0.00021560356882881397
test_02801,0.03364131968872077
test_02802,1.225847107775471e-07
test_02803,0.003662649700068242
test_02804,0.20880946513624213
test_02805,5.6985042320581444e-05
test_02806,0.9999999987747162
test_02807,0.0032218995955238627
test_02808,0.028566992866708437
test_02809,0.29715766608023375
test_02810,0.0001821424430070216
test_02811,0.00010274274532231538
test_02812,0.6615161294996599
test_02813,0.8583449075086956
test_02814,0.9998702086365185
test_02815,0.005201314034797931
test_02816,0.4776861122686452
test_02817,0.059345726071016645
test_02818,0.08152381384846845
test_02819,0.9999797942309624
test_02820,0.00012932579611737126
test_02821,0.9015858508869957
test_02822,0.8878741485589835
test_02823,0.9720638989952539
test_02824,1.1656065069812358e-05
test_02825,0.9999999923424768
test_02826,0.9999763955303556
test_02827,0.5024049739017541
test_02828,0.9997886810634653
test_02829,0.9999911264880559
test_02830,0.9571898646056256
test_02831,0.970282141383797
test_02832,0.3531604988544323
test_02833,0.061674910596674244
test_02834,0.9903595270345605
test_02835,7.701667815589122e-06
test_02836,0.9997187045098453
test_02837,0.9999819338213025
test_02838,0.0002608107009762921
test_02839,0.915338355774029
test_02840,0.6615391585126168
test_02841,0.9999991975247251
test_02842,0.9891159423993605
test_02843,0.00044615580042577606
test_02844,0.01114393532387501
test_02845,1.0033036746002964e-05
test_02846,0.9999786909386476
test_02847,0.9997947683483197
test_02848,0.1733673075327134
test_02849,0.5283721213633105
test_02850,1.8075099435026399e-09
test_02851,0.9999999989437183
test_02852,1.407324774748701e-07
test_02853,0.006305245381525641
test_02854,0.41275928436201176
test_02855,0.968834981107711
test_02856,0.029630361340170535
test_02857,0.9900048264442721
test_02858,0.9999138828438076
test_02859,0.9999999999000244
test_02860,0.4986850046008802
test_02861,0.999321645347894
test_02862,0.07847323079171271
test_02863,0.2010117950559012
test_02864,0.5300777350004912
test_02865,0.9996961577210705
test_02866,0.9999998255475295
test_02867,0.9983743085099932
test_02868,2.2945344961386707e-06
test_02869,0.9929833689157687
test_02870,0.7237228838144464
test_02871,0.9850039013801271
test_02872,0.013221807686226706
test_02873,0.999999999993733
test_02874,0.9999861521552367
test_02875,0.9125212901684046
test_02876,0.9030125885571617
test_02877,0.008304968648653894
test_02878,0.0013209405407432517
test_02879,0.003294904846894082
test_02880,0.9999759023152557
test_02881,0.013042211915511382
test_02882,0.0005406736019104721
test_02883,0.9988915822211893
test_02884,0.0614098057007761
test_02885,0.9978425507183447
test_02886,0.112545781900134
test_02887,0.02270505066387733
test_02888,0.04029752252557329
test_02889,0.00027569180414134314
test_02890,0.045988311382464855
test_02891,0.00258554854690979
test_02892,0.0012872758768227139
test_02893,2.0273815683100955e-05
test_02894,0.006399621154448761
test_02895,0.4108695438263689
test_02896,0.9881611821259693
test_02897,0.17702408301634154
test_02898,0.8945676802901315
test_02899,0.4948901378254411
test_02900,0.7585530241919652
test_02901,0.9999999894905527
test_02902,6.942079338001436e-07
test_02903,0.005310977609377113
test_02904,0.5895989505019893
test_02905,0.995774533369777
test_02906,0.9962562884909725
test_02907,0.9961471440104959
test_02908,0.990282840796182
test_02909,0.7487547992859478
test_02910,1.0516788569802394e-05
test_02911,0.0036833323765603967
test_02912,0.9999992417743531
test_02913,9.88005543951319e-05
test_02914,0.8624203589437439
test_02915,0.9998166080133073
test_02916,0.9820324280668852
test_02917,0.011800704985560616
test_02918,0.16091976081368894
test_02919,0.0006763015282706867
test_02920,0.08096190475254735
test_02921,0.0050770897676754145
test_02922,0.9698709594801742
test_02923,0.001954244453563519
test_02924,0.0019074477496130368
test_02925,2.838933534461303e-05
test_02926,0.9866459094714618
test_02927,0.4811866459832399
test_02928,0.3847143682968212
test_02929,0.0003154071964485345
test_02930,0.9999355401324841
test_02931,0.8182839491281942
test_02932,0.9321390890201305
test_02933,0.33521999573133676
test_02934,0.5149816310003004
test_02935,0.6820230024957878
test_02936,0.9978010125292421
test_02937,0.0922845298776923
test_02938,0.5954832126147861
test_02939,0.9995157253417758
test_02940,0.41738667559341275
test_02941,0.5815552279709231
test_02942,0.009755926346154324
test_02943,0.9809668138934338
test_02944,1.4834018071069638e-07
test_02945,0.9975400124711398
test_02946,0.0016068139271445748
test_02947,0.28297118850158154
test_02948,0.0001371781360255543
test_02949,0.9993688268583502
test_02950,0.14588206616382007
test_02951,0.11107900178696459
test_02952,0.99910104416632
test_02953,0.997617735971013
test_02954,0.9999998554830524
test_02955,0.06445819016845439
test_02956,3.8800260410252477e-07
test_02957,0.00025922945977816756
test_02958,0.9529792648715792
test_02959,6.183645583178906e-05
test_02960,0.7035155161058387
test_02961,0.012458437756719601
test_02962,0.6187131145194879
test_02963,3.4834065752032676e-05
test_02964,0.5151714912383994
test_02965,3.741866397149057e-05
test_02966,2.4445671915877796e-05
test_02967,0.03382685316965853
test_02968,0.9993037181281598
test_02969,0.9538748397936878
test_02970,0.7604436235051965
test_02971,0.7652687415605192
test_02972,0.9999999918979993
test_02973,0.06893400472529243
test_02974,0.3321141135530178
test_02975,0.0004000339842548467
test_02976,0.6318400742940046
test_02977,0.6483948239559373
test_02978,0.9999972435684591
test_02979,0.9999054105593823
test_02980,0.11206928143553603
test_02981,0.655394643270757
test_02982,0.9999996916232851
test_02983,0.970813796858574
test_02984,0.9938114972385123
test_02985,0.000203907675132509
test_02986,0.9855375545572406
test_02987,7.79591628028405e-05
test_02988,0.2440910633490424
test_02989,0.980277497752721
test_02990,0.9984391182107024
test_02991,0.9540473313146836
test_02992,0.11634136058254045
test_02993,0.00122059174821735
test_02994,0.7744013730970936
test_02995,0.0002564948981079679
test_02996,0.19648769929088838
test_02997,0.1001152396412848
test_02998,0.05437167430901611
test_02999,0.9152212933165866
test_03000,0.9997483562052364
test_03001,0.9999823174183803
test_03002,0.9994579879148491
test_03003,0.999979543935686
test_03004,0.2743320346382258
test_03005,0.0857624403136794
test_03006,0.9982635157247546
test_03007,0.6624045154688066
test_03008,0.11408400149254719
test_03009,0.16262707348831468
test_03010,0.9459704255055005
test_03011,0.999788232366256
test_03012,8.293393748442296e-05
test_03013,0.9999999693593282
test_03014,0.9988928235327778
test_03015,1.4339518384210279e-05
test_03016,0.00038837357873107187
test_03017,0.5079244762662766
test_03018,1.0631144961408123e-06
test_03019,0.00010320834130196011
test_03020,0.9334560723581938
test_03021,0.003230421777190057
test_03022,0.9901892956711004
test_03023,0.0465222147279113
test_03024,0.9899169461435159
test_03025,0.9863847417962641
test_03026,3.768514273416532e-06
test_03027,0.03261816300380774
test_03028,0.1793648747585811
test_03029,0.0003854095249906879
test_03030,0.8705095204380706
test_03031,0.03825728878254514
test_03032,0.04254475623457233
test_03033,0.9999040169417824
test_03034,0.09489788131610769
test_03035,9.826832085571635e-06
test_03036,0.10281015103321862
test_03037,0.20188640643066483
test_03038,0.006480811241230765
test_03039,0.0690734217706425
test_03040,0.9905413332140179
test_03041,0.9856349712534306
test_03042,0.9999963283667229
test_03043,0.9891128056694661
test_03044,0.9013384787882197
test_03045,0.9131433984607437
test_03046,0.52773862316706
test_03047,0.9805967153292517
test_03048,0.007033203319537458
test_03049,0.9804114004090364
test_03050,0.03695602479906981
test_03051,0.00011438445727494188
test_03052,0.05252113288405246
test_03053,0.00039909805520613385
test_03054,0.0006958656556553373
test_03055,0.6973672816682257
test_03056,0.9999992634534189
test_03057,5.006323647840783e-06
test_03058,0.0013187981281593362
test_03059,0.9995326798610179
test_03060,0.7717111543054829
test_03061,0.9999998611298002
test_03062,0.989131595808474
test_03063,0.00020900653881543557
test_03064,0.9997542120835259
test_03065,0.15999372185521776
test_03066,0.9847617856719844
test_03067,0.5957555016088795
test_03068,0.5014799800880976
test_03069,0.923742382254243
test_03070,0.7709190803469747
test_03071,0.9999996057644924
test_03072,0.45400274873001434
test_03073,0.0014075322631150777
test_03074,0.9999901574621154
test_03075,0.7610010629672982
test_03076,0.0055781316875310495
test_03077,0.6640730508588997
test_03078,7.519907741076726e-05
test_03079,0.09600353225882904
test_03080,0.11848179664186596
test_03081,0.49144563101668093
test_03082,0.9403336555763621
test_03083,0.7095881087754317
test_03084,0.004924960456584873
test_03085,0.8528592025850771
test_03086,0.10062760602180394
test_03087,0.2131736301062298
test_03088,0.971864089014476
test_03089,0.009874537335780788
test_03090,0.99164185965778
test_03091,0.9353585642178797
test_03092,4.9279988297354465e-06
test_03093,0.9324203733682328
test_03094,0.9999951275299644
test_03095,0.6954121803612878
test_03096,0.9350371065799866
test_03097,5.7368889277496886e-05
test_03098,2.504862054163157e-05
test_03099,0.21371783813842885
test_03100,0.6605531793723701
test_03101,0.1577661423475363
test_03102,0.801907806837287
test_03103,0.001650387261294212
test_03104,0.4278790656077481
test_03105,0.029778177757596152
test_03106,0.000496643880389297
test_03107,0.11627822975869508
test_03108,0.04287985416174046
test_03109,0.1719570285798848
test_03110,0.08053677578244242
test_03111,1.1950073601301143e-05
test_03112,3.707898980879706e-05
test_03113,0.00039299526192887864
test_03114,3.995925994356781e-06
test_03115,0.04716701696006922
test_03116,0.8239335878370352
test_03117,1.2159915230453692e-05
test_03118,0.0008418141580060161
test_03119,0.9956011184026512
test_03120,0.014637578239875182
test_03121,2.3250641377276773e-06
test_03122,0.733664104726717
test_03123,0.9999886512438092
test_03124,0.9966961472058206
test_03125,0.5161707413108041
test_03126,0.9636823543874098
test_03127,0.5444716531430448
test_03128,0.0010774218012252978
test_03129,0.006909470535244848
test_03130,0.9999319418586087
test_03131,0.9818317035516105
test_03132,0.8777990588449808
test_03133,0.0004547830124970059
test_03134,0.5205413379195164
test_03135,0.9982121475081562
test_03136,0.0007965991296040399
test_03137,0.8658990711243507
test_03138,0.06888058574121697
test_03139,0.001003646359335435
test_03140,0.0004887643226657158
test_03141,0.9311766375026813
test_03142,0.9999384825646022
test_03143,0.11334437013144814
test_03144,0.9720748545681168
test_03145,0.9993567658684555
test_03146,0.0004767257498668315
test_03147,0.012841974989247404
test_03148,1.6989953840153044e-05
test_03149,0.4535407264761824
test_03150,0.9992817391958126
test_03151,0.04700116228131356
test_03152,0.9344559936580273
test_03153,1.1467830543351464e-05
test_03154,0.9846479109180323
test_03155,1.3904212880451805e-05
test_03156,0.9999916867096347
test_03157,0.00010135117259874703
test_03158,0.9995708391192696
test_03159,0.9417439798639197
test_03160,0.031115873786433008
test_03161,5.4082703342696147e-08
test_03162,0.9999996573863336
test_03163,3.335727452986514e-05
test_03164,0.9998602326051653
test_03165,9.842537884640433e-06
test_03166,0.005331815983506964
test_03167,0.00024168327808411267
test_03168,5.177799594876614e-08
test_03169,0.293250005484272
test_03170,3.3070421448970505e-09
test_03171,0.8826455737148453
test_03172,0.9117564744254691
test_03173,0.9596106199441871
test_03174,0.48974606942081667
test_03175,0.49634506220609853
test_03176,0.9957543487806008
test_03177,0.2908883911641248
test_03178,0.999994029475081
test_03179,0.3077367056521076
test_03180,0.9335922955704918
test_03181,0.9999996274531744
test_03182,5.70882050458312e-07
test_03183,0.8917213742054363
test_03184,0.9999079214138982
test_03185,0.9904724468311553
test_03186,0.08627006732033612
test_03187,0.9966292472147844
test_03188,0.16961232872457194
test_03189,0.8990178693135918
test_03190,0.457621396531786
test_03191,6.251721602429959e-05
test_03192,0.997983219938762
test_03193,0.005586691475653875
test_03194,0.9992854044628298
test_03195,0.08676417188295926
test_03196,0.9999997995673335
test_03197,0.1269021919998625
test_03198,0.0008410471141995446
test_03199,0.17282896176103765
test_03200,0.29175136487349257
test_03201,0.2912178328368278
test_03202,0.038477953930061384
test_03203,6.155989311828332e-06
test_03204,0.999819861675561
test_03205,0.8841369198480371
test_03206,0.000756752826856004
test_03207,0.9768261296132097
test_03208,0.025875182828254854
test_03209,0.1671327756167718
test_03210,0.6419906535859333
test_03211,0.06650285451324756
test_03212,0.9806204662734278
test_03213,0.9685308497229456
test_03214,8.265590511737222e-05
test_03215,0.9999840933630689
test_03216,0.24563470428854256
test_03217,0.0014787969698863198
test_03218,4.767756841072758e-07
test_03219,0.9996057669237743
test_03220,0.9999456273863814
test_03221,0.7996878593332715
test_03222,0.35195059877132884
test_03223,0.04543461883764488
test_03224,0.9999999810904718
test_03225,0.9999447631870758
test_03226,0.07939043809444973
test_03227,0.9078045227985164
test_03228,0.9965376984684248
test_03229,0.044908451242255946
test_03230,0.8539492861056857
test_03231,0.9999999993747613
test_03232,0.9188313616199945
test_03233,0.06003882696173459
test_03234,0.4513506856330271
test_03235,0.4846036589267034
test_03236,7.582256469127637e-07
test_03237,0.8102824087225959
test_03238,0.4927603820961891
test_03239,0.14077775404491288
test_03240,6.004951163261705e-08
test_03241,0.42363066359128726
test_03242,0.24973681689839566
test_03243,1.0086020209954352e-07
test_03244,0.5340454519378282
test_03245,0.9036660586491425
test_03246,0.9744291334904048
test_03247,0.9998585334386545
test_03248,0.2548865610747703
test_03249,0.9999900623950786
test_03250,0.0559360483182936
test_03251,0.0018381626507532477
test_03252,0.999999999993733
test_03253,0.9957931941731021
test_03254,0.0004061930555610331
test_03255,0.0034596748709359005
test_03256,0.9818071564393794
test_03257,0.9486116245042789
test_03258,0.5932253743897147
test_03259,0.9872591758717467
test_03260,0.0037949591382330805
test_03261,0.011415736065235228
test_03262,0.9249069616229756
test_03263,0.7327430350079428
test_03264,0.19043183760009336
test_03265,0.0014073304882717059
test_03266,0.9999999884419153
test_03267,0.9957990392688509
test_03268,0.3912571884994185
test_03269,0.999999563821677
test_03270,0.015577471298839558
test_03271,0.12074801604093106
test_03272,0.9134073187809297
test_03273,0.3682594156601872
test_03274,0.002136716893195677
test_03275,0.031872305247915456
test_03276,0.2542059668720944
test_03277,0.015128640197779847
test_03278,0.9918983879685037
test_03279,0.8685138002855706
test_03280,0.7496530740811703
test_03281,0.8950379847233239
test_03282,0.8899339209741474
test_03283,0.0012027309652497546
test_03284,0.00023114623601982011
test_03285,0.9918380020978992
test_03286,0.9987480055682245
test_03287,0.9999649568618324
test_03288,0.7464087189660464
test_03289,0.9985738637256216
test_03290,0.4360980973623656
test_03291,0.45788494936430135
test_03292,0.2667816257801223
test_03293,0.9278212127227657
test_03294,0.9999759272754896
test_03295,7.98572437094414e-05
test_03296,2.6432268614176756e-05
test_03297,0.999969777888822
test_03298,4.92983118877387e-05
test_03299,0.9998199306651789
test_03300,0.9999989109251075
test_03301,0.008485139366450508
test_03302,0.9999994366477316
test_03303,0.0002453029716958161
test_03304,1.1743347815019274e-06
test_03305,0.9983518066571587
test_03306,0.9446190205690949
test_03307,0.9996016277286829
test_03308,0.9999763219348945
test_03309,0.049481874642519484
test_03310,0.9854879591224568
test_03311,0.0037395994200094184
test_03312,0.9272168396400562
test_03313,0.00372694196145098
test_03314,0.002353734022969044
test_03315,0.909392207716397
test_03316,0.9999568652049848
test_03317,0.9957836873627961
test_03318,0.9913027714765202
test_03319,1.1759351269235301e-05
test_03320,0.9999837294685575
test_03321,0.9745162661543547
test_03322,0.9968701173029139
test_03323,0.9999982661879568
test_03324,0.308855933771599
test_03325,0.1754865383945771
test_03326,0.06680005599356081
test_03327,0.9999256364438378
test_03328,0.5272547205631066
test_03329,0.02706800347484209
test_03330,0.9976959433293252
test_03331,0.0001013514786540388
test_03332,0.9998824808067209
test_03333,0.001174006532709394
test_03334,0.9965792436121623
test_03335,0.8843572694042102
test_03336,1.191117040658725e-07
test_03337,5.066060494363394e-05
test_03338,0.9278290892622455
test_03339,0.9980411875058136
test_03340,0.8851499739992531
test_03341,2.8957556465336396e-05
test_03342,0.31649431309311704
test_03343,0.451603901394038
test_03344,0.9963261701535624
test_03345,1.6454034386498283e-05
test_03346,7.697372856157524e-05
test_03347,0.10791371507807519
test_03348,5.603137109983049e-05
test_03349,0.9999967933521462
test_03350,0.7706057141550873
test_03351,0.13479532136287517
test_03352,0.999998967696599
test_03353,0.09202655708887209
test_03354,1.3254634442638717e-05
test_03355,0.3743395176094382
test_03356,0.0002453838418036798
test_03357,0.9999551516492887
test_03358,0.03079988736216742
test_03359,0.9999967210725482
test_03360,0.6839006043111536
test_03361,0.004041605208125097
test_03362,0.9982130649158875
test_03363,0.9998715447520241
test_03364,0.5790939108400839
test_03365,0.9379324012426415
test_03366,0.5157061198905293
test_03367,0.7560486656763183
test_03368,0.5103239140008019
test_03369,0.043955545298362174
test_03370,0.14364305024128723
test_03371,0.9999948806496269
test_03372,0.10501391660072662
test_03373,0.4891962803152275
test_03374,0.6800914058138612
test_03375,0.00024280615879402492
test_03376,0.8768673262606733
test_03377,0.06470932385132153
test_03378,0.0006559536543714902
test_03379,0.9878696921344498
test_03380,0.9999744943374201
test_03381,0.9999969267369071
test_03382,0.970095251673543
test_03383,7.884042143601674e-06
test_03384,0.5945541729249009
test_03385,0.9999787374248806
test_03386,0.6304985323757579
test_03387,0.9999997812308482
test_03388,0.22091992390021972
test_03389,0.8833057236813225
test_03390,0.8256966807684069
test_03391,0.9999804242121332
test_03392,0.591164511437698
test_03393,0.011206266936808098
test_03394,0.5263217458597299
test_03395,0.11186616163773264
test_03396,0.019166560000430318
test_03397,0.11510867964241486
test_03398,0.9986306757351572
test_03399,0.9881552609714142
test_03400,0.10594121186886518
test_03401,0.21181999381910074
test_03402,0.9211664922751975
test_03403,0.002087346403256057
test_03404,0.02334551323191872
test_03405,0.988442068270763
test_03406,0.0011359231343471183
test_03407,0.0002925009576156477
test_03408,0.13439335025596671
test_03409,0.04228884471265052
test_03410,0.48254530270723256
test_03411,0.9956652980185627
test_03412,0.9959926317018183
test_03413,2.9972688745174317e-05
test_03414,0.012537862454013806
test_03415,0.9403790349265209
test_03416,0.02865702077217002
test_03417,0.06155738783813614
test_03418,0.06303987721524641
test_03419,0.0027633017866950634
test_03420,0.9934748752382164
test_03421,0.00033710991274546394
test_03422,0.999998841888661
test_03423,0.2795555315165976
test_03424,0.03401547591301625
test_03425,0.016385991399697195
test_03426,0.9922805585716808
test_03427,0.9999998438399206
test_03428,0.011977422123428604
test_03429,0.32325120421146486
test_03430,0.9999832585640005
test_03431,0.904207009604567
test_03432,0.26695255129042766
test_03433,0.9774695250673058
test_03434,0.0011335874689474058
test_03435,0.9999190014941117
test_03436,0.22992864283616143
test_03437,0.49296035489409173
test_03438,2.4072724510460895e-05
test_03439,0.923918991767059
test_03440,0.976102097898265
test_03441,0.9985477635701983
test_03442,0.5392294522291701
test_03443,0.9989215298197672
test_03444,0.2587914460822909
test_03445,0.7177433694991152
test_03446,0.6474703128098104
test_03447,0.9997854530904268
test_03448,0.985797934644474
test_03449,0.9999854498026967
test_03450,0.4956451288269727
test_03451,0.6330617918097855
test_03452,0.00568653721455856
test_03453,0.05281521137179414
test_03454,0.03965948629134077
test_03455,0.08126368312821118
test_03456,0.00022709214610894563
test_03457,0.07577709714314973
test_03458,0.9999962217221563
test_03459,0.00016543855251445783
test_03460,0.0028513518973309164
test_03461,0.4843488248414639
test_03462,0.9998952826497348
test_03463,4.742987334402457e-05
test_03464,0.999994212233314
test_03465,0.24946633699360088
test_03466,0.010007696639064218
test_03467,0.9894978744871863
test_03468,8.900075153353877e-07
test_03469,0.0008535169485486112
test_03470,2.6248036711997627e-06
test_03471,0.4788594636884333
test_03472,0.999998192833998
test_03473,0.9999841334732735
test_03474,0.9998786843312186
test_03475,0.31423070940108716
test_03476,0.08804584143872893
test_03477,0.2820770596536091
test_03478,7.858918623917893e-05
test_03479,0.00021139294233307228
test_03480,0.9995017248069055
test_03481,0.9531147261681316
test_03482,0.9648090467255417
test_03483,0.9569905120113151
test_03484,0.9115095264949762
test_03485,0.0042064420101493765
test_03486,0.7726597722580145
test_03487,0.9993717248225221
test_03488,0.9998707324263171
test_03489,0.0005030664537627314
test_03490,0.5041299651931901
test_03491,0.9998801991186965
test_03492,0.9986833412714639
test_03493,0.995742955853204
test_03494,0.017291841826687446
test_03495,0.011077364932170606
test_03496,0.12516008524142622
test_03497,0.9998427010572725
test_03498,0.9970365296630657
test_03499,0.9755772643517896
test_03500,0.5869866836670303
test_03501,0.003526625389465684
test_03502,0.0050095588457278175
test_03503,0.19155171632225473
test_03504,0.0012123885887857986
test_03505,3.856666645402348e-06
test_03506,0.40422989254112607
test_03507,3.955952598851434e-06
test_03508,0.021800624462546644
test_03509,0.0009845506931081425
test_03510,0.9997765407671917
test_03511,0.00879275844464431
test_03512,0.9935860385232561
test_03513,0.00014164951020337533
test_03514,0.9854568256162728
test_03515,0.7268404353966791
test_03516,0.041278850734865605
test_03517,0.9713496499260368
test_03518,0.00017372179972329589
test_03519,0.9301499688475413
test_03520,0.9992087555174994
test_03521,0.92169003921623
test_03522,0.894684121485888
test_03523,0.9999999069200891
test_03524,0.10009601547394018
test_03525,0.9631542988925703
test_03526,0.9993693542088602
test_03527,0.8794644325563683
test_03528,0.07267072176472963
test_03529,3.245776689243741e-05
test_03530,2.8150723379872545e-06
test_03531,0.047698653949499216
test_03532,0.9374375380997523
test_03533,0.011525519442492629
test_03534,0.991913178471196
test_03535,5.958118520802507e-05
test_03536,0.9999362315822079
test_03537,0.00011624934071967045
test_03538,0.0002670997521095983
test_03539,0.2828556028273868
test_03540,0.13562737659083515
test_03541,0.43785686125650247
test_03542,0.1250913488440139
test_03543,0.9974080135648089
test_03544,6.874107623308231e-06
test_03545,9.028578256686291e-09
test_03546,0.8712378254158968
test_03547,0.922299820557504
test_03548,0.9999877521254819
test_03549,0.001174190823856739
test_03550,0.9999986974371122
test_03551,0.9999922003844024
test_03552,0.9167245778738059
test_03553,0.10133743155145401
test_03554,0.8682106013525728
test_03555,0.0003530000031593721
test_03556,0.08288562152241474
test_03557,0.9996257244829287
test_03558,0.6639306746604521
test_03559,0.02044010717959516
test_03560,0.9991151223388146
test_03561,0.9941380937884202
test_03562,0.9998394702239708
test_03563,0.992724529596897
test_03564,0.9971059875533835
test_03565,0.9995817672256276
test_03566,1.678276848606967e-05
test_03567,0.2878963121602251
test_03568,0.0003417888329444719
test_03569,9.622934054322083e-07
test_03570,0.9623357042997456
test_03571,2.3547066333375602e-07
test_03572,0.46718039335657263
test_03573,0.7893514370255915
test_03574,0.7810566820488828
test_03575,0.9665435912104349
test_03576,0.9996560987712445
test_03577,0.1699245503721007
test_03578,0.0018196128001199572
test_03579,0.0016117934208240035
test_03580,0.660502455912812
test_03581,2.499589537594837e-09
test_03582,0.9901774940554096
test_03583,0.8763875772166179
test_03584,4.0057479470701127e-07
test_03585,0.999979177381584
test_03586,0.004780909826169985
test_03587,0.22068468939814517
test_03588,5.256682922088224e-06
test_03589,0.20233895893777554
test_03590,0.43573263694179404
test_03591,0.0005344883739394375
test_03592,0.9239129097475918
test_03593,0.9988338458606111
test_03594,3.9425424359551314e-07
test_03595,0.9998547330579335
test_03596,0.939437631786475
test_03597,0.8142845933620109
test_03598,0.6262984226670772
test_03599,0.9999994366477316
test_03600,0.0010831977113859028
test_03601,0.9999852957872897
test_03602,1.8938507825335535e-07
test_03603,0.9913955222078308
test_03604,0.9942913789107172
test_03605,0.37967445706761216
test_03606,0.039367111158522275
test_03607,0.00030249145263322355
test_03608,0.9999999710876727
test_03609,0.053634872539906536
test_03610,0.0007117829280195182
test_03611,0.7649828322257882
test_03612,0.986483738004718
test_03613,0.5750868182650797
test_03614,0.004221075965743386
test_03615,0.9979773494630251
test_03616,0.00281518790779782
test_03617,1.5997053138605959e-09
test_03618,0.9999999648356628
test_03619,0.04205217074490906
test_03620,0.047669769695172184
test_03621,0.17857931335939767
test_03622,4.576929140914771e-05
test_03623,0.0020089656390866566
test_03624,0.12497871597049943
test_03625,0.9983049673546531
test_03626,0.6668655015667483
test_03627,0.2587051894130119
test_03628,0.00014189326673227142
test_03629,0.5347579295422523
test_03630,0.29569407653657853
test_03631,0.03499335144788317
test_03632,0.9999307207839794
test_03633,0.0037310463596146076
test_03634,0.00821304769235707
test_03635,0.9853363475116491
test_03636,0.45049195872974407
test_03637,0.0001407370610932875
test_03638,0.9549654935773342
test_03639,0.00010482162760445632
test_03640,0.18708699532156736
test_03641,0.9742522284449474
test_03642,0.4002672214745941
test_03643,0.7470713884270475
test_03644,1.8820848584494904e-06
test_03645,0.999991831006615
test_03646,0.8581998694399092
test_03647,0.8796149162345199
test_03648,0.958757289856687
test_03649,0.9897858038444401
test_03650,0.999999636575681
test_03651,0.11921208488943917
test_03652,9.997558419364178e-11
test_03653,0.9998966359123558
test_03654,0.9987794082517827
test_03655,0.9997706520799118
test_03656,0.5771207589530566
test_03657,0.16132167242287124
test_03658,0.8414574823860111
test_03659,0.9932697595605089
test_03660,0.9926181959826879
test_03661,0.0031342334099594173
test_03662,0.9806521072308332
test_03663,0.9980039418304886
test_03664,0.9999999629263596
test_03665,0.9999679153222113
test_03666,0.7002922594291863
test_03667,0.25302612001856134
test_03668,0.9999999310503366
test_03669,0.9999930730859656
test_03670,0.004568141784475188
test_03671,4.2254017248014295e-09
test_03672,0.9977935764420854
test_03673,0.9438826413865041
test_03674,0.022138027253239868
test_03675,0.9997177501575991
test_03676,0.9890349596179616
test_03677,0.5063997269961856
test_03678,0.9032385685378463
test_03679,0.03280626941505327
test_03680,0.9052415088304469
test_03681,7.171238104576038e-05
test_03682,0.7035111668516706
test_03683,0.999979475465472
test_03684,0.9187194156432602
test_03685,0.9999684006866124
test_03686,0.9975763445676147
test_03687,0.5032549751644363
test_03688,0.9999631980258391
test_03689,5.775597931470601e-06
test_03690,0.8962768976520246
test_03691,0.9479196763636081
test_03692,0.0003786072506544528
test_03693,0.961032733838501
test_03694,0.9978428045735874
test_03695,0.01990962610860071
test_03696,0.0002545159583252823
test_03697,0.43451327524287053
test_03698,0.9829601445576636
test_03699,0.9938576666993049
test_03700,0.9998933422794984
test_03701,0.09455658054497151
test_03702,0.9999996689876413
test_03703,0.9999551516492887
test_03704,0.0003314251154326386
test_03705,3.029381280484266e-06
test_03706,8.415062938519867e-06
test_03707,0.9999301268786842
test_03708,0.007815422042500342
test_03709,0.9999177598398777
test_03710,0.9378071149068228
test_03711,0.5320470142610219
test_03712,0.5512099854322676
test_03713,1.6453912518132183e-05
test_03714,0.007533055991233235
test_03715,0.99999996388449
test_03716,0.9999540246988131
test_03717,4.313151638040194e-06
test_03718,0.0006315693957513181
test_03719,0.9999758776375811
test_03720,0.035443677651020064
test_03721,4.135733817934444e-05
test_03722,1.2684599813821677e-06
test_03723,7.791418334195495e-05
test_03724,0.9680469221711244
test_03725,4.5177767402771596e-08
test_03726,0.9984115149426408
test_03727,0.062393647172374625
test_03728,0.3399955540372532
test_03729,0.07640397539284288
test_03730,0.4759439425411384
test_03731,0.23926369628065924
test_03732,0.6371672985150181
test_03733,0.8689607618440903
test_03734,0.9815332548857338
test_03735,0.0004933923811605146
test_03736,0.003268455591010169
test_03737,0.9997993825757033
test_03738,0.22607466921315306
test_03739,0.9881051918278494
test_03740,0.0006503139670838388
test_03741,0.08456633653287352
test_03742,0.49572508399164456
test_03743,0.9999359474117822
test_03744,0.9897240969781192
test_03745,0.9692291619004919
test_03746,0.011559230867729642
test_03747,0.5339906576184127
test_03748,4.2254017248014295e-09
test_03749,0.9997166209842991
test_03750,0.9202863604131435
test_03751,0.9901733624370612
test_03752,0.9910278335675858
test_03753,0.39837675695464203
test_03754,0.9992868106571969
test_03755,0.9328850278764056
test_03756,0.999939395259065
test_03757,0.09913349850458977
test_03758,0.9894222421799271
test_03759,0.0007695734940729956
test_03760,0.2614228126645083
test_03761,0.15541284832821287
test_03762,0.9765393077628517
test_03763,0.15590065860748487
test_03764,0.9580265558547799
test_03765,0.018948914974663004
test_03766,0.9973584637189576
test_03767,0.7455781464239466
test_03768,3.49122122237252e-06
test_03769,0.40949860973428986
test_03770,0.8188332939798781
test_03771,0.8124997293995601
test_03772,0.9999944040437132
test_03773,9.330224480288993e-07
test_03774,0.4877218343953685
test_03775,0.7860993432764407
test_03776,0.0003780015510397834
test_03777,0.0004826687724370685
test_03778,0.9999250210771925
test_03779,7.972122505658207e-05
test_03780,3.973894175040902e-07
test_03781,0.016370069623458737
test_03782,0.00016656216885201994
test_03783,0.00044099932155428724
test_03784,0.0002503365657393184
test_03785,0.999990717389014
test_03786,0.0976506797631751
test_03787,8.414377164256199e-05
test_03788,0.0002643230907468475
test_03789,0.0007487955612318289
test_03790,0.6779880591795395
test_03791,0.6293976725900151
test_03792,0.9777589947438434
test_03793,0.00017568867480924596
test_03794,0.9121560225788051
test_03795,0.9812456978742929
test_03796,0.9994272179635598
test_03797,0.08572311706309604
test_03798,0.9542579520030193
test_03799,0.0023868155737902476
test_03800,0.9999832585640005
test_03801,1.3226261560118745e-08
test_03802,0.056846202859259065
test_03803,0.022459343706277925
test_03804,0.009633470444665514
test_03805,0.6041742389936821
test_03806,6.069059930344094e-06
test_03807,0.49983999133519713
test_03808,0.9212887681040512
test_03809,0.4701566233093706
test_03810,6.634399712722139e-08
test_03811,0.000706316919145169
test_03812,9.198126783261261e-05
test_03813,0.9934308550767685
test_03814,0.09064845197612921
test_03815,0.7996049749380952
test_03816,0.00016510925779380936
test_03817,0.5427814127382866
test_03818,8.127958951830777e-08
test_03819,0.3443365739067671
test_03820,0.9554829527319578
test_03821,0.9636656423420213
test_03822,0.9204991227506663
test_03823,0.0263188119314502
test_03824,0.9922352361452738
test_03825,0.9914762716419628
test_03826,0.999998145364486
test_03827,0.9232844509256641
test_03828,0.9999921723209477
test_03829,0.04298240514921855
test_03830,0.8549145797487913
test_03831,0.012784802052512964
test_03832,0.0049341459286757865
test_03833,0.05543433424381617
test_03834,0.9999266420474768
test_03835,0.5973689660499553
test_03836,3.929947924824366e-05
test_03837,0.00461957710864064
test_03838,0.00034746835926824127
test_03839,0.08467032358316158
test_03840,0.9949456102596709
test_03841,0.9999717989140235
test_03842,0.15338677407949536
test_03843,0.5404137943322876
test_03844,0.013508447807239966
test_03845,0.9990204408289695
test_03846,0.9546228907326999
test_03847,9.721608658843714e-07
test_03848,0.9550226730210062
test_03849,0.999478843830648
test_03850,0.04509760253472052
test_03851,0.3564281379849202
test_03852,9.849687573670615e-05
test_03853,0.9695937799365993
test_03854,0.9999990669487092
test_03855,0.00025823307468507146
test_03856,0.5666117811801138
test_03857,1.1852674306381185e-06
test_03858,0.0006326251359040698
test_03859,2.3021479339687406e-06
test_03860,0.09625889022308795
test_03861,0.0628162081605194
test_03862,0.9999411218897081
test_03863,0.9378250240527847
test_03864,0.9968195963102464
test_03865,0.4131257095296057
test_03866,0.9638325510749173
test_03867,0.00018660527658829147
test_03868,0.0011971786604026192
test_03869,0.9493688480773708
test_03870,0.5277934812457725
test_03871,4.461481414236669e-07
test_03872,0.07628402926176152
test_03873,0.009451162427291694
test_03874,0.014919168057544134
test_03875,0.003457051262500544
test_03876,0.9749953942987328
test_03877,0.6932435141198999
test_03878,0.8783052734389685
test_03879,0.999994959861079
test_03880,0.99522458582593
test_03881,0.0004062980159078415
test_03882,0.9945163987485851
test_03883,0.0008060161811957304
test_03884,0.9620815068012377
test_03885,7.562751256238876e-06
test_03886,0.00022130882998319383
test_03887,0.712332267916678
test_03888,0.9758360262659183
test_03889,1.2237497502405682e-06
test_03890,0.994279236448964
test_03891,0.0009830524228472283
test_03892,0.007496594555763194
test_03893,0.00011553458506469216
test_03894,0.6238687574095104
test_03895,0.002811968625419342
test_03896,0.9999917301235127
test_03897,0.9997241364061895
test_03898,0.08793267098918055
test_03899,0.9593287739514156
test_03900,0.5747476171737644
test_03901,1.3035443985322321e-05
test_03902,0.0001754167205397323
test_03903,0.506764668585813
test_03904,0.00011840711249291081
test_03905,0.99996289032913
test_03906,0.08701075931706964
test_03907,0.9999755293222956
test_03908,0.597529236264172
test_03909,0.9992032507484565
test_03910,7.652795960069972e-05
test_03911,0.843748588850926
test_03912,0.9994988065064924
test_03913,0.02078128409678298
test_03914,0.41366330404459645
test_03915,0.133983489323099
test_03916,0.4840940266396239
test_03917,0.9928354079438961
test_03918,0.9850506845056383
test_03919,0.9301230249292988
test_03920,0.7458510555615894
test_03921,0.0010681776794273842
test_03922,5.3924895717790054e-05
test_03923,0.9990312120709478
test_03924,0.982412497506697
test_03925,1.4555581110731827e-06
test_03926,0.9988640768656529
test_03927,0.13338867953466912
test_03928,0.020348549794373547
test_03929,0.9618315603420494
test_03930,0.7157259873866312
test_03931,0.9992044424307547
test_03932,5.288656868348988e-05
test_03933,0.0925383624640791
test_03934,0.9999893028720205
test_03935,0.044898195745945245
test_03936,0.2514841840659687
test_03937,4.74648354126143e-05
test_03938,0.8187105138675816
test_03939,0.00010973681287748511
test_03940,0.09622371840947466
test_03941,0.5190830721899169
test_03942,0.14815660254054008
test_03943,0.0013780762396263734
test_03944,0.999257967894953
test_03945,0.992650239465061
test_03946,0.827117899439435
test_03947,0.9912928658646222
test_03948,0.9999632900089828
test_03949,0.04711571676363558
test_03950,0.9988974291648027
test_03951,0.030953548823809685
test_03952,0.7205509256720257
test_03953,0.999847167498956
test_03954,0.9996132627978964
test_03955,7.550805604191737e-05
test_03956,8.214773388309524e-05
test_03957,0.29125251490101295
test_03958,0.999984611522492
test_03959,0.07891440159888796
test_03960,0.00426551160193449
test_03961,0.9999933868781633
test_03962,0.9998050210288222
test_03963,0.00026189532817928664
test_03964,0.9977735097578214
test_03965,2.3866382093818197e-06
test_03966,0.10210377323118475
test_03967,1.2102744145221061e-08
test_03968,0.9999968382360328
test_03969,0.8602138550501144
test_03970,0.999962395465814
test_03971,0.09968590416707288
test_03972,0.0005428646805760744
test_03973,0.9999693315020549
test_03974,0.20552217834071584
test_03975,0.9959081763350196
test_03976,0.7929917262904231
test_03977,0.9994727407934525
test_03978,0.05338847620551573
test_03979,0.9999611750070706
test_03980,0.9582677402170979
test_03981,0.9999618658055633
test_03982,0.9998008364695317
test_03983,0.9973320742679738
test_03984,0.9956623269637052
test_03985,0.318449359374982
test_03986,4.5964369063277654e-07
test_03987,0.15587562498157662
test_03988,0.999881759818533
test_03989,0.0005554956500075355
test_03990,0.0008688893018667841
test_03991,1.635194675375267e-05
test_03992,0.9963173476923299
test_03993,0.07545376214558767
test_03994,0.0004515658712185626
test_03995,0.009063210584651246
test_03996,0.9999999989427494
test_03997,0.8770279073313382
test_03998,0.44271919322980197
test_03999,0.9999993629384627
test_04000,0.9993925913292686
test_04001,0.5009250036908053
test_04002,0.9999986102136729
test_04003,0.9917640276996414
test_04004,0.8473315161765409
test_04005,0.04708856965904361
test_04006,0.06731789598352696
test_04007,9.330224480288993e-07
test_04008,0.17193052875400025
test_04009,8.240940040583902e-06
test_04010,0.10832147051766773
test_04011,2.0292560282816066e-06
test_04012,3.0559956067170886e-07
test_04013,0.360190178256827
test_04014,0.9669746459613634
test_04015,0.9999911265773607
test_04016,0.724099686527023
test_04017,0.09770746508070047
test_04018,0.9999980555398391
test_04019,0.9923579787251985
test_04020,0.9948027948770595
test_04021,5.85669406525615e-05
test_04022,0.1336973425732505
test_04023,0.5267707795594364
test_04024,0.0002103469549479396
test_04025,0.00014563758741485214
test_04026,0.9999999774902506
test_04027,0.0024485692011846816
test_04028,0.00032616490643473233
test_04029,0.37714738181937035
test_04030,0.9973883659472768
test_04031,5.667442251292188e-06
test_04032,0.011890849531141534
test_04033,0.9353915846482607
test_04034,0.9997704181493333
test_04035,0.9824788254307949
test_04036,0.8563151705329095
test_04037,0.9999998756653156
test_04038,0.001509798177394258
test_04039,0.02343014062417694
test_04040,0.999999905385357
test_04041,0.9999660561724216
test_04042,0.9997111125205065
test_04043,0.08248628383257885
test_04044,0.00011021861583991566
test_04045,0.04095289986465231
test_04046,0.4137219812391564
test_04047,0.997889174760578
test_04048,0.9757516352092525
test_04049,0.90060608297691
test_04050,2.2801976638881957e-05
test_04051,0.9999984585817031
test_04052,0.861446803673289
test_04053,0.6954696280576242
test_04054,0.00011907537456496256
test_04055,0.9999900782715131
test_04056,0.9879050224170733
test_04057,0.9998885451808451
test_04058,0.9989083710573317
test_04059,0.8860381818564603
test_04060,0.999999925696486
test_04061,0.2460634644850427
test_04062,4.461481414236669e-07
test_04063,0.00023872781882755805
test_04064,0.9697308522035399
test_04065,0.9994272179635598
test_04066,0.9999675997337892
test_04067,0.010599954246933342
test_04068,0.0009240731692728816
test_04069,5.727481560266948e-06
test_04070,0.0005916183125410409
test_04071,0.9529611869491991
test_04072,0.06051657878527055
test_04073,3.294955588201331e-05
test_04074,0.002351610226146699
test_04075,0.9636489332554661
test_04076,0.9283345414825329
test_04077,0.9051718294570354
test_04078,0.9999080190234607
test_04079,0.003974709056187956
test_04080,0.08390103340812861
test_04081,0.9982734242787834
test_04082,2.3061764113346275e-07
test_04083,0.4691942873304239
test_04084,0.6505115089674371
test_04085,3.06571067909172e-10
test_04086,0.9957175254540603
test_04087,0.9616338031289534
test_04088,0.9999948122116006
test_04089,0.11092298276994424
test_04090,0.9990712474768026
test_04091,0.9540948490608213
test_04092,0.9982702737040552
test_04093,0.9996217968056288
test_04094,0.07200219034687985
test_04095,0.04692438293885023
test_04096,0.05041540949556875
test_04097,0.6525866391144733
test_04098,5.291335816895467e-06
test_04099,0.9983921041648874
test_04100,0.9999999994930224
test_04101,8.53216203685328e-06
test_04102,0.0038860069392346996
test_04103,0.05915108433778921
test_04104,0.9998221275040561
test_04105,0.07891440159888796
test_04106,5.012751535816389e-07
test_04107,0.011613142437315656
test_04108,0.9073402880765143
test_04109,0.9212597848272254
test_04110,0.8893656403801032
test_04111,0.9993844182506595
test_04112,0.6654451395716238
test_04113,0.9132974142405078
test_04114,0.010514404098114861
test_04115,0.44111065918314235
test_04116,0.9999999837410491
test_04117,0.9999999589743912
test_04118,0.0035832378437803502
test_04119,0.0012291997579412291
test_04120,0.893555893504507
test_04121,0.7703308831225372
test_04122,0.23975416714769235
test_04123,0.9999982859611436
test_04124,0.5775823177013373
test_04125,0.0026136024226348963
test_04126,5.0400717139684615e-06
test_04127,5.4190961353431385e-06
test_04128,0.646689909800007
test_04129,0.9950490599671892
test_04130,0.0005235451699227876
test_04131,6.252387077148945e-10
test_04132,0.18214323655935583
test_04133,6.107997270173073e-05
test_04134,0.9922779868938713
test_04135,0.9544960358647
test_04136,0.8850585744451637
test_04137,0.23206469020324455
test_04138,0.520691141723185
test_04139,0.9134095057819075
test_04140,0.9999995128236125
test_04141,0.003135165078391799
test_04142,0.7418777782023382
test_04143,0.45002049826804036
test_04144,0.9995796358006719
test_04145,0.8930665559341204
test_04146,6.940088179404655e-06
test_04147,2.487207558044064e-05
test_04148,0.6536086594139182
test_04149,0.8630913505846194
test_04150,0.00035857749565862634
test_04151,0.9969881008653217
test_04152,0.391257217240235
test_04153,0.8014311941123868
test_04154,0.042995235684869355
test_04155,0.05517952392917761
test_04156,0.12180291402130788
test_04157,0.9999976672718303
test_04158,0.8907614956437155
test_04159,0.09774059800379316
test_04160,0.9999544360457594
test_04161,0.01065370436338298
test_04162,0.9963081730733193
test_04163,0.31436947756105493
test_04164,0.9965642254292885
test_04165,0.9999991334965582
test_04166,0.07084145362661103
test_04167,9.814308579344124e-05
test_04168,0.0032490916967040217
test_04169,0.9469676378362425
test_04170,0.9980939756913758
test_04171,0.9996143867921239
test_04172,0.003368810087155749
test_04173,0.8234769678999363
test_04174,0.00743252830113697
test_04175,0.5498554754923113
test_04176,0.9942461999972316
test_04177,1.1129392076824272e-05
test_04178,0.9757998735236245
test_04179,0.025435052007484495
test_04180,0.0007506720354698096
test_04181,0.9998282341235459
test_04182,0.991039039304346
test_04183,0.4894361664363436
test_04184,0.9895793000679124
test_04185,0.5147967710216346
test_04186,0.7229388520412868
test_04187,0.9125854140935975
test_04188,6.522842213457458e-06
test_04189,2.9734355068784147e-07
test_04190,0.9576815146349635
test_04191,0.9999875042686186
test_04192,0.0009337678997679749
test_04193,0.0005260606482380584
test_04194,0.0013536851990707394
test_04195,0.07806240266634519
test_04196,0.8338525744258674
test_04197,0.00025369348627406234
test_04198,0.9999964238682516
test_04199,0.008917339770585134
test_04200,0.17067194789223855
test_04201,0.6125374846853332
test_04202,0.998911536962922
test_04203,0.8954897722127073
test_04204,0.38614542612232683
test_04205,7.581794294171943e-05
test_04206,3.157102842889226e-05
test_04207,0.9988867855734948
test_04208,0.06510833264098814
test_04209,0.11414380505656209
test_04210,0.9239595510329611
test_04211,0.8054467154655575
test_04212,0.9959769617603986
test_04213,0.043119380040957625
test_04214,0.9999933351644708
test_04215,0.0020275496409471517
test_04216,0.0006643249831725764
test_04217,0.9282269742041827
test_04218,0.0009930706810731096
test_04219,0.9714718497005291
test_04220,0.015779861511880326
test_04221,0.9999968826968588
test_04222,0.9999360692430945
test_04223,0.9983821333207221
test_04224,0.9999966296135518
test_04225,0.5040599332588763
test_04226,0.9488245969779918
test_04227,0.9988041145081716
test_04228,0.9999983186250622
test_04229,0.9349892525910641
test_04230,0.48050745444669163
test_04231,0.18781665851074064
test_04232,0.999713392158099
test_04233,0.9998559644419668
test_04234,0.9922939179149058
test_04235,0.9480399477099279
test_04236,0.00025377576971231914
test_04237,0.489841049531422
test_04238,4.354893593503649e-06
test_04239,0.9389820918120274
test_04240,0.4985500306573159
test_04241,0.999884410765377
test_04242,0.712513357904495
test_04243,2.7033028534731093e-05
test_04244,0.9887439737443798
test_04245,0.9999761990677166
test_04246,0.9999968825912492
test_04247,0.9999996485275359
test_04248,0.999985160165588
test_04249,0.9999998040160577
test_04250,0.9932364198963797
test_04251,0.9933087041958059
test_04252,9.67840320029997e-05
test_04253,0.006102652887930238
test_04254,0.0011474598506939395
test_04255,0.5161657682264457
test_04256,0.999999980395517
test_04257,0.9977205673096579
test_04258,0.3064684732191852
test_04259,0.9882583009362486
test_04260,0.6709854995861159
test_04261,0.9938228310118179
test_04262,0.4940351880041777
test_04263,0.27697635070625853
test_04264,0.9897664694263254
test_04265,0.999011611260028
test_04266,0.04667502016465965
test_04267,5.8644538752573684e-05
test_04268,0.9999244033953809
test_04269,0.9999754542274822
test_04270,0.05713631427302459
test_04271,0.0019441655904112092
test_04272,0.009529299331481316
test_04273,0.9972236313788116
test_04274,3.6909196592295264e-06
test_04275,1.0484130039480742e-05
test_04276,0.7647868873795274
test_04277,0.4543902559965102
test_04278,0.8469911806537357
test_04279,1.6007316008954035e-05
test_04280,0.026500939827605076
test_04281,0.9963136105057077
test_04282,0.1885966584945314
test_04283,2.05015167496485e-05
test_04284,0.12273282551284066
test_04285,0.6000819157939183
test_04286,6.651926757294574e-06
test_04287,0.999773140937707
test_04288,0.002275256324354792
test_04289,0.9999998720961377
test_04290,0.25135456208263024
test_04291,0.34882269822768946
test_04292,0.2749698488913898
test_04293,0.7416561655165519
test_04294,0.5072046354522514
test_04295,0.025878318583318627
test_04296,0.6445888149026564
test_04297,0.9867304403404701
test_04298,0.9987406109713466
test_04299,3.060494577462543e-10
test_04300,0.001407329287277229
test_04301,0.9999989420522143
test_04302,0.3274347172171676
test_04303,0.8522350470523474
test_04304,0.9748332089522431
test_04305,0.9674900655213113
test_04306,0.09564345482296686
test_04307,0.8953491674865796
test_04308,5.919034962435081e-05
test_04309,0.8236751511164734
test_04310,0.9999999947416751
test_04311,0.9998961168227455
test_04312,0.02277373835229492
test_04313,0.06802547039906456
test_04314,0.5717517343234326
test_04315,0.999998477182675
test_04316,0.0002793063519542293
test_04317,0.003169764144948232
test_04318,0.05613247417045858
test_04319,0.05300316741504341
test_04320,0.10548190927089718
test_04321,0.9991395135530459
test_04322,0.4862475784879152
test_04323,0.00022647132486432674
test_04324,0.6815461615546168
test_04325,0.9999862271333191
test_04326,0.9994965822664069
test_04327,0.6683476127167585
test_04328,0.37275956801058363
test_04329,0.9999782696963877
test_04330,0.9999995504968481
test_04331,0.9992291079147082
test_04332,0.008015192039038254
test_04333,0.00031256320691139456
test_04334,0.6810690385181849
test_04335,4.0708473234624506e-05
test_04336,0.00014861903673820558
test_04337,0.8651960454264258
test_04338,0.9999995022684184
test_04339,0.9992887770539826
test_04340,0.045068256466295455
test_04341,0.9984881086085972
test_04342,0.015788423242961754
test_04343,0.993005747539876
test_04344,0.3761217208309815
test_04345,0.8976042823708092
test_04346,0.00070505841672511
test_04347,0.010250462364584677
test_04348,0.9986753563580475
test_04349,0.9660585754679597
test_04350,0.9287248925729862
test_04351,0.15733159157271778
test_04352,0.011161082930466339
test_04353,0.9085925487834823
test_04354,0.04493189155858171
test_04355,0.9998640777024388
test_04356,0.05476804768985947
test_04357,0.5022449678286589
test_04358,6.983057789961217e-05
test_04359,0.37772971657969245
test_04360,0.5239761767090448
test_04361,0.14772551940848594
test_04362,0.030559843319660294
test_04363,0.9571372385664065
test_04364,0.9994873984746202
test_04365,0.3469115508928324
test_04366,0.08660805666463088
test_04367,0.15724666930477244
test_04368,0.0072570876873497975
test_04369,0.17621408987843926
test_04370,1.4301451693449485e-05
test_04371,0.9943880097071963
test_04372,0.561579691863534
test_04373,0.0017896826027836077
test_04374,0.007921466729444715
test_04375,0.9999949485639152
test_04376,0.00406057630330022
test_04377,0.02963263517827218
test_04378,0.9954852528002458
test_04379,1.8934018517407106e-05
test_04380,0.0022228812022710293
test_04381,0.9999973180189017
test_04382,0.006148206958337323
test_04383,0.4282482363353382
test_04384,0.9892028112855134
test_04385,0.4848834562122863
test_04386,0.000680137156581723
test_04387,0.006780286366195248
test_04388,0.0017202865054714394
test_04389,0.00010702714238033009
test_04390,0.9992943824868918
test_04391,0.9998178571439622
test_04392,0.9876044978711562
test_04393,0.8076491969153126
test_04394,0.9999995736786912
test_04395,0.008451526820400058
test_04396,0.015418802933080547
test_04397,0.3943416429290939
test_04398,0.0002344475050841647
test_04399,7.192760972990015e-05
test_04400,0.011399643365548596
test_04401,3.0696371319566734e-05
test_04402,0.7205423996194799
test_04403,0.9698744116422726
test_04404,0.004346974580520784
test_04405,0.9980524774357366
test_04406,0.9999909760879246
test_04407,0.16677467227868942
test_04408,0.999596944853731
test_04409,0.9997965323806312
test_04410,0.9979822436234781
test_04411,0.9980637350193764
test_04412,0.9768906663548477
test_04413,0.9998772165336576
test_04414,0.999989120989487
test_04415,1.4135173038789228e-06
test_04416,0.35313244415418366
test_04417,0.2539779384837573
test_04418,3.6333266974733917e-06
test_04419,0.014619713762611945
test_04420,0.00011940989300618229
test_04421,0.99956456071693
test_04422,0.004233168960651009
test_04423,0.01105648971558957
test_04424,0.09096518316740274
test_04425,0.9975099667898188
test_04426,0.48814165498560763
test_04427,0.9999334015359244
test_04428,0.00010861689919237719
test_04429,0.9999997421935354
test_04430,0.972567250174591
test_04431,0.988662672604465
test_04432,8.708414865679438e-08
test_04433,0.0013059871907200756
test_04434,0.8824947485338115
test_04435,0.556117164995935
test_04436,0.04152121706645592
test_04437,0.9194275019106893
test_04438,0.6631081505215164
test_04439,3.309951928350051e-07
test_04440,0.9994003216225036
test_04441,0.9999971086586659
test_04442,0.835855207280396
test_04443,0.006479878816377731
test_04444,0.6785979787555423
test_04445,0.998158114110848
test_04446,0.1497567245942936
test_04447,0.9999303816888678
test_04448,0.015249652537580597
test_04449,0.8762784019946356
test_04450,0.9999896457999388
test_04451,0.00029631588669125797
test_04452,0.011095725471175858
test_04453,0.9998399893257128
test_04454,0.001647098277417092
test_04455,0.5454507311212362
test_04456,0.012892381650009483
test_04457,0.06812394500832977
test_04458,0.991028955839034
test_04459,0.003966566835885648
test_04460,2.7746792436466264e-05
test_04461,0.9517246958290271
test_04462,0.058778560200663584
test_04463,0.7105790308709097
test_04464,0.9435965222286146
test_04465,0.5196873771545697
test_04466,7.322741105308249e-07
test_04467,0.9997327312405492
test_04468,9.503643637928851e-05
test_04469,0.014573612146274019
test_04470,0.11678391865484969
test_04471,0.8124128287921563
test_04472,0.8330202796236227
test_04473,1.5352300742791858e-06
test_04474,0.063910372639993
test_04475,2.977919652902335e-05
test_04476,0.015772081763182864
test_04477,0.008423933364764236
test_04478,0.9865964623816532
test_04479,0.5261670345958458
test_04480,0.821799242892063
test_04481,0.8617999659676228
test_04482,0.05542765445723123
test_04483,0.9999973344462729
test_04484,0.8715145112170873
test_04485,0.992526645200872
test_04486,0.9901709970394029
test_04487,0.3879098477097462
test_04488,0.9734831447047483
test_04489,1.4434372914193938e-06
test_04490,0.7494226073421304
test_04491,0.13176384580498654
test_04492,0.07591679855495427
test_04493,0.09750174082638761
test_04494,0.18018634144229215
test_04495,0.8198544374496454
test_04496,0.007799378299832076
test_04497,0.00037176751613502784
test_04498,0.1717386073203046
test_04499,0.014449138165038627
test_04500,0.8912850126567373
test_04501,2.8605114287626293e-05
test_04502,0.9999894831141559
test_04503,0.0002898545065123396
test_04504,0.07053323160335143
test_04505,0.2122917595614646
test_04506,0.9999651661122153
test_04507,0.016666774294762654
test_04508,2.3789318889437538e-06
test_04509,0.004904237927161034
test_04510,0.07500855852028143
test_04511,3.869894339692121e-05
test_04512,0.999680349298803
test_04513,0.12317079756384264
test_04514,0.9998401840565116
test_04515,0.031822476641592566
test_04516,0.9901307914950763
test_04517,0.9999358254626736
test_04518,3.6429129879625357e-06
test_04519,0.3000633894517227
test_04520,0.003480705165424168
test_04521,0.9998682786944139
test_04522,0.96367978007363
test_04523,0.005335986660171224
test_04524,0.987806215919316
test_04525,0.08765348124757759
test_04526,0.9999982196880953
test_04527,0.27464030837141024
test_04528,0.8859861791744927
test_04529,0.0037481653423144263
test_04530,0.0080847067133422
test_04531,0.1657970236867888
test_04532,0.13764654004509355
test_04533,0.08970909937469446
test_04534,0.04323230960669768
test_04535,0.555874467192973
test_04536,0.00022307403857527906
test_04537,0.004852242815576298
test_04538,0.49944499152113575
test_04539,0.9983518053501648
test_04540,0.9859656284282291
test_04541,0.9998020681815641
test_04542,0.005203781235827092
test_04543,0.001386258662823346
test_04544,0.013987198443671424
test_04545,0.9994617566311742
test_04546,0.9997068799433311
test_04547,0.9683916952478655
test_04548,0.9774839524551178
test_04549,1.464280265078774e-07
test_04550,0.9123310408669197
test_04551,0.9824597705142373
test_04552,0.09586781883089932
test_04553,0.12208981273682414
test_04554,0.3000458252704141
test_04555,0.44163023669104223
test_04556,0.6603872325982504
test_04557,0.025523129059490248
test_04558,1.0890748925443346e-06
test_04559,1.1029097542270655e-08
test_04560,0.0022541736989830437
test_04561,0.00033577896600797295
test_04562,0.004045895636270722
test_04563,0.9999615527203927
test_04564,8.707534901665778e-08
test_04565,0.6846629197322432
test_04566,0.015038443893472843
test_04567,0.999874597699835
test_04568,0.6930750500170804
test_04569,0.9913066295674173
test_04570,0.010345716520901634
test_04571,4.2406015594372e-05
test_04572,0.997619338177927
test_04573,0.584610464410642
test_04574,0.0003454411224873672
test_04575,0.8738367175998146
test_04576,0.9998177191647984
test_04577,0.9999025127457618
test_04578,0.9999920452814615
test_04579,0.333633659765651
test_04580,0.0008946718139197185
test_04581,0.00656211101442621
test_04582,0.03273746063325201
test_04583,0.9704354460087712
test_04584,0.8777231672288944
test_04585,0.8214375984259505
test_04586,0.00023904593750229675
test_04587,0.8739637680704623
test_04588,0.8219579769039215
test_04589,0.9916617565351334
test_04590,0.9993091220518773
test_04591,0.9996661172573018
test_04592,0.04277176137496459
test_04593,0.8942451239139498
test_04594,0.03397843422443808
test_04595,0.989008515135262
test_04596,0.09246972017588086
test_04597,0.007636908839642383
test_04598,2.9039311367632508e-05
test_04599,0.5152114880444788
test_04600,0.040266017740589605
test_04601,0.0002793058373105799
test_04602,0.24545449249021858
test_04603,0.9113602744640965
test_04604,0.1549789766437678
test_04605,0.9766180963301827
test_04606,0.9996098843023494
test_04607,0.0020659884316137933
test_04608,0.0003729696201624068
test_04609,0.8302825107008628
test_04610,0.007336763465356488
test_04611,0.9999999993747613
test_04612,0.9998953871851841
test_04613,0.897445953381587
test_04614,0.9999968202885746
test_04615,0.998290465369879
test_04616,0.9628670213207642
test_04617,0.0356275996752599
test_04618,0.9450811828411313
test_04619,0.5052698579129868
test_04620,0.0016169985057228617
test_04621,0.9985639015559847
test_04622,0.8617620483145639
test_04623,0.9993262934349285
test_04624,0.4760986769998213
test_04625,0.9456711697788596
test_04626,0.004128990868859299
test_04627,0.08729530838231178
test_04628,0.9999136463456876
test_04629,0.9998897277130162
test_04630,0.9997971928578662
test_04631,0.9999972851108042
test_04632,0.12004157087285512
test_04633,0.14762543541183226
test_04634,0.9999317743147759
test_04635,0.9966256897876417
test_04636,0.9965130370618877
test_04637,0.90255260574358
test_04638,0.9515192613510521
test_04639,0.915645705568118
test_04640,0.9996442661936986
test_04641,0.9349192914907358
test_04642,0.11987539341273556
test_04643,0.701734923465418
test_04644,0.8553913107775306
test_04645,0.9993956898155248
test_04646,0.8006162925999836
test_04647,0.9999670504441179
test_04648,0.4838542134720314
test_04649,0.9519296104791201
test_04650,0.014249666539912107
test_04651,0.9981173720777587
test_04652,0.012489625423511645
test_04653,0.9999992805192534
test_04654,0.16944485333834133
test_04655,0.6656743665388457
test_04656,8.387418285268671e-07
test_04657,0.9998755685011279
test_04658,0.9996038046672215
test_04659,0.8243694529074209
test_04660,0.4205136428561692
test_04661,0.2595848271529949
test_04662,0.0004713878623993117
test_04663,0.03975859510905471
test_04664,0.004586147206529938
test_04665,0.9999999537577205
test_04666,3.3211357246662256e-05
test_04667,0.9282426369441856
test_04668,6.676442116647691e-05
test_04669,0.8962940845441805
test_04670,0.9999185886772827
test_04671,0.2977089736952258
test_04672,0.06735552314365084
test_04673,0.41302310204805787
test_04674,0.09317365958727743
test_04675,0.3617297030516442
test_04676,0.1259589493937996
test_04677,0.9653798694431917
test_04678,0.9998561489614832
test_04679,0.005294758392152073
test_04680,0.9980555958517695
test_04681,0.9999847497707273
test_04682,0.0005242633381771507
test_04683,0.00016464810405454676
test_04684,0.05844538415819842
test_04685,0.9990663924269773
test_04686,0.9999757037950722
test_04687,0.9999832171084239
test_04688,0.44028940149531737
test_04689,0.9910188692050629
test_04690,0.9978331588228347
test_04691,0.000963507915403126
test_04692,1.440322859619571e-08
test_04693,0.9581318322330435
test_04694,0.9351529494063769
test_04695,7.535005323896659e-06
test_04696,0.9999999979746821
test_04697,0.2046755670418459
test_04698,2.449066279382558e-06
test_04699,0.0788791224568905
test_04700,0.9999994663098579
test_04701,0.4153748969665634
test_04702,0.08045696199440489
test_04703,0.9359182857969516
test_04704,0.023759573389830882
test_04705,0.19788448815103107
test_04706,4.97731581638885e-07
test_04707,0.49886500981628823
test_04708,0.13427003365914364
test_04709,0.016637844647716497
test_04710,0.8335180041496786
test_04711,0.9518883645611149
test_04712,0.9999948236609906
test_04713,0.5951913987158006
test_04714,0.010158734043053183
test_04715,0.999794621212084
test_04716,0.00019967194864985234
test_04717,0.10071193458404498
test_04718,0.08058300872109349
test_04719,0.0009344170819528704
test_04720,0.9985510408428103
test_04721,0.8698040507281654
test_04722,0.9735022413078064
test_04723,0.9999670213683467
test_04724,0.9999843537018879
test_04725,0.9522755140803989
test_04726,0.5556664119476945
test_04727,0.931593406038634
test_04728,0.8911182602646255
test_04729,5.3367446779491955e-05
test_04730,3.24138371076643e-08
test_04731,3.217043706258903e-05
test_04732,0.9427497541702113
test_04733,0.04613259672184254
test_04734,0.9988898077898178
test_04735,0.9999991334965582
test_04736,0.20695692984336034
test_04737,0.07573461244758885
test_04738,0.004658169429785525
test_04739,0.1956151904990879
test_04740,0.9948540565735363
test_04741,0.8914970198437363
test_04742,0.9056612587533687
test_04743,0.5899306944354507
test_04744,0.998607738306322
test_04745,0.7436841571996078
test_04746,0.027463100593928678
test_04747,0.2573924003014743
test_04748,0.023650450948935458
test_04749,0.9682912218993763
test_04750,0.8633551145888908
test_04751,0.9963886078120475
test_04752,6.445986751591067e-05
test_04753,0.9995432145998309
test_04754,0.009562979198685748
test_04755,0.004685290787198773
test_04756,0.003686389494292363
test_04757,0.00043500414310331323
test_04758,1.3229690001178273e-08
test_04759,0.9996683859535411
test_04760,0.998519753620061
test_04761,0.5343045360687608
test_04762,0.0007998812167711341
test_04763,0.18377495521670004
test_04764,0.9992596885494905
test_04765,0.9057608206417946
test_04766,0.1946100224449863
test_04767,0.9999998860092013
test_04768,0.0006135003980000712
test_04769,0.9999777251892947
test_04770,0.9999632900089828
test_04771,5.337579237936417e-06
test_04772,0.6976845327347216
test_04773,0.9961192388527349
test_04774,3.760453418595173e-05
test_04775,0.979355048674389
test_04776,0.9974032483573563
test_04777,0.2666649885613536
test_04778,0.999869975532194
test_04779,0.31306334921192575
test_04780,0.9942965783827221
test_04781,0.10499415335133354
test_04782,9.738646370192204e-05
test_04783,0.9909429900825344
test_04784,0.06861762960823868
test_04785,0.9998078097349152
test_04786,0.056993677535140175
test_04787,0.976987271648268
test_04788,0.03518338599533502
test_04789,6.734729633122043e-05
test_04790,0.9999502376017796
test_04791,0.002008721384335116
test_04792,0.9993739600527849
test_04793,0.9999998684980479
test_04794,0.005547374927061961
test_04795,0.0007259025368850874
test_04796,0.013613118441557132
test_04797,0.9996261267335212
test_04798,0.9996774727736333
test_04799,0.19983324003976105
test_04800,0.9796695488546794
test_04801,0.04181348962270867
test_04802,0.10079392013275783
test_04803,0.999983484608158
test_04804,0.8432592388059602
test_04805,0.00019555298115222795
test_04806,0.8352646051807441
test_04807,0.46812744854451943
test_04808,0.14918258688789923
test_04809,0.9364586663079817
test_04810,0.19974687914750863
test_04811,0.0005578416524213095
test_04812,0.9994799179098843
test_04813,0.9999999243246803
test_04814,4.567015165384672e-06
test_04815,0.8786645266672262
test_04816,0.36251679851469704
test_04817,0.00040169866642011546
test_04818,0.22708989110999692
test_04819,0.13044097565793725
test_04820,0.0010844236475491156
test_04821,0.9836760314374886
test_04822,0.9984241734837039
test_04823,0.9999969003611376
test_04824,0.011241339163020175
test_04825,0.3391149600854984
test_04826,0.9559518959485397
test_04827,0.00031743318383782923
test_04828,0.8982507234190438
test_04829,0.9999491587330285
test_04830,0.012808203383468095
test_04831,0.4232279280119556
test_04832,0.999088611757558
test_04833,0.4009610085696704
test_04834,0.0034272794685405554
test_04835,0.9999999993747613
test_04836,8.635365431238982e-05
test_04837,0.28325383695280193
test_04838,0.001780070772663444
test_04839,0.08502614425252565
test_04840,0.0018965526277637868
test_04841,0.13879575985560957
test_04842,0.9992494717341422
test_04843,0.002072184197879976
test_04844,1.649026058205348e-06
test_04845,0.9999999983991024
test_04846,0.00020774475641780686
test_04847,0.9906380887139665
test_04848,0.8372445993590935
test_04849,0.8264430757599305
test_04850,0.9997603961166541
test_04851,0.9995722405774287
test_04852,0.9055454154374167
test_04853,0.047525573552049276
test_04854,0.36598260265109234
test_04855,0.9999480681303801
test_04856,0.016295397161624207
test_04857,0.07545981313489959
test_04858,0.89091087225341
test_04859,0.05119127112990573
test_04860,0.0006540701225152249
test_04861,0.9999999648300719
test_04862,0.004389148172646233
test_04863,0.15918160509230106
test_04864,0.7416068895956381
test_04865,0.1298443274484425
test_04866,2.2642971830525577e-06
test_04867,0.10000719563091875
test_04868,8.947179008302494e-07
test_04869,0.14828728107448746
test_04870,0.9999571641111433
test_04871,0.9960708388598842
test_04872,0.9999784105262015
test_04873,0.9876166521700277
test_04874,9.778964413601073e-05
test_04875,0.9869278367895002
test_04876,0.00013107590845968614
test_04877,0.9601543826625308
test_04878,0.008881642947801227
test_04879,0.9337804787061624
test_04880,0.019489636379265977
test_04881,0.06965969156109522
test_04882,0.8643899347931788
test_04883,0.9989062580940719
test_04884,0.0007738241085701741
test_04885,0.04396855386035964
test_04886,0.9129010655912424
test_04887,0.24291058956338923
test_04888,0.00033511423164431513
test_04889,0.9952355595478196
test_04890,0.00046506859261199454
test_04891,0.9719487278353728
test_04892,0.2802499429116625
test_04893,0.13114382840022543
test_04894,0.007379796362631025
test_04895,1.2969129374892146e-07
test_04896,0.06434289445145272
test_04897,0.00024208372603717442
test_04898,0.00012323719651982884
test_04899,0.0028046524283366027
test_04900,0.9773374662404246
test_04901,0.9455640351450103
test_04902,4.683854924146499e-05
test_04903,0.9890663881963282
test_04904,0.9992283761127759
test_04905,0.0980580571012292
test_04906,0.999665833319209
test_04907,0.7468031600517313
test_04908,0.4332550176856977
test_04909,0.999942245956103
test_04910,0.9691047092374473
test_04911,0.9320993923021668
test_04912,0.9999353360011757
test_04913,0.9737329351278062
test_04914,0.00013431698100189093
test_04915,0.9998529371893404
test_04916,8.013044954086282e-05
test_04917,0.9999839119343298
test_04918,0.9966637535696293
test_04919,0.3672269694664049
test_04920,0.5024999819909566
test_04921,0.998853083022763
test_04922,1.7870165197026662e-06
test_04923,0.043867451042249185
test_04924,0.0006493768985266628
test_04925,0.5290105451943684
test_04926,0.9999974318036322
test_04927,9.452018690351596e-06
test_04928,0.0012318249063236187
test_04929,0.9999686841404811
test_04930,0.06134230372963441
test_04931,0.9919732454642176
test_04932,0.902195486396835
test_04933,0.9999991975514699
test_04934,0.08659706841934811
test_04935,0.019439379415812447
test_04936,0.9541779344255953
test_04937,0.00013307498582720278
test_04938,0.0035585306324553137
test_04939,0.9949581547712775
test_04940,0.9592708842670123
test_04941,0.9989422348242978
test_04942,0.3790147297110815
test_04943,0.9998208930490976
test_04944,0.999815074886247
test_04945,3.603840284444339e-05
test_04946,8.154522295348928e-06
test_04947,0.970840785340463
test_04948,0.9515223175652682
test_04949,0.9336500828618349
test_04950,0.027579257764726393
test_04951,0.0013215234676419063
test_04952,0.9996766351391206
test_04953,0.10084698455452382
test_04954,0.965630212354054
test_04955,0.9941600699452403
test_04956,0.8874207197214158
test_04957,0.9889845568099717
test_04958,0.017030083262696536
test_04959,0.0008138341274638133
test_04960,0.794401100598426
test_04961,0.4342812929154366
test_04962,0.9010740439152386
test_04963,0.00010109486389827828
test_04964,0.6847749865155979
test_04965,0.9982844216462952
test_04966,0.9999999999435962
test_04967,0.40787541012314865
test_04968,0.5953373554451431
test_04969,0.5375270154699332
test_04970,0.9999909459816244
test_04971,0.9999916867096347
test_04972,0.00036232138628613554
test_04973,0.9993262934349285
test_04974,0.9572879054513921
test_04975,0.0001795880172032856
test_04976,8.48926317861898e-05
test_04977,2.118074266408087e-07
test_04978,0.003135165078391799
test_04979,0.0036258520501641074
test_04980,0.9996301315527664
test_04981,0.9999856604816157
test_04982,0.9996944410955143
test_04983,0.14400434105667043
test_04984,0.09173035283501593
test_04985,0.9760931183291774
test_04986,0.18706272993223078
test_04987,0.9999999619614959
test_04988,2.4884295439904135e-06
test_04989,0.03527045098547824
test_04990,0.9997613523886006
test_04991,0.005542682868002296
test_04992,2.5403753897127056e-05
test_04993,0.9999999609842325
test_04994,3.5477332417574466e-06
test_04995,0.9563861411142164
test_04996,0.6046191418242995
test_04997,0.002511731040015431
test_04998,0.0009482500731043184
test_04999,0.0057455328046881445
test_05000,0.9996113193542686
test_05001,0.9999999038380677
test_05002,0.17450019885022378
test_05003,0.8397138259739182
test_05004,0.7708842727073683
test_05005,0.9991758838889411
test_05006,0.0012423586799790098
test_05007,0.2816625040430312
test_05008,0.999648946026408
test_05009,0.9970692749795926
test_05010,0.13583512935569714
test_05011,0.1829443620808818
test_05012,0.9999013513444936
test_05013,0.9039824448039631
test_05014,0.9998441119064243
test_05015,0.9715926378393023
test_05016,0.4133407579294835
test_05017,0.9999994023348356
test_05018,0.4714582992801843
test_05019,3.6740700067552604e-05
test_05020,0.9999709608509598
test_05021,0.037177294193928644
test_05022,0.9999634429946188
test_05023,0.9600236545777939
test_05024,0.8971263732693961
test_05025,0.00012024861971735174
test_05026,0.38207705944187265
test_05027,0.9474449893533506
test_05028,0.9999990957955687
test_05029,0.9941023968805058
test_05030,0.9523909706482455
test_05031,0.053674093672326416
test_05032,0.9955831109597659
test_05033,0.9998553492368856
test_05034,0.2673695704815198
test_05035,0.3345182097295039
test_05036,0.8918951102886774
test_05037,0.999999739642488
test_05038,7.98572437094414e-05
test_05039,0.9944560388558304
test_05040,0.9203781806058504
test_05041,0.9999977432082617
test_05042,0.9996848689284233
test_05043,0.999834033010221
test_05044,0.9761339764874987
test_05045,0.9901603662991327
test_05046,6.486821404886422e-05
test_05047,0.9999552870540769
test_05048,0.10062517921616054
test_05049,0.9999999884387104
test_05050,0.20342732762048302
test_05051,0.5365311142047838
test_05052,0.6635447707889811
test_05053,0.9999999999000244
test_05054,0.02609012147426403
test_05055,0.0002111687368152543
test_05056,0.5696044812747063
test_05057,0.9999112640579915
test_05058,0.9862932032648521
test_05059,2.3530843864964163e-05
test_05060,0.9950530617960105
test_05061,0.9999958316001707
test_05062,0.0003395886571449531
test_05063,0.9666718025262129
test_05064,0.9171934799148487
test_05065,0.12461092549103361
test_05066,5.88781102918815e-05
test_05067,0.9677859517403711
test_05068,0.9996925388686496
test_05069,0.7864685868827482
test_05070,0.12686062123990477
test_05071,0.004019474976852511
test_05072,0.19432638111199665
test_05073,0.04478555021102745
test_05074,0.008546053477443586
test_05075,0.9999898390706844
test_05076,0.981581064119518
test_05077,1.7655171132823153e-07
test_05078,0.9999421302467562
test_05079,0.36679623766234526
test_05080,0.999999473632351
test_05081,0.0009589002939162316
test_05082,0.06249237985092311
test_05083,0.9086674815638844
test_05084,0.988140124792958
test_05085,0.9999831551364589
test_05086,0.6144454265173136
test_05087,0.49943998473564327
test_05088,0.9722475720641899
test_05089,0.22865572454472347
test_05090,0.5337165877150609
test_05091,0.999837515725587
test_05092,1.0647835969613498e-05
test_05093,0.0001530859194179819
test_05094,0.8901958094564463
test_05095,0.9385546462597361
test_05096,0.003897558557742159
test_05097,0.9960104005229528
test_05098,6.987286804216194e-05
test_05099,0.999305243340251
test_05100,2.1919030189224928e-05
test_05101,0.5231775274011855
test_05102,0.06617111851900273
test_05103,0.9999952377702218
test_05104,0.0009989380715403307
test_05105,0.9390935170450257
test_05106,0.9926427325661507
test_05107,0.24967624063647634
test_05108,0.004302434711759088
test_05109,0.0011916400136150994
test_05110,0.9939967954045179
test_05111,0.8858457917141747
test_05112,0.9562508093429714
test_05113,0.5656594633279405
test_05114,0.6623768733884265
test_05115,5.484207871194082e-07
test_05116,0.0002531183763667242
test_05117,0.3448695435874524
test_05118,0.04422631769381487
test_05119,0.9259927164965573
test_05120,0.9999527096366202
test_05121,0.025827090550450807
test_05122,0.01688387945218965
test_05123,0.00019254664978502094
test_05124,0.06761358987628392
test_05125,0.9995280456495109
test_05126,0.7491717772588619
test_05127,0.9542757210016977
test_05128,0.011553393143740511
test_05129,0.9571229963313905
test_05130,0.11687097621364809
test_05131,0.050967714163884875
test_05132,0.5752932664193531
test_05133,0.05026142337645447
test_05134,0.5189831643052805
test_05135,0.0016007629725162073
test_05136,0.10489280836380137
test_05137,0.9964010237242878
test_05138,0.9247196761801727
test_05139,0.9790431776203893
test_05140,0.9609440949343958
test_05141,0.06046024795069982
test_05142,0.5680223150579404
test_05143,0.4298634519717282
test_05144,0.6004698147662129
test_05145,0.9999991053103421
test_05146,0.999981175568042
test_05147,0.5207560270677323
test_05148,0.0018882859420761638
test_05149,0.0010610570674970195
test_05150,1.959839422642585e-07
test_05151,0.9815477759209922
test_05152,0.992160215804927
test_05153,0.4974250070126823
test_05154,0.0003166957850007211
test_05155,0.0030942876896934103
test_05156,0.9138788956982948
test_05157,0.07572449691721124
test_05158,0.9992738132129441
test_05159,0.014366499476958255
test_05160,0.7368739192018251
test_05161,0.6258604803953614
test_05162,7.813599104747933e-06
test_05163,0.0016828139556852141
test_05164,0.07705242287539202
test_05165,0.009722440553297402
test_05166,0.9281349727317663
test_05167,0.5594681772030615
test_05168,0.8783025662337165
test_05169,0.960921244776238
test_05170,3.064461399063229e-06
test_05171,0.9802899309697155
test_05172,0.9948997482623164
test_05173,0.00024040251900027797
test_05174,0.7792128737756173
test_05175,0.002140753583699541
test_05176,0.00027201726187176944
test_05177,0.9063590785842013
test_05178,0.8857104665099739
test_05179,6.499094898984336e-05
test_05180,0.10112948595500414
test_05181,0.039201213571853244
test_05182,0.024814480083231925
test_05183,0.39798923435750294
test_05184,0.9988807301849876
test_05185,0.9999999824387986
test_05186,0.9999017563279102
test_05187,0.9768515713905386
test_05188,0.9990288972050682
test_05189,0.9473626571982937
test_05190,0.9691384680388713
test_05191,0.9161894203056841
test_05192,8.226490943070675e-06
test_05193,0.0010838989028446424
test_05194,0.9246370268197794
test_05195,0.012130307865550284
test_05196,0.01398574631274726
test_05197,0.044986116870576874
test_05198,0.9952652790502149
test_05199,0.5266610445174306
test_05200,0.9999870190119681
test_05201,0.9999992461612852
test_05202,0.9420170164611429
test_05203,0.9996252225526764
test_05204,2.1179369845422e-07
test_05205,0.18669156073553067
test_05206,0.8338720404614253
test_05207,0.08103569097977292
test_05208,0.9999013012280098
test_05209,0.7360908032115441
test_05210,0.9996318267282088
test_05211,0.33369321077641967
test_05212,0.9999989161547276
test_05213,0.13054245781231297
test_05214,0.17473395971667616
test_05215,0.9797210893491144
test_05216,0.999829977810697
test_05217,0.5739511069046053
test_05218,0.9712471914508579
test_05219,0.579113561252663
test_05220,0.9999990621256948
test_05221,1.61081946534646e-05
test_05222,0.1734737418080876
test_05223,0.9999996860479669
test_05224,0.0005791934823513753
test_05225,0.999999948222004
test_05226,0.000624334018980452
test_05227,0.9996975085473668
test_05228,0.5005199907804199
test_05229,0.007570636588693505
test_05230,0.0009125090530328793
test_05231,0.003639672137993702
test_05232,0.00010487363040597426
test_05233,0.5005749760157401
test_05234,0.00028792159805647436
test_05235,0.9999931917124917
test_05236,0.7104536579400469
test_05237,0.9165142102553944
test_05238,8.640076783356307e-05
test_05239,0.9991842054016801
test_05240,0.9999901416495369
test_05241,0.014213039595019407
test_05242,0.24560266717214835
test_05243,0.9999953250244199
test_05244,0.523646737025999
test_05245,0.00019483528339294016
test_05246,0.38214892956060637
test_05247,0.039286126496218286
test_05248,0.001846543906138275
test_05249,0.4992100303334522
test_05250,0.8592015947256115
test_05251,0.9870716372705374
test_05252,0.01621855440441609
test_05253,0.16666407975307315
test_05254,0.9997219011966247
test_05255,0.9159739273003294
test_05256,1.4607871687071368e-05
test_05257,0.9045502811828069
test_05258,0.08737261207017585
test_05259,3.738766942766061e-05
test_05260,0.8483252420453726
test_05261,0.9870903258784479
test_05262,0.8894702614127515
test_05263,0.999998895160571
test_05264,0.8074270910610306
test_05265,0.0002780988033752657
test_05266,0.9999952268555224
test_05267,0.9999810002590147
test_05268,0.9648657582960589
test_05269,0.9856312876754609
test_05270,0.9207323704082545
test_05271,0.9264346092786009
test_05272,0.9614474199764416
test_05273,2.552122907515326e-06
test_05274,0.19337430725462937
test_05275,0.0031069548151821578
test_05276,0.9955714583810902
test_05277,0.0221990235964334
test_05278,0.8290345114024643
test_05279,8.773151431682049e-05
test_05280,0.0019357861088682652
test_05281,0.9999485421730848
test_05282,0.09293942415139578
test_05283,0.9999802228253608
test_05284,0.5879587362632419
test_05285,0.012260810433771493
test_05286,0.9626032475286594
test_05287,0.033252631530894465
test_05288,0.9998263459183302
test_05289,0.9994044216984358
test_05290,0.999930423900634
test_05291,2.5068198738781123e-11
test_05292,0.9994139774832043
test_05293,1.8628010438812482e-05
test_05294,0.9370359240999563
test_05295,0.9993602240662538
test_05296,0.07138232371181644
test_05297,0.00807943049393169
test_05298,0.992937012709643
test_05299,0.8644793417531477
test_05300,1.6878902815507298e-06
test_05301,4.0050655939001223e-10
test_05302,3.491277115665066e-06
test_05303,0.9994965829649031
test_05304,0.00650505032840252
test_05305,0.99994053601587
test_05306,0.5005249975664805
test_05307,0.9593494412711145
test_05308,0.9718090414268451
test_05309,4.3073569603518476e-08
test_05310,0.1586120158401014
test_05311,0.9997953576669224
test_05312,0.9999549815950275
test_05313,0.9695995540761846
test_05314,0.978118148087897
test_05315,0.02317289625758095
test_05316,0.9922125135698996
test_05317,0.9999979849390066
test_05318,0.5107187827834273
test_05319,0.9999998062282461
test_05320,0.9999987484047459
test_05321,0.9926642339352783
test_05322,0.8772862046595221
test_05323,0.9831088278407416
test_05324,0.9999946276402533
test_05325,0.9993168428513555
test_05326,0.9999999774902506
test_05327,0.6637561302906855
test_05328,0.04227895331633511
test_05329,0.9990747978115955
test_05330,0.004694610870915987
test_05331,0.0019980045457608686
test_05332,8.960241787941369e-05
test_05333,0.21706625425422943
test_05334,0.002559608922240338
test_05335,0.1259479113479696
test_05336,0.8203604107466822
test_05337,0.9999999782353847
test_05338,0.9990871722178384
test_05339,1.8274287503065969e-06
test_05340,0.9987293806287255
test_05341,0.1066137162300887
test_05342,4.7990205286743516e-05
test_05343,0.9407950820420822
test_05344,9.93081482560532e-05
test_05345,0.046077532570792036
test_05346,0.5983595484147705
test_05347,0.014718884250906575
test_05348,0.9845158405656613
test_05349,0.9034806468192421
test_05350,0.4347403363213375
test_05351,0.986302516314985
test_05352,5.655543741275411e-06
test_05353,0.00014000948992869122
test_05354,0.0001967762204418363
test_05355,0.00012857098619075007
test_05356,0.0016440307782808006
test_05357,0.9989460393374697
test_05358,0.004177256509230405
test_05359,0.002059060016080606
test_05360,3.6645257491778404e-07
test_05361,0.7921767242547055
test_05362,0.7625828706057167
test_05363,0.0001666280603509901
test_05364,0.9999999387166968
test_05365,0.399651382725608
test_05366,0.1504823655668319
test_05367,1.1420009813805119e-06
test_05368,0.1560822500137004
test_05369,0.002187733978726589
test_05370,0.9999970486539748
test_05371,0.00266451309581313
test_05372,0.4869472576805117
test_05373,0.9517599164702589
test_05374,0.00236144766208717
test_05375,4.528506643558164e-07
test_05376,0.006619456607636981
test_05377,0.6001352712028237
test_05378,0.9999953899655099
test_05379,0.9746073613850527
test_05380,0.0743887909941449
test_05381,0.982185873224614
test_05382,0.6534461368200208
test_05383,0.9136904551568887
test_05384,0.3294612016522736
test_05385,0.9969177308146838
test_05386,0.5104638203464275
test_05387,0.9617931228177569
test_05388,0.9993594265825295
test_05389,1.4339518384210279e-05
test_05390,0.9905395943299525
test_05391,0.9999539560613616
test_05392,0.49768002089837243
test_05393,0.7114605831981695
test_05394,0.9996228056670534
test_05395,0.9954253487609345
test_05396,0.8555978907133558
test_05397,0.18385400955948597
test_05398,0.9995851647909597
test_05399,0.9878503367825449
test_05400,0.7490584271812766
test_05401,0.6406939389832568
test_05402,0.9996856035560354
test_05403,0.9994696140057261
test_05404,0.9912730220960745
test_05405,0.0011400620494743082
test_05406,0.9999837903653985
test_05407,0.8558073452550149
test_05408,0.9998168860224595
test_05409,0.0001318973495857092
test_05410,0.9624158279065921
test_05411,0.9998148654485333
test_05412,0.9999836480532462
test_05413,0.00029515983121168
test_05414,0.036108496852846644
test_05415,0.18142933440488568
test_05416,0.9518364073684518
test_05417,0.01602698059425442
test_05418,0.9999504520530111
test_05419,0.9999866536208759
test_05420,0.000786500747427504
test_05421,0.9978433107247637
test_05422,0.7144334181156228
test_05423,0.48559300246257125
test_05424,2.5531057863807455e-05
test_05425,0.06496656697353236
test_05426,1.793693748369558e-06
test_05427,4.168338734847501e-06
test_05428,0.9999999931913511
test_05429,0.955054922680982
test_05430,0.9997669704089296
test_05431,0.08300756989416093
test_05432,0.9999995267004637
test_05433,0.9999526398037136
test_05434,0.9999945691879943
test_05435,0.8994735571304623
test_05436,0.019924825101193644
test_05437,0.9875008669619099
test_05438,0.13371449158431714
test_05439,0.023837142866686655
test_05440,0.0022658746832489906
test_05441,0.9999996916232851
test_05442,0.9999905170730801
test_05443,0.026991759365645452
test_05444,0.9998221279120908
test_05445,0.23615472057094467
test_05446,0.007446122993353475
test_05447,0.9499596240725257
test_05448,0.9956130976724058
test_05449,0.058659307016553495
test_05450,0.9669528165679724
test_05451,0.18291007956553226
test_05452,0.9999290176592808
test_05453,0.9999844132902007
test_05454,0.08254811838505756
test_05455,0.00018394906935473423
test_05456,8.650074981541777e-06
test_05457,6.0881907578703226e-05
test_05458,0.09299909847887272
test_05459,1.8066434195263896e-05
test_05460,0.9305859216502722
test_05461,0.11672326723364944
test_05462,0.8803174011445061
test_05463,0.9999998611409142
test_05464,0.9988518171834146
test_05465,0.13149185386467357
test_05466,0.9871096867682452
test_05467,0.02473909213760527
test_05468,0.9741321413514132
test_05469,0.9218365642376477
test_05470,0.06689556463809448
test_05471,0.004992656220357978
test_05472,0.6603226486080126
test_05473,0.9450844936718755
test_05474,1.2300655941783516e-05
test_05475,4.7512623818871065e-06
test_05476,0.05130407232083779
test_05477,0.34517559432576467
test_05478,0.8049321289457088
test_05479,0.8929840394632707
test_05480,4.09350622759901e-05
test_05481,0.9571528770710375
test_05482,0.004905830235257743
test_05483,0.9101044115851581
test_05484,0.0031816565775711052
test_05485,2.5762520798647543e-06
test_05486,0.9368245943879716
test_05487,0.413839282850619
test_05488,0.9998841903972194
test_05489,0.02529452059286658
test_05490,8.635269330172362e-06
test_05491,0.48051239599373513
test_05492,1.1743347815019274e-06
test_05493,0.005531604638072646
test_05494,0.9839211249885601
test_05495,0.9999997835685682
test_05496,0.9977981931236318
test_05497,0.091039930730261
test_05498,0.27357262386631015
test_05499,0.0008946718139197185
test_05500,0.9984346426770717
test_05501,0.9999445370474979
test_05502,5.627711205790486e-09
test_05503,0.0010043197850080005
test_05504,0.9780755791381415
test_05505,0.8872323308095655
test_05506,0.0045394960280356975
test_05507,1.3162990637813489e-05
test_05508,0.9999923541176428
test_05509,1.0020060652915284e-06
test_05510,0.9971092593558926
test_05511,0.9925205870076815
test_05512,0.007191234032899327
test_05513,0.37992309861289486
test_05514,1.0995485156136398e-05
test_05515,0.0006343420918605771
test_05516,0.0005479971357581285
test_05517,0.0009451494021558733
test_05518,0.1503413733432269
test_05519,0.2565489761624192
test_05520,0.5821578382243813
test_05521,0.9999913201871292
test_05522,0.019215519561199806
test_05523,0.9992232388901825
test_05524,0.9973723104425546
test_05525,0.00013604142659285703
test_05526,5.310822116735219e-05
test_05527,0.8115218263436698
test_05528,0.014654713733266635
test_05529,0.9485606712492797
test_05530,0.09981529657154183
test_05531,0.10851054267980553
test_05532,0.9997288339208943
test_05533,0.9276502558204464
test_05534,0.9999620531834975
test_05535,0.9999881540543631
test_05536,0.5188582778492974
test_05537,0.999499975170825
test_05538,0.7866437973483705
test_05539,0.9999987873268622
test_05540,0.8499740769470406
test_05541,0.10975844705349146
test_05542,0.18149075817422222
test_05543,7.2615765459458775e-06
test_05544,0.9990069293189269
test_05545,1.7303009679712923e-05
test_05546,0.00028129549015461116
test_05547,3.4725222431781815e-06
test_05548,0.9549376130845727
test_05549,0.8215559356133185
test_05550,0.036747222949065794
test_05551,0.9979648415317576
test_05552,0.4708298524737143
test_05553,0.9960905173325665
test_05554,0.7892737004832071
test_05555,0.9999978400372603
test_05556,0.9999969880308862
test_05557,0.963042666506705
test_05558,0.2718338492749047
test_05559,0.00017671073263823562
test_05560,0.9981616031197963
test_05561,0.16651776028288912
test_05562,0.9999986744614101
test_05563,0.7863716619311584
test_05564,0.9998088768553928
test_05565,0.9671453902106015
test_05566,0.11845787020681328
test_05567,0.9987963421381747
test_05568,0.9894751547752979
test_05569,0.47004189498533433
test_05570,0.0007909462319116399
test_05571,0.999934639649496
test_05572,0.9999999914437384
test_05573,0.9800885842539782
test_05574,0.008712095934025978
test_05575,0.9203844355865126
test_05576,0.03169339262017627
test_05577,0.9998935002243557
test_05578,0.9998007638173394
test_05579,0.0007681114308600416
test_05580,0.12952416569676314
test_05581,0.03588733062726844
test_05582,0.9999975978189826
test_05583,0.07083952154783053
test_05584,0.9998642561182848
test_05585,0.06885768836561787
test_05586,0.10631449744109807
test_05587,0.0024080222995619535
test_05588,0.999971691328869
test_05589,0.0003552452630453078
test_05590,0.933160632395914
test_05591,0.22669353582785473
test_05592,0.0003577914748622425
test_05593,0.9995946448722962
test_05594,0.9929614295542819
test_05595,0.9826522258652521
test_05596,0.8064100229343328
test_05597,0.06664855634985628
test_05598,0.5543386142404199
test_05599,0.03141853549611714
test_05600,0.999992158312178
test_05601,0.9999998458254516
test_05602,0.48165620140560683
test_05603,0.36769571229662273
test_05604,0.9865504438571647
test_05605,0.9908871097790782
test_05606,0.0001756882693515223
test_05607,0.2084522201138396
test_05608,2.536147676396338e-06
test_05609,0.00014980786984837363
test_05610,0.9971812937218196
test_05611,0.005189800927643171
test_05612,0.7670078644938062
test_05613,0.23698808612658903
test_05614,0.28494358488035254
test_05615,0.9999597747666077
test_05616,0.1323856386423433
test_05617,0.015521902155150296
test_05618,3.756128207791535e-07
test_05619,0.00030555836540652713
test_05620,0.04885160259987133
test_05621,0.6296397546083673
test_05622,0.9046132498475584
test_05623,6.50599940834345e-08
test_05624,0.554274191025168
test_05625,0.0008303499005583113
test_05626,0.8474489591311459
test_05627,0.015910174562134297
test_05628,0.20045988070443196
test_05629,0.13433597420790822
test_05630,0.021605860759767944
test_05631,0.05643044967364147
test_05632,0.9999994100629983
test_05633,0.9996732728046159
test_05634,0.9999824654671764
test_05635,0.0003649935784944356
test_05636,0.9881038747315963
test_05637,0.7156015508385204
test_05638,0.15090584116162742
test_05639,0.6325647171775751
test_05640,0.993251194779515
test_05641,0.08982365647426689
test_05642,0.9999869463423682
test_05643,0.5189831345351806
test_05644,0.48283507816632876
test_05645,0.9966611788846714
test_05646,0.29906276809226634
test_05647,0.29773962915051555
test_05648,1.1420009813805119e-06
test_05649,0.005227269542664318
test_05650,0.9999269465164985
test_05651,0.01838142715924194
test_05652,0.9979146450500048
test_05653,0.02124268779942843
test_05654,0.5103989022855477
test_05655,0.9999991334965582
test_05656,0.8749608560341383
test_05657,0.030629308031466365
test_05658,3.975914078931021e-06
test_05659,0.9999822961811938
test_05660,0.9999947318475377
test_05661,0.11037930766272235
test_05662,0.9994088914761208
test_05663,0.9999483600763969
test_05664,0.8741017773607903
test_05665,0.14273469667014427
test_05666,3.3390255182008585e-07
test_05667,1.6824237324905424e-07
test_05668,0.014166237495067194
test_05669,0.9433466873960082
test_05670,0.006383449779791403
test_05671,0.5427814127382866
test_05672,0.9687951547412907
test_05673,0.0059360839314130855
test_05674,0.00042883631672807957
test_05675,0.013001188139944641
test_05676,0.09375164569643875
test_05677,0.08606634897152096
test_05678,8.415149892700716e-06
test_05679,0.9982895695413425
test_05680,1.7735801286898964e-06
test_05681,1.2908522717068398e-05
test_05682,0.9937158210305018
test_05683,0.002963170400004545
test_05684,0.37856553789135805
test_05685,0.7302392149173548
test_05686,0.8712434259534788
test_05687,0.1482994031366222
test_05688,0.5388710583317322
test_05689,0.9999855266754025
test_05690,0.0007906506947517941
test_05691,0.9999938314458564
test_05692,0.5250891868062201
test_05693,0.6627402953524267
test_05694,0.750747520031068
test_05695,4.199187340622477e-06
test_05696,0.9999804465538119
test_05697,0.4603027621067101
test_05698,0.0006448333330162174
test_05699,0.9227736546302518
test_05700,0.9999999229485973
test_05701,0.9999991749556142
test_05702,0.36021838972212866
test_05703,0.9999983316178549
test_05704,0.9999691630658403
test_05705,0.11071859889877778
test_05706,0.0716732775926019
test_05707,0.9842294720596205
test_05708,0.01054574546684984
test_05709,0.3056049742067365
test_05710,0.9050579462800674
test_05711,0.01724094448525042
test_05712,0.795517557197636
test_05713,0.09380700354600474
test_05714,0.9995612951595774
test_05715,0.03300231221384184
test_05716,0.9999953033192627
test_05717,0.9191582185570079
test_05718,0.999980978238595
test_05719,1.690768018018818e-08
test_05720,4.901397857023065e-05
test_05721,0.9996498200668096
test_05722,0.8981124240916863
test_05723,0.0005475066186849019
test_05724,0.9989032607562913
test_05725,0.24863560697389298
test_05726,2.9083495790822847e-06
test_05727,0.9822435241594891
test_05728,0.999998048490643
test_05729,0.08501529297614714
test_05730,0.9999999548222326
test_05731,0.9992266167240089
test_05732,5.284963567649145e-05
test_05733,0.9835638263065154
test_05734,0.46289123309915836
test_05735,0.1230047372625469
test_05736,0.35484451279784973
test_05737,0.00015768498915373538
test_05738,0.17953102169120183
test_05739,0.004636151929746619
test_05740,0.49897000302867855
test_05741,0.005152897840274652
test_05742,0.12950735542788727
test_05743,0.005064516176673462
test_05744,0.01535285604130891
test_05745,0.9870432317305265
test_05746,0.006445941476929589
test_05747,0.518398728199741
test_05748,0.49065579120083674
test_05749,0.9999868187062176
test_05750,0.24574288655824075
test_05751,6.290341670492082e-07
test_05752,0.008253057595241602
test_05753,0.0006066330794945715
test_05754,0.9999999966912436
test_05755,0.9981473891107665
test_05756,0.6945631372561212
test_05757,0.5019549950742509
test_05758,0.01050703814605419
test_05759,0.11645456487705692
test_05760,0.9913692350800157
test_05761,0.15521611514730563
test_05762,0.03868872499382323
test_05763,0.9999430914332439
test_05764,0.9976214783226717
test_05765,0.999987127687183
test_05766,0.01242390399200352
test_05767,0.010630201552692278
test_05768,0.018190309730460628
test_05769,0.7947809187820152
test_05770,0.9978569735895656
test_05771,0.43549071299614056
test_05772,0.4800079860853095
test_05773,0.9852332499504687
test_05774,0.939959418507464
test_05775,0.48238544164481434
test_05776,8.12710883808351e-08
test_05777,0.5782302485557951
test_05778,0.9947487711925853
test_05779,0.28029687270896414
test_05780,0.851000396522943
test_05781,0.9598858073185703
test_05782,0.9358105945949524
test_05783,0.9999033163872674
test_05784,0.9335587313175556
test_05785,0.9976475932740589
test_05786,0.7751910396206977
test_05787,0.47712695462321225
test_05788,0.9987670483183407
test_05789,0.7961255258987505
test_05790,0.8633927730397849
test_05791,6.072354910363801e-05
test_05792,0.49039589555241375
test_05793,0.9999180825511271
test_05794,0.9978425492072532
test_05795,0.9986443413200681
test_05796,0.9999132198735303
test_05797,0.9999907632822241
test_05798,0.9502970514219214
test_05799,0.9915949719892991
test_05800,0.999903065538667
test_05801,0.4494498247725151
test_05802,8.888521559262164e-06
test_05803,0.9999618031802967
test_05804,0.9067320761337535
test_05805,0.9951974780236981
test_05806,0.0036204684724861127
test_05807,0.00021236695565685567
test_05808,0.8150580053966192
test_05809,0.9672697799200702
test_05810,0.9998053083500007
test_05811,0.0438559060494935
test_05812,0.9999993387689593
test_05813,0.8929565154287467
test_05814,0.9999874685956798
test_05815,0.7786889287714777
test_05816,2.2250964222309783e-05
test_05817,0.9702001782512701
test_05818,0.999867101860158
test_05819,0.9958539884929184
test_05820,0.0006036664458081097
test_05821,0.8329551462970288
test_05822,0.30290164632647393
test_05823,0.784884684136646
test_05824,0.08226469502497129
test_05825,0.0736329596822575
test_05826,0.17148397150568187
test_05827,2.3555372890659808e-05
test_05828,0.33362451312325153
test_05829,0.07212969924027554
test_05830,0.023147460952366045
test_05831,0.00033445074378069716
test_05832,0.8433439952045877
test_05833,0.5511058464881513
test_05834,0.017895362428148976
test_05835,0.9999998943100133
test_05836,0.999917621376746
test_05837,0.0005550023739623479
test_05838,0.015352089081967701
test_05839,0.9365711287732226
test_05840,0.9984437998040618
test_05841,0.37616935876669455
test_05842,1.0002338858829373e-08
test_05843,0.9362152232113
test_05844,0.0029565454971497507
test_05845,0.0011543383331798442
test_05846,0.5294145215616141
test_05847,0.9065249664988894
test_05848,0.002324861786406723
test_05849,0.00024200341794131873
test_05850,0.4757692196383795
test_05851,0.024622203603573277
test_05852,0.9999944159373086
test_05853,0.9982709510028535
test_05854,0.37470145145485334
test_05855,0.9398665188644535
test_05856,0.9996509840839073
test_05857,0.9914201193837193
test_05858,0.003916156828486449
test_05859,0.02725863671722471
test_05860,0.00011996926698069118
test_05861,8.205487511508237e-07
test_05862,0.2200933247070762
test_05863,0.00019540907627193726
test_05864,0.3687759769546478
test_05865,2.6418756276845878e-08
test_05866,0.5510611680182459
test_05867,0.9164411410208895
test_05868,0.8542955241030487
test_05869,0.999354365888458
test_05870,0.03649787153968279
test_05871,0.982089543359007
test_05872,0.9194716147863856
test_05873,0.011132499472835265
test_05874,0.09340597936045644
test_05875,0.006993275987441102
test_05876,0.08644995581683787
test_05877,0.9992756572595991
test_05878,0.9999993549560147
test_05879,0.9997534839826354
test_05880,0.9090370845939164
test_05881,0.999999022916009
test_05882,0.9999998943100133
test_05883,0.9999506660347638
test_05884,0.9196228154801342
test_05885,0.0696327995061582
test_05886,0.07935087047328816
test_05887,0.010464729993696964
test_05888,0.0006976704784198627
test_05889,0.014866509639491134
test_05890,1.440322859619571e-08
test_05891,0.022942634232105446
test_05892,0.9994877537860352
test_05893,0.09178270852150923
test_05894,0.6780513609682923
test_05895,2.4671039213319923e-05
test_05896,0.9986201310511827
test_05897,0.7652609232407819
test_05898,8.711790476816292e-07
test_05899,0.9999998084278674
test_05900,0.9999533349576881
test_05901,0.9999288035462349
test_05902,0.9995399775328659
test_05903,0.8721364272890495
test_05904,0.00024846272082994935
test_05905,0.4407346038090636
test_05906,0.4992100005311856
test_05907,0.7416479694855963
test_05908,0.0017757323575844886
test_05909,0.023725812146150282
test_05910,0.9995378502922748
test_05911,3.6955660478368545e-05
test_05912,0.14643669522567607
test_05913,0.003604678225923141
test_05914,0.13404077593839975
test_05915,0.22896876987752857
test_05916,1.5230648056129722e-05
test_05917,0.00099457800570615
test_05918,0.6886063250035835
test_05919,0.9996715862889621
test_05920,0.03830109993510734
test_05921,0.9999921159578564
test_05922,0.9999999569202423
test_05923,0.9895945677263193
test_05924,0.0021658249769863683
test_05925,7.228120144381033e-09
test_05926,0.0002563294385671027
test_05927,5.702364230645481e-05
test_05928,0.9999991612308274
test_05929,3.1707579527925875e-06
test_05930,0.26556189306386163
test_05931,0.9614980619767255
test_05932,0.0007476421667864177
test_05933,0.0009088307527755224
test_05934,5.739455824423351e-06
test_05935,0.005608986551423417
test_05936,0.956239281653012
test_05937,0.13424137653702306
test_05938,0.9999999996934289
test_05939,0.06302903885008208
test_05940,0.3845847773340834
test_05941,0.9999348035788767
test_05942,4.9530128261135184e-08
test_05943,0.9999970830764573
test_05944,0.9987974534849429
test_05945,0.04007869027318832
test_05946,0.0819627545756487
test_05947,0.9899397088780737
test_05948,0.9974339900861018
test_05949,0.9685308497229456
test_05950,0.0017855608119148826
test_05951,0.0008855077346464146
test_05952,0.04186397112766064
test_05953,0.9999999629320999
test_05954,0.00019098134624821628
test_05955,0.7571491418314151
test_05956,0.4730845158959923
test_05957,4.271425976826315e-06
test_05958,5.799804071261036e-06
test_05959,0.9999233382886649
test_05960,9.335436428210615e-05
test_05961,0.9998191718567463
test_05962,0.9999967573134029
test_05963,0.9948814182657852
test_05964,0.6045127631441971
test_05965,0.00018069031809075418
test_05966,0.01111791370866061
test_05967,0.966444483511208
test_05968,0.9997540501649799
test_05969,6.293933628403483e-06
test_05970,0.9906243025168261
test_05971,0.000531711852812015
test_05972,0.9551310790275013
test_05973,0.007605260099034161
test_05974,0.06401606002124259
test_05975,0.9995375141915566
test_05976,0.38805420081666697
test_05977,0.9965281761921229
test_05978,0.9999891210884327
test_05979,0.007598630724935901
test_05980,0.0006784918063531837
test_05981,0.8639280102734763
test_05982,0.9981378031152283
test_05983,4.076598869725297e-06
test_05984,0.00043261878817374405
test_05985,0.11669163671145563
test_05986,0.9356991412474827
test_05987,0.9999943325577487
test_05988,0.9999995994440911
test_05989,0.9999999504698718
test_05990,0.9927125909751635
test_05991,0.999440921069415
test_05992,0.9820567991186414
test_05993,0.9994750194079223
test_05994,0.0030718092847474778
test_05995,0.39967560020694065
test_05996,0.3282447364481711
test_05997,0.999110232373392
test_05998,0.712681500999748
test_05999,0.01086966150578818
test_06000,0.9999932440615649
test_06001,0.9998303121508592
test_06002,0.907111052205108
test_06003,0.9999527443258105
test_06004,0.00010419551584062548
test_06005,0.9995222484589079
test_06006,0.9999998703087063
test_06007,0.0056102708345340535
test_06008,0.05017826729249971
test_06009,0.03510276277445392
test_06010,0.7523103529727928
test_06011,0.7287040117052145
test_06012,0.9990791465335206
test_06013,0.6663709272188777
test_06014,0.0009630140337441079
test_06015,0.0006843949954055971
test_06016,0.012348935677803546
test_06017,0.0002968504422686152
test_06018,0.19794535971803393
test_06019,0.821758711330039
test_06020,0.5575679410492355
test_06021,0.06844459645424412
test_06022,0.019015794794932487
test_06023,0.08737924908992399
test_06024,0.9286313220384917
test_06025,0.9159847126206676
test_06026,0.17556688995325753
test_06027,0.9451259427299112
test_06028,0.0001990186991639768
test_06029,0.14641255840150763
test_06030,0.999615100349286
test_06031,0.4419420410143276
test_06032,0.08751850044129836
test_06033,0.00030573898442169705
test_06034,0.9681739682715976
test_06035,0.0020699523303108766
test_06036,0.9999110236412029
test_06037,0.0002336595936130019
test_06038,0.9963006883647084
test_06039,0.00020975101611084117
test_06040,0.3629836297136074
test_06041,0.13040432595542822
test_06042,0.9997906954786533
test_06043,0.0067164498407732386
test_06044,0.999940183125017
test_06045,0.4752152707937815
test_06046,0.010644424221833763
test_06047,0.06266856625563395
test_06048,0.9769628960923546
test_06049,0.004436815397160119
test_06050,0.028106212797597088
test_06051,1.7597887455032853e-05
test_06052,0.9999624265381867
test_06053,0.01270240784871582
test_06054,0.005633046913389766
test_06055,0.0022804774308229263
test_06056,0.9999967573672622
test_06057,0.9999918884721188
test_06058,0.9999998843215049
test_06059,0.9984624521335497
test_06060,0.9959189639210414
test_06061,0.0053068179021719805
test_06062,0.7295182683572775
test_06063,0.9482176024622652
test_06064,0.9999591622079484
test_06065,2.0615916670468358e-05
test_06066,0.03344540705760198
test_06067,0.4972050408311865
test_06068,0.9999956450439542
test_06069,0.9992882153975469
test_06070,1.5586591211814998e-05
test_06071,0.00042969974573356894
test_06072,0.9999505235032816
test_06073,0.9665228057548402
test_06074,0.0013281589647743005
test_06075,1.6413112219308333e-05
test_06076,0.9956007409660586
test_06077,0.5013200319653751
test_06078,0.0021213629490384593
test_06079,0.9970899004918689
test_06080,0.9958416515714789
test_06081,0.5773564823290087
test_06082,0.9761688253116393
test_06083,0.0001607892624407318
test_06084,0.0002053049934192162
test_06085,0.9183130849969314
test_06086,0.0015360712030594215
test_06087,0.052659960552210255
test_06088,0.29924263070985757
test_06089,0.9585917139979404
test_06090,0.9561989200124605
test_06091,0.9489277081413805
test_06092,4.3653918851626446e-06
test_06093,0.29420744506105984
test_06094,0.9999745198718943
test_06095,0.48139144080951485
test_06096,0.9999999007058171
test_06097,0.008923485363505996
test_06098,0.0003644973041971066
test_06099,3.338853110797696e-07
test_06100,2.3250641377276773e-06
test_06101,0.002170145989064942
test_06102,0.9342967764906647
test_06103,0.9999848871568384
test_06104,0.9999395532509215
test_06105,0.9972140257834309
test_06106,0.9995995506466716
test_06107,0.8824735892832326
test_06108,0.3844936132698878
test_06109,0.048910243068097575
test_06110,0.501424965349204
test_06111,0.0008133823401467701
test_06112,0.9999277265179094
test_06113,0.026251240218968953
test_06114,0.0008688893018667841
test_06115,0.9999994176952416
test_06116,0.9996769148453715
test_06117,0.0008343141057923814
test_06118,0.0015106362746174348
test_06119,0.9999985805451811
test_06120,0.5031599384918062
test_06121,0.9572438651602607
test_06122,0.08152381384846845
test_06123,0.1603784105997261
test_06124,0.39024014639390203
test_06125,0.9999468917788327
test_06126,0.1329150983209989
test_06127,0.284711744520516
test_06128,0.8883649589376579
test_06129,0.5390253544555123
test_06130,0.6764545469155464
test_06131,0.12188136670461013
test_06132,0.999999980395517
test_06133,0.3121700530573217
test_06134,0.04076498735031432
test_06135,0.00017609680834513883
test_06136,0.9999999984002946
test_06137,0.9999984523438354
test_06138,0.9962744269748156
test_06139,0.9980056424403326
test_06140,0.9683633504525987
test_06141,0.9966884650104105
test_06142,0.5589387982989545
test_06143,0.011467329810199146
test_06144,0.857128515503449
test_06145,0.0002591462696196534
test_06146,7.813867650927357e-05
test_06147,0.7213720224968871
test_06148,0.0006115533990911276
test_06149,0.04232978801748622
test_06150,0.020569248905214683
test_06151,0.8437454507401356
test_06152,4.396900155449285e-06
test_06153,0.999843599311012
test_06154,3.061262287811397e-05
test_06155,0.9998078810560781
test_06156,0.013096569028080228
test_06157,0.023436054055060555
test_06158,0.05159231869257048
test_06159,0.37426807999053197
test_06160,0.9914026327819604
test_06161,0.26967702065332116
test_06162,0.5907549324321041
test_06163,0.983164692560095
test_06164,0.8934486576395015
test_06165,0.00033911058913275934
test_06166,0.038585918770973185
test_06167,0.36942081379804526
test_06168,0.4337039901473332
test_06169,0.9999878576592407
test_06170,0.3787136848328326
test_06171,2.7577674165091375e-09
test_06172,0.99868780889417
test_06173,0.9794116182855633
test_06174,0.002480178476757824
test_06175,9.607253360184926e-06
test_06176,0.6392074378858711
test_06177,0.9999819336935538
test_06178,0.9999656718042621
test_06179,0.6282720182737868
test_06180,0.9995809155849853
test_06181,0.10369610142222738
test_06182,0.03971784718697466
test_06183,0.9999887189622437
test_06184,0.6619259004916594
test_06185,0.1513946317553304
test_06186,0.9999789232718259
test_06187,0.11942314271883984
test_06188,0.6301427765867696
test_06189,0.00041377610600867886
test_06190,0.9977698990836322
test_06191,0.00010114591572560568
test_06192,0.0003715676592899944
test_06193,0.9110657527315522
test_06194,0.9389697069664651
test_06195,0.3742776161228661
test_06196,1.2236836687136296e-06
test_06197,0.9999673111978437
test_06198,0.008044644855776831
test_06199,0.9920993881931944
test_06200,0.9964776851417232
test_06201,0.9982749970693119
test_06202,0.013363968864032868
test_06203,0.05948497595295546
test_06204,0.02414491404690054
test_06205,0.507769503021894
test_06206,0.06704365422156086
test_06207,0.9427021211846822
test_06208,0.05441287852503279
test_06209,5.191603213536703e-07
test_06210,0.9830406790812705
test_06211,0.9999684005172029
test_06212,0.9999958928946273
test_06213,0.01709937564927598
test_06214,0.3722270481226531
test_06215,0.5701316152424932
test_06216,0.8972752604032933
test_06217,0.9998252624221535
test_06218,0.9989774052820914
test_06219,0.12905881061704536
test_06220,3.817342019716988e-06
test_06221,1.682301393191094e-07
test_06222,3.423939610573198e-05
test_06223,0.13219808651051165
test_06224,0.9983583777130061
test_06225,0.9995739611940361
test_06226,0.9938255478610721
test_06227,6.060474093509143e-05
test_06228,0.9976214767295053
test_06229,2.5275708426493936e-07
test_06230,0.6245695666399493
test_06231,2.3286553505902072e-05
test_06232,0.05702423265556204
test_06233,1.8274287503065969e-06
test_06234,0.9991072279948139
test_06235,0.0023886914866525985
test_06236,0.00016709204580152745
test_06237,0.9642961300143268
test_06238,0.009843181102325637
test_06239,0.9166108367603858
test_06240,0.6623814804590823
test_06241,0.9884446662931625
test_06242,0.34327611586558926
test_06243,0.9885694450064111
test_06244,0.14578574730850644
test_06245,0.9266906411922353
test_06246,0.9999980345214785
test_06247,0.9600795205619502
test_06248,0.9999998843215049
test_06249,0.9511746225586407
test_06250,0.9999963952993118
test_06251,0.002612195643177208
test_06252,0.7258537138604668
test_06253,0.009930292809293416
test_06254,0.9999779389197289
test_06255,0.004266987065969261
test_06256,0.9994865703264991
test_06257,0.9999355401324841
test_06258,0.9999929402210955
test_06259,0.6949523840081583
test_06260,0.9999923401903924
test_06261,0.3632714020269055
test_06262,0.4491521794406219
test_06263,0.9416355691821459
test_06264,0.9701215060303945
test_06265,0.9585749969377091
test_06266,0.5860873780744338
test_06267,0.9895982307658565
test_06268,0.9999990474944812
test_06269,0.4884215622372809
test_06270,0.7846450764325469
test_06271,0.9806986272961075
test_06272,0.9999981590538843
test_06273,0.8594609674155336
test_06274,0.9719728829062734
test_06275,0.9999646265539723
test_06276,0.22533778298581744
test_06277,0.9210648443258685
test_06278,0.044461713587031805
test_06279,7.562668848254802e-06
test_06280,0.033088451198147684
test_06281,0.9976390839322188
test_06282,0.9991301750094951
test_06283,0.00014446620743651102
test_06284,0.5749786792975777
test_06285,0.012207166635204382
test_06286,0.9958536275851243
test_06287,0.05514129067319439
test_06288,0.9777179112593519
test_06289,0.20727607596681233
test_06290,7.581767893378179e-05
test_06291,0.010374943042640096
test_06292,0.00545144658601988
test_06293,0.00012915116900925436
test_06294,0.0792197812038284
test_06295,2.865770936858613e-06
test_06296,0.15626710206780806
test_06297,0.9563228279207173
test_06298,0.9999976901805487
test_06299,0.9959085367476187
test_06300,0.9998365993746737
test_06301,0.02464757892932409
test_06302,0.7288131768878219
test_06303,9.247042795231275e-05
test_06304,0.9819945855104738
test_06305,0.016460104865374015
test_06306,0.0034439496559430555
test_06307,0.37488248599377366
test_06308,0.4718024577453968
test_06309,0.9994323457092338
test_06310,6.690845779660444e-06
test_06311,0.0028037758813714993
test_06312,0.20751103357355946
test_06313,0.09202658427924842
test_06314,0.00041589508581572736
test_06315,0.09326102917727076
test_06316,0.22211719951485653
test_06317,0.9850521990197794
test_06318,0.9999987315400186
test_06319,0.4949151400248485
test_06320,0.9999991427823143
test_06321,0.9954920904667793
test_06322,0.9975949374548023
test_06323,0.43344741183687513
test_06324,0.0076292438414340595
test_06325,0.9999619596459549
test_06326,0.9558258899512637
test_06327,6.89418339905764e-08
test_06328,0.8918296639890096
test_06329,0.21887534471367026
test_06330,4.001139432133497e-08
test_06331,0.0016411841088545326
test_06332,0.02592959545959479
test_06333,0.9997440003313779
test_06334,0.000172169314246207
test_06335,0.5646031367112169
test_06336,0.02885883206732569
test_06337,0.012497773392885674
test_06338,0.9516082454657017
test_06339,0.9972064440795809
test_06340,0.9999102048972383
test_06341,0.00040692744834238103
test_06342,0.9990789864084904
test_06343,0.03158941681809012
test_06344,0.02034130918020363
test_06345,0.12127882781023036
test_06346,0.8289058153273274
test_06347,0.0006323599340135411
test_06348,0.99999473177882
test_06349,0.23113523611734965
test_06350,0.0013868579852248611
test_06351,0.9999089452783665
test_06352,0.9998636001537808
test_06353,8.296067121513926e-07
test_06354,0.13451960823190476
test_06355,0.953695972591463
test_06356,0.9999816970930221
test_06357,0.09160975219385187
test_06358,0.9281858888308474
test_06359,0.9999999589743912
test_06360,0.9999984523066674
test_06361,0.10265402285772336
test_06362,0.12123567080352872
test_06363,0.7892995849353011
test_06364,0.3738443349722379
test_06365,0.17398654273166986
test_06366,0.9948048560027795
test_06367,0.9874580547772883
test_06368,0.9259189145531377
test_06369,0.9999922564426803
test_06370,0.9999951607087298
test_06371,0.006838224191320284
test_06372,0.5338212219748902
test_06373,0.9999999957726605
test_06374,0.9837980580119897
test_06375,0.00141257323255716
test_06376,0.07465916731569856
test_06377,0.8802370914530248
test_06378,0.9970701728551791
test_06379,8.805680722882065e-07
test_06380,0.01729595625219212
test_06381,1.15612895986582e-08
test_06382,0.9559461081238414
test_06383,0.14063624892734566
test_06384,0.9991696500994417
test_06385,0.9642337728574859
test_06386,0.999999974393802
test_06387,0.9560386657534806
test_06388,0.9986571468058114
test_06389,0.24387946259996704
test_06390,0.41187520557300294
test_06391,1.2403927666982955e-06
test_06392,0.012092976854257817
test_06393,0.0003443816328240362
test_06394,0.9439750128976414
test_06395,0.1914778883065065
test_06396,0.3379360496299593
test_06397,0.0007754389978135363
test_06398,0.8927762802907188
test_06399,0.00102072586054747
test_06400,0.00014545238836318662
test_06401,0.874352689476819
test_06402,0.912131644274005
test_06403,0.09623542749939479
test_06404,0.6464935613422352
test_06405,9.716777415773243e-06
test_06406,8.102000736736987e-09
test_06407,0.00013467307190451484
test_06408,3.8259123743530404e-05
test_06409,0.9439112128258496
test_06410,0.9972650418291127
test_06411,0.07870708314608531
test_06412,0.8396215894002739
test_06413,0.00016458261499654317
test_06414,0.9324693665728656
test_06415,0.046637549252636294
test_06416,0.9960747059687334
test_06417,0.5083044105994297
test_06418,0.04628165122395482
test_06419,0.9999096247117226
test_06420,5.279703351515928e-06
test_06421,0.9914925901774927
test_06422,0.9999997973175175
test_06423,0.9900554449853519
test_06424,0.9851019075611435
test_06425,0.008572235014042891
test_06426,0.02070252965994745
test_06427,0.8643899519835744
test_06428,0.9873126645648264
test_06429,4.1580812421603675e-06
test_06430,0.05047833501749655
test_06431,0.9997181835968487
test_06432,0.0003786078529917236
test_06433,0.9950638586562733
test_06434,0.9999819552766116
test_06435,0.8754521398487164
test_06436,0.1082055897604524
test_06437,0.31229059701645345
test_06438,0.05276665972345425
test_06439,0.9829332527241988
test_06440,0.001449984023729039
test_06441,0.504854892498093
test_06442,0.0008133823401467701
test_06443,0.042617031694653425
test_06444,0.0010154663393463035
test_06445,0.0003166035352237124
test_06446,0.9833766042408332
test_06447,0.993973585975914
test_06448,0.9989997171834343
test_06449,8.556261581884258e-09
test_06450,0.9883112592297268
test_06451,0.9995975711684848
test_06452,0.9999461126253258
test_06453,0.0014316199112555908
test_06454,0.996195710768766
test_06455,0.9999188181821641
test_06456,5.482265721735394e-05
test_06457,0.6313756787111288
test_06458,0.06154315529461165
test_06459,0.9999647467984578
test_06460,5.595532155543672e-05
test_06461,0.0332562904558236
test_06462,0.9999914236501457
test_06463,0.9999949033833939
test_06464,0.00014274864991547386
test_06465,0.05901923165552575
test_06466,0.030324392713420325
test_06467,0.4934352783476375
test_06468,0.052970735088809645
test_06469,0.8993049317073302
test_06470,0.9935331505364909
test_06471,5.2444674028236824e-05
test_06472,0.15264992603639518
test_06473,0.9999985140814664
test_06474,2.9191853858393803e-07
test_06475,0.9212618349900019
test_06476,8.342089104385248e-07
test_06477,0.03539810487001506
test_06478,0.9942996095326283
test_06479,0.9997490920749345
test_06480,0.9582411445921789
test_06481,0.00016346587298845882
test_06482,0.8409672290448992
test_06483,0.09821938574478009
test_06484,2.211194410224301e-07
test_06485,0.9999784809073782
test_06486,0.9366272975767802
test_06487,0.0025246906313857
test_06488,0.9999987596072333
test_06489,4.9169076159514286e-06
test_06490,0.9999999974989201
test_06491,0.07710561534546333
test_06492,0.9984651958805553
test_06493,1.5010526520678944e-08
test_06494,0.9906713657294278
test_06495,2.2517086706729835e-10
test_06496,0.012753869814396761
test_06497,0.9901709970394029
test_06498,0.9997224180376096
test_06499,2.4647644218404927e-06
test_06500,0.04787210449938498
test_06501,0.00011929811188012239
test_06502,0.9975274719850259
test_06503,0.03978305779744352
test_06504,3.222773124743527e-05
test_06505,0.00405735124586644
test_06506,0.9949419680762658
test_06507,0.9961244765617553
test_06508,0.9999964806077533
test_06509,0.03480016882053552
test_06510,0.898916440766203
test_06511,0.8655291621646741
test_06512,0.6990973178585392
test_06513,0.8849017916791193
test_06514,0.0892719168139399
test_06515,0.999999778894586
test_06516,0.9999996243871793
test_06517,0.7907961225319513
test_06518,0.5039499381803606
test_06519,0.00010305302337393163
test_06520,0.020221141934322374
test_06521,0.983402286627573
test_06522,0.9999332769022223
test_06523,0.9844518756698302
test_06524,0.04815749591420455
test_06525,0.03307632227623776
test_06526,0.9998001829761104
test_06527,0.06279818813260148
test_06528,0.9974236718191312
test_06529,3.423939610573198e-05
test_06530,0.7625474025946102
test_06531,0.9958496348260952
test_06532,0.9096224726945638
test_06533,0.9999265984251503
test_06534,0.9213177694835245
test_06535,0.9997002910784126
test_06536,0.7231211452431882
test_06537,0.010484954550274525
test_06538,0.9938404892666556
test_06539,0.17759668020135227
test_06540,7.218667743037081e-05
test_06541,0.8731920409794637
test_06542,1.289041136454251e-05
test_06543,0.09557339494137178
test_06544,0.9710595302414503
test_06545,0.9066423618564309
test_06546,0.1882134092047653
test_06547,0.944827126940879
test_06548,0.9932797463817882
test_06549,0.0018203075740963488
test_06550,0.991619240866353
test_06551,0.0185643063682929
test_06552,0.5512893735941187
test_06553,0.9989536276013529
test_06554,0.6931415577331451
test_06555,0.09568314710793403
test_06556,0.9999995369712672
test_06557,0.011591043674543954
test_06558,0.9519738913845557
test_06559,0.00011264378853369846
test_06560,0.2166865951226037
test_06561,0.17727656420954396
test_06562,3.028349820250347e-07
test_06563,0.05663979273225546
test_06564,0.9554640153419558
test_06565,0.9539239572439463
test_06566,0.7179656974828617
test_06567,0.6635677493863394
test_06568,0.060270385382475464
test_06569,0.11264378819273121
test_06570,0.00011454858781680195
test_06571,0.04942436763462907
test_06572,0.00015321289821391783
test_06573,0.055890777436322446
test_06574,0.35948470537425775
test_06575,0.06563098394995655
test_06576,0.02131800353127835
test_06577,2.7562024216932024e-09
test_06578,0.9773722135547418
test_06579,0.4394832731481498
test_06580,0.6845195204975492
test_06581,0.00605281361138272
test_06582,0.9985381151404201
test_06583,0.1268134922335156
test_06584,0.98389198475411
test_06585,0.1076650061477991
test_06586,1.0730020215674096e-05
test_06587,0.9999649266875629
test_06588,0.43351154656186164
test_06589,0.9998825359202653
test_06590,0.0002642390617969497
test_06591,0.00036182699862503703
test_06592,0.9744913850117525
test_06593,0.9065203544555489
test_06594,0.9991500338049865
test_06595,0.21171974307302846
test_06596,0.8290081156778296
test_06597,0.3968127311550533
test_06598,9.842537884640433e-06
test_06599,0.00011536973464595115
test_06600,0.09976496431938729
test_06601,0.0457894527979283
test_06602,0.47047579446183585
test_06603,0.06578661841507184
test_06604,0.2521856181380718
test_06605,0.048585197147827226
test_06606,0.9447672413434043
test_06607,0.0001729108808355317
test_06608,0.9999683150763431
test_06609,0.9176139077865213
test_06610,0.01066422530293792
test_06611,0.9238560894225206
test_06612,0.04750131705911171
test_06613,0.0004400160478219264
test_06614,0.0071090284427144145
test_06615,0.2424049789015192
test_06616,0.5464195377540368
test_06617,0.9769404592108921
test_06618,0.04378522304510632
test_06619,0.007700942208190499
test_06620,0.44874533815842127
test_06621,3.5193922467031476e-06
test_06622,4.5427458376111126e-05
test_06623,3.1372379481925556e-05
test_06624,0.9999828850949939
test_06625,0.9952190925131554
test_06626,1.193265252844012e-05
test_06627,7.669593228616866e-07
test_06628,0.9825226854664569
test_06629,0.00017311322697843027
test_06630,0.007523426790055854
test_06631,0.0034064277423830635
test_06632,0.010839010072310841
test_06633,0.00010750284549395354
test_06634,0.7621376492763166
test_06635,0.0012136912147278874
test_06636,0.030748767936721766
test_06637,0.00038694124859368656
test_06638,0.3434103100568
test_06639,0.5751261348659554
test_06640,0.9999992020649293
test_06641,0.001074276786901348
test_06642,0.7400035698597203
test_06643,0.9997744575761818
test_06644,0.9999860770841486
test_06645,0.9999997267142584
test_06646,0.9999972602233729
test_06647,0.9328718799494838
test_06648,0.41088906341577724
test_06649,0.48161121567160226
test_06650,0.0023140525619529165
test_06651,0.9996811819409834
test_06652,0.00046147722015972917
test_06653,0.9989387703408068
test_06654,0.6084196716740683
test_06655,9.281831975273289e-07
test_06656,0.9995820868343902
test_06657,0.9999373623274266
test_06658,0.04806122369143889
test_06659,0.9893524792311216
test_06660,0.7297824306838382
test_06661,0.005893191212521185
test_06662,0.00046529382779685204
test_06663,5.5085864650810584e-05
test_06664,2.586404213678908e-05
test_06665,0.06293880341558121
test_06666,0.20537609583771246
test_06667,0.9999896457999388
test_06668,0.45466359422508273
test_06669,0.01134822688442513
test_06670,0.03293325281051236
test_06671,0.9999943085801667
test_06672,0.3325578352291504
test_06673,0.0001513788590717765
test_06674,0.9998909038100592
test_06675,0.00012408952378579344
test_06676,0.7218267815528829
test_06677,0.9999982063062516
test_06678,0.9863397271642557
test_06679,0.01176920723707616
test_06680,0.00013502929051109857
test_06681,0.9324618409563733
test_06682,7.845400244632819e-05
test_06683,0.578770090684218
test_06684,0.01795916054855739
test_06685,0.9969312635553771
test_06686,0.9869786534201254
test_06687,0.10374271946731423
test_06688,0.49679005473309445
test_06689,0.9880046924433938
test_06690,0.8609760454183744
test_06691,0.0006040527995854136
test_06692,0.9916488497320497
test_06693,0.9308635056238445
test_06694,0.9997485200444745
test_06695,0.4914955986031611
test_06696,0.9855146200817989
test_06697,0.998761219968258
test_06698,1.5826228549651115e-05
test_06699,0.8320582688850238
test_06700,0.9999998317576267
test_06701,0.9873236223545806
test_06702,0.9922589431418957
test_06703,0.00883102353841084
test_06704,0.999999961955681
test_06705,0.9898484904078522
test_06706,0.746245940332763
test_06707,0.0007384477847365732
test_06708,0.9146040151112391
test_06709,0.5363667567203205
test_06710,0.9751457237280362
test_06711,0.9957730656112823
test_06712,0.1514130639117678
test_06713,0.999966144467472
test_06714,0.5216148743801541
test_06715,5.9214519832726124e-06
test_06716,0.9972303135345825
test_06717,0.9951517142516761
test_06718,0.9300826027365006
test_06719,0.9656935699441458
test_06720,0.9169538917562282
test_06721,0.02032411484694538
test_06722,0.9999885833213724
test_06723,0.9987354777892505
test_06724,0.10465575958904517
test_06725,0.46266223468152967
test_06726,0.9979920083765681
test_06727,0.4420657987934383
test_06728,0.10749438085601251
test_06729,0.00011032565186957077
test_06730,0.0968837884507809
test_06731,0.6352273765442433
test_06732,0.059022693419810084
test_06733,0.7619760035522237
test_06734,0.0010793449376273175
test_06735,0.9949151945141668
test_06736,0.9999887190630132
test_06737,0.99999931822178
test_06738,0.9999945809038646
test_06739,0.9500378465261491
test_06740,0.8042887368158604
test_06741,0.9952695683860526
test_06742,0.9999800655320694
test_06743,0.9999740073421706
test_06744,0.0806439845604754
test_06745,9.772177882204363e-08
test_06746,0.9798914054659236
test_06747,0.9775896086397213
test_06748,0.40163075855616603
test_06749,0.9977740261878557
test_06750,0.9039660482366465
test_06751,0.09383931978669896
test_06752,0.003504780754112236
test_06753,0.003263689172070723
test_06754,0.00022169291092285882
test_06755,0.8992519134466133
test_06756,0.1027393984267655
test_06757,0.9999301271319578
test_06758,0.0005079988107718584
test_06759,0.05649454493996926
test_06760,2.5582343497416468e-05
test_06761,0.9982542574929967
test_06762,0.9987455432785047
test_06763,0.9999357029101728
test_06764,0.5989807695355075
test_06765,0.9802365961512024
test_06766,3.309489100605261e-05
test_06767,0.0001275870158800405
test_06768,0.9999999526743213
test_06769,0.0059210301921894335
test_06770,0.16006682500399932
test_06771,0.9990094391709853
test_06772,0.08548750166401543
test_06773,0.9986913016078276
test_06774,0.16230656706238691
test_06775,0.11365025805239704
test_06776,0.9960373227192102
test_06777,0.9647686836289169
test_06778,0.0010472342879325992
test_06779,0.9884977738624845
test_06780,0.9997363477560341
test_06781,0.9094328696646904
test_06782,0.9836569579243075
test_06783,0.4134238653409509
test_06784,0.0008332459461917512
test_06785,0.9988151717806313
test_06786,0.9804900634162258
test_06787,0.003300336414845236
test_06788,0.0003396843125790417
test_06789,0.4512067306603943
test_06790,0.8863030532066024
test_06791,0.9614794145825319
test_06792,0.9988635367614506
test_06793,0.05238253162246799
test_06794,0.9502034707368325
test_06795,5.823988804206358e-06
test_06796,0.9998571295629992
test_06797,0.40165503463875657
test_06798,0.9999999782397824
test_06799,0.018594319088679857
test_06800,7.604177060342621e-06
test_06801,0.7349369211037518
test_06802,0.037593366040691724
test_06803,0.07208259649040884
test_06804,0.8543045446495251
test_06805,0.0012064408300208728
test_06806,0.9995055633122196
test_06807,0.9049020922775668
test_06808,0.999999621308604
test_06809,0.7309843813304561
test_06810,0.5357193024389632
test_06811,0.999999110020653
test_06812,0.006330949011617198
test_06813,0.7380113756696992
test_06814,0.9999946158362736
test_06815,0.9952437811811105
test_06816,0.9999808461090813
test_06817,0.00011253528760782488
test_06818,0.9996019399820655
test_06819,0.5181590004625255
test_06820,0.04763939355168395
test_06821,0.8990323601967863
test_06822,0.3000018774554274
test_06823,0.007770958564552246
test_06824,0.9985667530578018
test_06825,6.021027122909548e-05
test_06826,0.016608944732588782
test_06827,0.01249505840727254
test_06828,0.9990631482969593
test_06829,0.9013360952287299
test_06830,0.04672902948741278
test_06831,0.011006613117534446
test_06832,1.207153756956396e-06
test_06833,0.001561945741843184
test_06834,0.07948419291258764
test_06835,3.4818375242916724e-06
test_06836,0.21838835001802626
test_06837,0.04937155649926548
test_06838,8.429764609449874e-06
test_06839,0.14206975928843635
test_06840,0.9007446963679988
test_06841,0.00215897124100188
test_06842,0.999952779209705
test_06843,0.00016412221609558758
test_06844,4.73321650495403e-08
test_06845,2.1410628072569032e-07
test_06846,0.9996235110987955
test_06847,0.9999183585685895
test_06848,0.4700419247073911
test_06849,0.7089815929284042
test_06850,0.0030061252197014685
test_06851,5.012751535816389e-07
test_06852,0.11839137033673862
test_06853,0.0894264658017683
test_06854,0.7384492073395804
test_06855,0.00020317393772527836
test_06856,8.40054792871157e-06
test_06857,0.4932153368093111
test_06858,0.01896800843901708
test_06859,0.8715284610233569
test_06860,0.8129893530577408
test_06861,1.4149355805463022e-05
test_06862,0.9880358210045114
test_06863,0.9758209610934129
test_06864,0.8016463054460199
test_06865,0.4896261235631938
test_06866,0.035580611254332185
test_06867,0.005034572967977781
test_06868,0.8314566316432993
test_06869,0.0003602502434530514
test_06870,0.9995059126951185
test_06871,0.9997775406457738
test_06872,0.15741027472414634
test_06873,0.0015457999074136577
test_06874,0.9360695973092397
test_06875,0.17329745533558527
test_06876,5.9816640929798964e-05
test_06877,0.9999979420753815
test_06878,0.3417545511454507
test_06879,0.7695906278346293
test_06880,0.09818853012690129
test_06881,0.9649915705239298
test_06882,0.009115718071835716
test_06883,0.1957646220994031
test_06884,6.410465389211125e-07
test_06885,0.8316235055481184
test_06886,0.000808718620478592
test_06887,0.8671390488365902
test_06888,0.8025268798347652
test_06889,0.9999731243964303
test_06890,0.4419469676213187
test_06891,4.871763874610845e-07
test_06892,1.5043295447343292e-06
test_06893,0.4856279984377932
test_06894,0.05764920623411073
test_06895,3.3981199921607124e-06
test_06896,0.9999999803913429
test_06897,0.5015749892266214
test_06898,0.18194496239599908
test_06899,0.224162140753168
test_06900,0.0011831731327889134
test_06901,0.9523256751171292
test_06902,0.2149169876659509
test_06903,0.9999064976517023
test_06904,0.9999724392885928
test_06905,0.9977179541927785
test_06906,0.625865219564788
test_06907,0.9986372207803832
test_06908,0.9999990328085355
test_06909,4.450982466199986e-05
test_06910,0.9999816539898978
test_06911,0.9999993509220745
test_06912,0.0004201511850269028
test_06913,0.01022506894148647
test_06914,0.9955390522549161
test_06915,0.19058961953756673
test_06916,0.9977187376753348
test_06917,0.003989601592551024
test_06918,0.8382150896147323
test_06919,0.9898641272314826
test_06920,0.9778733894907947
test_06921,0.9999277270332271
test_06922,0.9362261298226019
test_06923,0.8166577563951007
test_06924,0.0894264524438593
test_06925,0.48025770168316784
test_06926,0.0004094483553243722
test_06927,5.119350373066313e-06
test_06928,2.1305002428314725e-06
test_06929,0.6600782061921475
test_06930,0.00014013043728106918
test_06931,0.06499968958797474
test_06932,0.9999992677003429
test_06933,0.9997632585538456
test_06934,0.006536351833835775
test_06935,3.1976563757135415e-06
test_06936,0.9999457771312206
test_06937,0.6727835589719183
test_06938,0.04026191237531254
test_06939,0.00016150570469232044
test_06940,0.9999109273817397
test_06941,0.25412857904726427
test_06942,0.10017769438407048
test_06943,0.10455214428862082
test_06944,0.47591898185535775
test_06945,2.9834297851827508e-05
test_06946,0.10684596167756281
test_06947,0.9998563329942314
test_06948,0.992523614948763
test_06949,0.9999997319139111
test_06950,0.48264522839921703
test_06951,0.0010329949475900763
test_06952,0.7719658902698094
test_06953,0.08225404963355856
test_06954,0.9067021909645023
test_06955,0.9993726459009193
test_06956,0.9279173918152185
test_06957,0.9645512573314974
test_06958,0.9999428616215388
test_06959,0.00019822115310245747
test_06960,0.00064924206364009
test_06961,0.8834506444556511
test_06962,0.00017582453015341446
test_06963,0.04197345251823782
test_06964,0.9999144020336811
test_06965,0.34726931186242543
test_06966,8.706512991778704e-05
test_06967,0.00011907537456496256
test_06968,2.6718643012028948e-05
test_06969,3.517551942325198e-08
test_06970,0.9999998975328821
test_06971,0.6642337415435322
test_06972,0.02872939798811282
test_06973,0.98433974745329
test_06974,0.025431948794972195
test_06975,0.9014431787553843
test_06976,0.9999323607990442
test_06977,0.8963652271149858
test_06978,7.705140267314947e-08
test_06979,0.5088543207607191
test_06980,0.9169795682005912
test_06981,0.9999982662666466
test_06982,0.99850376865007
test_06983,0.11941245225379865
test_06984,0.07205514133853119
test_06985,3.6251640613183745e-05
test_06986,0.7289181675920963
test_06987,0.020337684056166573
test_06988,0.023497196380993516
test_06989,0.002242508633667162
test_06990,0.9961003360714081
test_06991,0.9859518188229289
test_06992,0.448775142074139
test_06993,8.555079544424936e-05
test_06994,0.0005278604512779987
test_06995,4.263213087645016e-07
test_06996,0.10218157823573787
test_06997,0.9890845926676046
test_06998,1.9027633344578213e-06
test_06999,0.9908174097605978
test_07000,0.01909327051779075
test_07001,0.9925760204047277
test_07002,0.999995963838749
test_07003,8.498689646924461e-05
test_07004,0.9223265216278449
test_07005,0.8705038841451208
test_07006,0.9937414198871606
test_07007,0.00012793422340339933
test_07008,0.07799028731938984
test_07009,0.9999775821245714
test_07010,0.582128436166833
test_07011,0.9953653932342937
test_07012,0.8584159301436801
test_07013,0.31629680310142083
test_07014,0.9999111195614164
test_07015,0.9975822797392789
test_07016,0.9987084923198482
test_07017,0.0012584395336393654
test_07018,0.9982758969911948
test_07019,0.8336642129473945
test_07020,0.010967564278453981
test_07021,0.999796679248695
test_07022,0.0027027621232001563
test_07023,0.9932530999744491
test_07024,0.22311177074954133
test_07025,0.9990675258889402
test_07026,0.9999997765318023
test_07027,0.0002862574747790308
test_07028,0.8193510759457924
test_07029,0.6924585738340732
test_07030,0.7280147849188904
test_07031,1.5614829335166715e-07
test_07032,0.9919210948179269
test_07033,0.9999978548157615
test_07034,0.0033446128717830384
test_07035,0.05651817350811823
test_07036,0.0028640537575943354
test_07037,0.0034008988652993737
test_07038,0.9999835867660647
test_07039,0.0005075280150601621
test_07040,0.0173082834083252
test_07041,0.9931141639338835
test_07042,0.9999996544284395
test_07043,0.031387947939873304
test_07044,0.9973280906970818
test_07045,0.0940888341980223
test_07046,0.999012446160283
test_07047,0.9996606026118909
test_07048,0.0007198128709594048
test_07049,0.11964780752985682
test_07050,0.30471603300714917
test_07051,0.0008312643933418609
test_07052,0.9483996935025948
test_07053,1.2980988031949951e-05
test_07054,0.694571998045675
test_07055,0.9999917735090569
test_07056,0.960011375177871
test_07057,2.309210555274567e-05
test_07058,0.560081530762051
test_07059,0.47237112423027977
test_07060,0.9986003147313753
test_07061,0.9894653268815455
test_07062,0.03453032907852046
test_07063,0.1087402469843686
test_07064,1.7074340152270167e-06
test_07065,0.04771992777575989
test_07066,0.0021128298069649724
test_07067,0.9999997859075218
test_07068,0.9732543282631901
test_07069,0.7887958039716862
test_07070,0.00016955404827908305
test_07071,1.3291381624520522e-05
test_07072,0.9904573545967307
test_07073,0.945460086478818
test_07074,0.9919020894040194
test_07075,0.9720529473493876
test_07076,0.9999769080390345
test_07077,0.3633280091204333
test_07078,0.9113981598203272
test_07079,0.9856172902909363
test_07080,0.10382620161755002
test_07081,0.10888173973537453
test_07082,0.9999974156795531
test_07083,0.04881459758937597
test_07084,0.00025295453207108717
test_07085,0.19202319663470047
test_07086,0.8987689951562938
test_07087,0.005570432906425005
test_07088,0.8490296429623616
test_07089,0.0687585586832264
test_07090,0.06232189740570587
test_07091,0.0002791334592274006
test_07092,0.9999919741181004
test_07093,0.5873481948079423
test_07094,0.9715106668243452
test_07095,0.007151292128903242
test_07096,0.9854234124249883
test_07097,0.052511442269735045
test_07098,0.26835078660172795
test_07099,0.0001412235427852794
test_07100,0.050533441659880975
test_07101,0.9999865060341037
test_07102,0.9919464061628688
test_07103,0.9413078687572798
test_07104,0.9984849671262374
test_07105,8.559019030719878e-09
test_07106,0.9024273371180842
test_07107,0.004045895636270722
test_07108,0.5072046354522514
test_07109,0.7199205194565872
test_07110,0.8810894290370584
test_07111,0.0032570195786399483
test_07112,0.9998392107375592
test_07113,0.0019607391874333488
test_07114,0.9776643519775351
test_07115,0.5119433051220301
test_07116,0.34739477185310247
test_07117,0.00332949762507189
test_07118,0.08702397353868493
test_07119,0.010376159730143815
test_07120,2.798240341747245e-06
test_07121,0.46422093559471694
test_07122,0.9966692213886429
test_07123,0.4603873571458325
test_07124,0.9983732211024026
test_07125,0.9999990766434464
test_07126,0.9819583682646521
test_07127,0.9999552531213146
test_07128,1.2071209412725198e-06
test_07129,1.3150195206228672e-07
test_07130,0.9996456341697321
test_07131,0.9875639144794297
test_07132,0.0003822544315737281
test_07133,2.7111836787055996e-05
test_07134,0.9962191816844519
test_07135,5.627711205790486e-09
test_07136,0.9994464768151573
test_07137,0.8220221041670591
test_07138,0.00023381640926354563
test_07139,0.12019446712594774
test_07140,0.010713819391481996
test_07141,0.4738928047592623
test_07142,0.32108598314769077
test_07143,0.051170634667546795
test_07144,3.552408783989209e-05
test_07145,0.28917451973642283
test_07146,0.9999872538041773
test_07147,0.17554011710626272
test_07148,0.9127664963620308
test_07149,0.004726918486776368
test_07150,0.5981410783424058
test_07151,0.24748861427603663
test_07152,0.9813756342277022
test_07153,0.8599347324090912
test_07154,0.882690532104659
test_07155,0.00897104082099259
test_07156,0.0018673534867561712
test_07157,0.9241358495035417
test_07158,0.9582859347334848
test_07159,0.0351972663639217
test_07160,0.22049128024758885
test_07161,0.010095046926640703
test_07162,0.998899375202798
test_07163,0.9995834678075339
test_07164,0.7166476634138909
test_07165,0.761763047154578
test_07166,0.9998985459663051
test_07167,0.002599837454728903
test_07168,0.9992872321481819
test_07169,0.0007772029538829567
test_07170,0.999977125556784
test_07171,0.1928586592067004
test_07172,0.9998228799185869
test_07173,0.9309380473263621
test_07174,0.9854516291997653
test_07175,0.9948834570190984
test_07176,0.061971071324370464
test_07177,2.4034501650154915e-07
test_07178,0.7069587033916909
test_07179,0.3827143447648113
test_07180,0.1730913811020213
test_07181,0.24913551224777766
test_07182,0.08030375635989616
test_07183,0.004758176076596842
test_07184,0.00024160351600608756
test_07185,0.9948724413784842
test_07186,0.9835039526180069
test_07187,1.0895639820012863e-05
test_07188,0.5183738089566328
test_07189,1.8138808353127334e-06
test_07190,0.6803978968865415
test_07191,2.182027198801515e-06
test_07192,1.184584235822555e-05
test_07193,7.059735579196179e-05
test_07194,0.5336019715924003
test_07195,0.780841274323405
test_07196,0.9484156493324195
test_07197,0.49632002926543783
test_07198,6.742941239840644e-06
test_07199,0.0010881121526597139
test_07200,0.9898268153309839
test_07201,0.19728723743375717
test_07202,0.00019048442084929914
test_07203,0.9999324858017846
test_07204,0.5338361610586378
test_07205,1.251628670225181e-06
test_07206,0.7371843767654435
test_07207,0.999373828545951
test_07208,7.791418334195495e-05
test_07209,0.8578502018012429
test_07210,0.03345885715747692
test_07211,0.23856843701076008
test_07212,0.7996878593332715
test_07213,0.2765736805989129
test_07214,0.9996814596060367
test_07215,0.5126729811272509
test_07216,0.022661572600507298
test_07217,1.050944735844207e-08
test_07218,0.005331811010624945
test_07219,0.9999991795053381
test_07220,0.0001537842124508262
test_07221,0.9972650418291127
test_07222,0.00025525725791344646
test_07223,0.03706525504788806
test_07224,0.969860642576806
test_07225,0.3167906298909082
test_07226,0.3943513198982563
test_07227,0.9997148781301183
test_07228,0.0018636025958986887
test_07229,1.0664286562564264e-05
test_07230,0.10890702290225948
test_07231,0.04097781129152249
test_07232,0.43976022951975285
test_07233,0.9513640527320901
test_07234,0.9993412181374892
test_07235,0.9932115882135364
test_07236,0.00020324733770470327
test_07237,0.9999979564135221
test_07238,1.2126731377743958e-06
test_07239,0.9919216264010825
test_07240,0.10496944142451735
test_07241,8.902448190368745e-05
test_07242,0.8439960484138775
test_07243,0.015013484255461979
test_07244,0.9988646157623072
test_07245,0.12627935407275348
test_07246,0.8217181544551219
test_07247,0.9997193105811576
test_07248,0.9999815675012272
test_07249,0.0947538405352122
test_07250,0.011220292755538819
test_07251,0.0002469210508803392
test_07252,0.9987109919499885
test_07253,0.00043218576101067133
test_07254,0.1120821151298335
test_07255,0.5306212235960097
test_07256,0.05575175885900917
test_07257,0.9976632429960065
test_07258,0.022116138810226713
test_07259,0.485478067491548
test_07260,0.9998844104380945
test_07261,7.813515333693236e-06
test_07262,2.045592830527387e-05
test_07263,0.9999999504698718
test_07264,2.568244281021595e-06
test_07265,0.8066857719092096
test_07266,4.939169121460319e-06
test_07267,0.8891792148989367
test_07268,0.9488595112507225
test_07269,0.9816023827402228
test_07270,0.8545811889151849
test_07271,0.9997673635403248
test_07272,0.16715559031699648
test_07273,0.9182791592618813
test_07274,0.9776461582653994
test_07275,0.06207655401943516
test_07276,0.0029604591498445794
test_07277,0.9985228562798946
test_07278,0.7864350513893824
test_07279,0.0015874101725198238
test_07280,2.6035751194536024e-07
test_07281,0.0007910957923184691
test_07282,0.3162654542754921
test_07283,0.000281902753233937
test_07284,0.572947601929924
test_07285,0.9999790620824368
test_07286,0.14161069868131926
test_07287,0.7562801117377193
test_07288,0.06166777504676026
test_07289,0.17355361158546775
test_07290,0.00029117644249992915
test_07291,0.9991059616924605
test_07292,0.0669611424403989
test_07293,0.012559643479109157
test_07294,0.9999541618180807
test_07295,0.8463930030458917
test_07296,0.5772288191746192
test_07297,0.999998477182675
test_07298,0.001533537595727796
test_07299,0.5094441691180062
test_07300,0.06074575082948609
test_07301,0.9995046349204032
test_07302,1.225847107775471e-07
test_07303,0.9034219125236769
test_07304,0.02949090612428424
test_07305,0.06573656698819523
test_07306,0.4587952029181136
test_07307,0.003426954610953054
test_07308,0.14311549399536733
test_07309,0.0007713304239793156
test_07310,0.14038884319447892
test_07311,0.00020692941542225704
test_07312,0.9763594505326726
test_07313,0.025034318005751312
test_07314,0.896345605559383
test_07315,0.5518201150406228
test_07316,0.8867592045898756
test_07317,0.5958673606371861
test_07318,0.0009534857770932567
test_07319,0.9813214948814827
test_07320,0.9963176856769735
test_07321,0.5164255863181061
test_07322,0.6821219335715621
test_07323,0.08423545615258235
test_07324,0.5004850028804512
test_07325,0.28956799603882766
test_07326,0.9007184216201791
test_07327,0.9842092374660769
test_07328,0.9999609222855889
test_07329,0.028471587934436937
test_07330,0.14395353236268985
test_07331,0.00018221183891900606
test_07332,5.817880915781425e-05
test_07333,0.12545723065814243
test_07334,0.9783321544666108
test_07335,0.7657422858820881
test_07336,0.08329902452256145
test_07337,0.6051992953771168
test_07338,0.8598259469679971
test_07339,0.0006795879295450585
test_07340,0.9998472309143202
test_07341,0.25008826216436225
test_07342,0.06953107083965655
test_07343,0.9967828293999589
test_07344,0.5715351564296636
test_07345,0.00015327640782578645
test_07346,0.0001488692281688972
test_07347,0.0007054775088776322
test_07348,0.8137241724963209
test_07349,0.11681556427229718
test_07350,0.9395608742973537
test_07351,2.206093897884646e-05
test_07352,0.4030585357525146
test_07353,0.718884121169287
test_07354,0.8958788618854686
test_07355,0.9999995866523077
test_07356,0.9870674848529618
test_07357,0.9832897754610875
test_07358,0.737870873081774
test_07359,0.034005591303582695
test_07360,0.9975590280524173
test_07361,0.8139214720313547
test_07362,3.8259310359734454e-05
test_07363,0.9968716679468108
test_07364,0.18370968153466632
test_07365,0.9899379106462604
test_07366,0.9969121877054852
test_07367,0.861359161351434
test_07368,0.10033393537590535
test_07369,0.10315959231201055
test_07370,0.9532274310122887
test_07371,8.888043858354434e-05
test_07372,0.04314652446941571
test_07373,0.9999960140563993
test_07374,0.0004244291600347746
test_07375,0.4856629349508185
test_07376,0.22793769594882135
test_07377,0.0034240180453381035
test_07378,0.999301494168649
test_07379,0.004158709931565131
test_07380,0.6314278270635997
test_07381,0.003121505356690528
test_07382,0.9271497156908417
test_07383,0.9986183347193366
test_07384,0.6697953202798583
test_07385,0.0774538141797196
test_07386,0.276832184532452
test_07387,8.665034418211433e-07
test_07388,0.9815725254398318
test_07389,0.07699316265879992
test_07390,0.07373240454201638
test_07391,0.9999999954428297
test_07392,0.5713825037786067
test_07393,0.9963359961933768
test_07394,0.8664027467951909
test_07395,0.999998616123739
test_07396,0.00011807370153920714
test_07397,0.9860974905525607
test_07398,0.9999729406627111
test_07399,0.9987423206927352
test_07400,0.8548184966810205
test_07401,0.07271212410480024
test_07402,0.9855101815309744
test_07403,1.3516095264272978e-07
test_07404,0.09154381027924156
test_07405,0.999760155908384
test_07406,7.026342292266386e-08
test_07407,0.0006720693951011388
test_07408,0.12558669020399368
test_07409,0.9072027991986036
test_07410,0.9136356177135863
test_07411,0.39159964653180557
test_07412,2.3327738268092896e-06
test_07413,0.9999998213490896
test_07414,5.6430533444336845e-08
test_07415,0.430277254917775
test_07416,0.017416186232371473
test_07417,0.3723838893678765
test_07418,0.9991023150869877
test_07419,0.00016287639433457625
test_07420,4.411939361641783e-08
test_07421,0.49742503681441186
test_07422,0.9749092531912337
test_07423,0.9998603537525907
test_07424,0.010575906884941267
test_07425,7.519881450084513e-05
test_07426,0.16800380652411548
test_07427,0.3771378240251382
test_07428,0.033479636251660234
test_07429,0.7050213427092216
test_07430,9.622934054322083e-07
test_07431,0.9867564365705314
test_07432,2.654973238792005e-07
test_07433,0.06779854979077565
test_07434,0.21918515250085463
test_07435,5.119600389970021e-07
test_07436,0.0003735723238609608
test_07437,0.9675428958521266
test_07438,0.9964040426210795
test_07439,0.11699766241519177
test_07440,0.004730431613947422
test_07441,0.003833735643165871
test_07442,0.122390747521418
test_07443,0.9999552193776089
test_07444,0.0063922278601338195
test_07445,0.08949146654812153
test_07446,7.567065820501029e-10
test_07447,9.099634163743034e-06
test_07448,0.3042830111470853
test_07449,0.9974556663888973
test_07450,0.9998425079029589
test_07451,0.9642274044346444
test_07452,0.03395499605913726
test_07453,0.010651233626132734
test_07454,0.9886588259705571
test_07455,0.2545074460209153
test_07456,0.9995129646555948
test_07457,0.999994959928286
test_07458,0.9999979991686287
test_07459,0.9999985565268169
test_07460,0.05680046759611413
test_07461,0.999745813587302
test_07462,0.9217664167352032
test_07463,4.21755301836349e-05
test_07464,0.3086337187627242
test_07465,0.8110440624695958
test_07466,0.025098965581842603
test_07467,0.9163594438601247
test_07468,0.9971154978128677
test_07469,0.17850828586885165
test_07470,0.9934781454237226
test_07471,0.7028291952296228
test_07472,0.5059247917204015
test_07473,0.00047923587162420597
test_07474,0.006269090923938462
test_07475,0.780145264163026
test_07476,0.0025133822476411326
test_07477,0.0009922326929541856
test_07478,0.999984213659934
test_07479,0.9999635960209778
test_07480,0.001392462311890871
test_07481,0.018026466935007278
test_07482,0.8974093991962663
test_07483,0.49792001551238413
test_07484,0.11219793462450517
test_07485,0.9680552466019434
test_07486,0.999994029475081
test_07487,0.0035996437783077984
test_07488,0.0885283295716329
test_07489,0.9999020088985526
test_07490,0.4995099605306566
test_07491,0.1380018011032919
test_07492,0.21923807874228363
test_07493,0.8394115401354368
test_07494,0.9977312628751315
test_07495,0.9999996514930467
test_07496,1.8671627607443078e-05
test_07497,0.10644410649549299
test_07498,0.23117017967636225
test_07499,0.029552086923924952
test_07500,1.8324516482725453e-05
test_07501,4.152036621064937e-05
test_07502,0.9999991975247251
test_07503,0.009010314706479366
test_07504,0.004876415707749217
test_07505,0.988763765789922
test_07506,0.9512901743256857
test_07507,0.00775599949560792
test_07508,0.019720728056756492
test_07509,0.9160601731306014
test_07510,0.4718074228605457
test_07511,0.9998499409167486
test_07512,0.0004363089447191893
test_07513,0.9342634219655261
test_07514,0.9999213653675866
test_07515,0.9947524930750032
test_07516,0.9999999526743213
test_07517,0.9999999983991024
test_07518,8.912076786726542e-05
test_07519,0.15901376900340816
test_07520,0.0030268165264204262
test_07521,0.032726603764171344
test_07522,0.9999473714682625
test_07523,0.00017008917757485898
test_07524,0.09134385879933027
test_07525,0.5029149701859911
test_07526,2.1402326641124125e-05
test_07527,0.22913121871525352
test_07528,0.9999986102488893
test_07529,2.317412754573837e-06
test_07530,0.9939314929684189
test_07531,0.9989326922670917
test_07532,0.9994504100247319
test_07533,0.11692901536492678
test_07534,0.4739626973620184
test_07535,0.2711028290467854
test_07536,0.13404362699309633
test_07537,0.057533085287780665
test_07538,0.46888517531719454
test_07539,0.9985924689379714
test_07540,0.00010176262947492282
test_07541,0.3825993117839012
test_07542,0.9599895493519847
test_07543,0.10037724496185357
test_07544,0.5509718683662084
test_07545,0.007072769802285267
test_07546,0.9978374762697478
test_07547,0.9997124290750319
test_07548,0.2507432566955492
test_07549,0.9996045277056376
test_07550,0.9988842939773492
test_07551,0.9967632552899771
test_07552,0.01102680163634572
test_07553,0.9987082995807174
test_07554,0.9752344339941352
test_07555,1.5630576858721775e-10
test_07556,2.4034501650154915e-07
test_07557,0.9999979131619445
test_07558,0.9064673883113676
test_07559,0.9301480535066442
test_07560,0.7047640271797402
test_07561,4.263018246655028e-07
test_07562,0.49049585496216824
test_07563,0.9999867637199351
test_07564,0.8774410038941343
test_07565,0.3167996230748527
test_07566,0.3347062071644794
test_07567,0.010530375738247538
test_07568,3.4259122258401473e-06
test_07569,0.7849595480711733
test_07570,0.6837525199198251
test_07571,0.0001816578762841994
test_07572,0.9997971190894479
test_07573,0.9999999998436943
test_07574,0.9999886003464329
test_07575,0.002176508711066011
test_07576,0.003331422078871898
test_07577,0.08049055921311245
test_07578,0.0005299037703217657
test_07579,1.5987130560459604e-05
test_07580,0.9660585754679597
test_07581,5.1968258103394303e-05
test_07582,0.05098830004112075
test_07583,0.9982429295239565
test_07584,0.5413192461412409
test_07585,0.5069096663480498
test_07586,0.9999993589773604
test_07587,0.41199241983191726
test_07588,0.9998295094072424
test_07589,0.905417899544279
test_07590,0.00021719333681943063
test_07591,0.9999955502911373
test_07592,0.03879705203333589
test_07593,0.9999038173888211
test_07594,0.3712671702647658
test_07595,0.0011745572708555569
test_07596,0.0001756209700206914
test_07597,0.9884011627465717
test_07598,0.21060785831808368
test_07599,0.747680488108673
test_07600,0.005541404757343628
test_07601,0.012448274012877672
test_07602,0.001446301191591106
test_07603,0.9999977956183721
test_07604,0.09981769713466629
test_07605,0.04867442805289226
test_07606,5.3840942531409125e-06
test_07607,0.00015652868587485514
test_07608,0.8388283299587697
test_07609,0.9999998573928317
test_07610,0.0003354937539077278
test_07611,4.450982466199986e-05
test_07612,2.731517575978999e-06
test_07613,0.1059262911386473
test_07614,0.9997018107253222
test_07615,0.9968299209043524
test_07616,0.6767442634422988
test_07617,0.7136247538421284
test_07618,0.9997328997449741
test_07619,0.003313138670442249
test_07620,0.03737189076561552
test_07621,0.0011438475730904591
test_07622,0.0009706068583861332
test_07623,0.9999999710927416
test_07624,1.4017070310192406e-05
test_07625,0.05280064490873329
test_07626,0.9999997026401803
test_07627,0.9038255116971066
test_07628,0.9920084295945433
test_07629,0.10198955862629729
test_07630,0.9976139872318821
test_07631,0.0003941303604073809
test_07632,0.0029217476912525536
test_07633,0.055489381906100865
test_07634,0.9989441385043402
test_07635,0.9999395534862227
test_07636,0.00977358006207288
test_07637,0.9908622148143057
test_07638,0.9998980830469054
test_07639,0.08238822587057404
test_07640,4.760481424486812e-05
test_07641,0.666004386262361
test_07642,0.0983310021400286
test_07643,0.9957193690549937
test_07644,0.9999912162778217
test_07645,0.00016098421199556057
test_07646,0.5683378331975653
test_07647,0.9999999666835918
test_07648,0.03659463932381918
test_07649,0.8026662848374396
test_07650,0.9999840128694395
test_07651,0.6546992107601921
test_07652,0.999757033416131
test_07653,0.999996212004135
test_07654,0.9145190335384688
test_07655,0.3429521567013637
test_07656,0.20181039090202443
test_07657,0.9522846300995025
test_07658,0.021507474121120203
test_07659,0.9999991703660934
test_07660,0.8938523300901084
test_07661,0.9999127446979941
test_07662,0.0012759683411406111
test_07663,0.21421427108496424
test_07664,7.836376669870989e-05
test_07665,0.009791835243882774
test_07666,0.9999810001279787
test_07667,0.03990686541861372
test_07668,0.00031027999604905915
test_07669,0.9999911115678214
test_07670,0.024225244877279496
test_07671,0.004574270066719247
test_07672,0.02311324717850001
test_07673,6.911036175874546e-05
test_07674,0.8785052164229441
test_07675,0.004290229972974733
test_07676,0.0386593358012302
test_07677,0.4365228455640994
test_07678,0.4614425054210909
test_07679,0.0006207993215366533
test_07680,0.9989570673029144
test_07681,0.08301828806322703
test_07682,0.009655082579699277
test_07683,0.9999965740877742
test_07684,0.8652190665925188
test_07685,0.0681125624203691
test_07686,5.7985810505006556e-05
test_07687,0.7011038515013965
test_07688,0.5048949141635111
test_07689,0.9980646898491444
test_07690,0.9732618004112722
test_07691,6.556592410152165e-05
test_07692,0.9999837701599248
test_07693,0.7901834286043464
test_07694,0.0007205204693856572
test_07695,0.4972200310499176
test_07696,0.09136429528827641
test_07697,0.9968001414221302
test_07698,0.9812318997763442
test_07699,0.11811236412467799
test_07700,0.8156368573694714
test_07701,0.00217956773749266
test_07702,0.0016374673382321377
test_07703,0.9892165241923074
test_07704,0.999627631384728
test_07705,0.0038615642581759676
test_07706,0.7088255042974294
test_07707,0.39373292497829054
test_07708,0.9999356625996566
test_07709,0.19997720550331294
test_07710,0.9999999923424768
test_07711,0.9004505757255231
test_07712,0.0017848745711898791
test_07713,9.330512908344514e-07
test_07714,4.086755017665529e-06
test_07715,0.9999777251892947
test_07716,0.9845527685511488
test_07717,0.09061909075568916
test_07718,0.00182262037972003
test_07719,0.001692362917152759
test_07720,0.11107131586155028
test_07721,0.0014904073297721209
test_07722,0.04930948668695136
test_07723,0.07568404314389604
test_07724,0.9999298718491453
test_07725,0.9999341866599117
test_07726,0.5034649552137723
test_07727,0.011486054995922788
test_07728,0.0042887522527876405
test_07729,0.9974032483573563
test_07730,0.0006437661733254365
test_07731,0.0468867797250146
test_07732,0.49942499418196706
test_07733,0.9999965648354108
test_07734,0.0013156853063599758
test_07735,0.00025041828640537427
test_07736,3.7294947995681784e-05
test_07737,0.9999447258669832
test_07738,0.28546771544879646
test_07739,0.6706527639678802
test_07740,0.00010984392885851576
test_07741,0.0027145232131457133
test_07742,0.5728738465721818
test_07743,0.9953838875880181
test_07744,9.251921214017782e-05
test_07745,0.5008150035689851
test_07746,0.9981055736222472
test_07747,0.22889920321225932
test_07748,0.00039868279567247206
test_07749,0.9982650947043255
test_07750,0.9995432139358107
test_07751,0.08338486407365181
test_07752,3.8793226183766154e-05
test_07753,0.8241448718501491
test_07754,0.15388953215355006
test_07755,0.6433420919304783
test_07756,0.9999840330420522
test_07757,0.00010930920021370284
test_07758,0.12208170779451126
test_07759,0.569412286236504
test_07760,0.9656724562156965
test_07761,0.827837642729097
test_07762,0.7050300221793919
test_07763,0.9998911699335021
test_07764,0.999951198618804
test_07765,0.5701020770333254
test_07766,0.9728103851668373
test_07767,1.2611825116521698e-07
test_07768,0.6654221808840224
test_07769,4.083798493197481e-05
test_07770,0.01755017906647648
test_07771,0.8642745409502137
test_07772,0.9999970658393179
test_07773,0.989567692361548
test_07774,0.0015291097989891228
test_07775,0.001655438693968556
test_07776,0.460566519183623
test_07777,0.9993447191323301
test_07778,0.8847945736528174
test_07779,0.8380967728460982
test_07780,0.8682247977402777
test_07781,0.03710822457602252
test_07782,0.08326899163538805
test_07783,0.00010713258627658799
test_07784,0.48885138354493246
test_07785,0.052732697698837885
test_07786,0.33445401308686035
test_07787,0.9992332037854895
test_07788,0.9999719061325759
test_07789,0.9986175366100655
test_07790,0.10560096144704693
test_07791,0.044487908489049315
test_07792,0.0977571740973838
test_07793,1.6214491127949522e-07
test_07794,0.014397453605369731
test_07795,0.9030714611372286
test_07796,0.00169837398040225
test_07797,0.0013938646818736275
test_07798,0.9997583969615703
test_07799,0.9996422085251377
test_07800,0.8426683709198743
test_07801,0.007594051028558378
test_07802,0.7330224515361913
test_07803,0.9666559379747722
test_07804,0.9998389498731194
test_07805,0.18905018052053618
test_07806,0.17370672529670914
test_07807,0.0951421371660678
test_07808,0.00021394443072490142
test_07809,5.899599274888625e-07
test_07810,0.004440958875145235
test_07811,0.9193307822180293
test_07812,0.5102738918243408
test_07813,0.9997066139557705
test_07814,0.11381634270172904
test_07815,1.972523811550129e-06
test_07816,0.09174173707544528
test_07817,0.9931670500111618
test_07818,0.00023928538246548376
test_07819,0.6813076352599459
test_07820,0.0003999298670929317
test_07821,0.9999676861451604
test_07822,0.045571912487244515
test_07823,0.0003622224807719818
test_07824,0.9999329447110261
test_07825,0.9999836888471705
test_07826,0.006909470535244848
test_07827,0.8049143684139388
test_07828,0.004766007264483281
test_07829,0.9071867420244046
test_07830,0.39400344874914345
test_07831,0.9999991612308274
test_07832,0.9701602870164063
test_07833,0.8128192779935929
test_07834,0.8920309672290785
test_07835,0.9055222335504952
test_07836,0.011141391752831423
test_07837,4.872403960889162e-06
test_07838,0.9999750523609764
test_07839,0.9999800655320694
test_07840,0.94810881791553
test_07841,5.395841620191054e-06
test_07842,0.0021693835644886533
test_07843,8.739176768259973e-06
test_07844,0.9998704998030277
test_07845,0.9999991703660934
test_07846,0.0001791069509024242
test_07847,0.9836227650497122
test_07848,0.07799852593791635
test_07849,0.9023114609025802
test_07850,0.9999999855967714
test_07851,0.23719665840901982
test_07852,0.9967954264108472
test_07853,1.8342216613686892e-06
test_07854,0.796572672379517
test_07855,0.008686768681816427
test_07856,0.02521000742331295
test_07857,0.09448239495545899
test_07858,0.00012193574087053327
test_07859,0.9246289607602138
test_07860,1.2404260325514682e-06
test_07861,0.16642024181738538
test_07862,1.6865464185014118e-05
test_07863,0.5372282832254165
test_07864,0.23479387870779356
test_07865,0.9557243354056011
test_07866,0.12539390899975156
test_07867,0.00011652456789383967
test_07868,0.9999946042279286
test_07869,0.9937537365080938
test_07870,0.28514547363979786
test_07871,0.9999855648066497
test_07872,0.18616155583948982
test_07873,0.09481656667245089
test_07874,0.07038814947397767
test_07875,1.356806583158488e-05
test_07876,0.26329590266936337
test_07877,0.15082600579488006
test_07878,0.09708402165749537
test_07879,2.8120269084512196e-07
test_07880,0.9984125911083974
test_07881,0.9860258545919813
test_07882,0.9359182857969516
test_07883,0.8970017826241222
test_07884,0.719835268700964
test_07885,0.8844227953083197
test_07886,1.541418296892844e-06
test_07887,0.9389236774135644
test_07888,0.31688045922212194
test_07889,0.9999993984518661
test_07890,0.9161291330711541
test_07891,0.9949714831670841
test_07892,0.4223145617103306
test_07893,0.9889150439064511
test_07894,0.0005449395338371944
test_07895,0.3167547116978955
test_07896,0.9777198255126078
test_07897,2.6640414577240243e-05
test_07898,0.9999934127359779
test_07899,0.9999990717880347
test_07900,0.9990517499268957
test_07901,0.9836402743873128
test_07902,8.758393144721927e-07
test_07903,0.3543250271973361
test_07904,4.6642621073111214e-07
test_07905,0.9998463426300506
test_07906,0.0016449080125901824
test_07907,0.7878160070901085
test_07908,0.0010932126744890587
test_07909,0.9918915117603073
test_07910,0.8607300791170227
test_07911,0.9914925901774927
test_07912,7.79588950288916e-05
test_07913,2.56819636779326e-06
test_07914,1.2611825116521698e-07
test_07915,0.00019034202105417143
test_07916,0.960284872205947
test_07917,0.0003356838813720694
test_07918,3.485069532473293e-07
test_07919,0.00042937625596535853
test_07920,0.012879257488590059
test_07921,0.9998588373596965
test_07922,0.3011533464601541
test_07923,0.9998942359304175
test_07924,0.036894996862421876
test_07925,7.625992578716231e-07
test_07926,0.16340101274203925
test_07927,0.9521080906586623
test_07928,0.22280285695838625
test_07929,9.795270629189223e-06
test_07930,0.005277736247208481
test_07931,0.10241519577319234
test_07932,0.9814442597501466
test_07933,0.9175243792303993
test_07934,0.03779587182147683
test_07935,0.0258971504081469
test_07936,0.0003341661161778309
test_07937,0.7158803870069411
test_07938,0.8651874461483516
test_07939,0.07777623504634751
test_07940,0.06784766315832627
test_07941,0.3265617830908665
test_07942,0.0008054174770154874
test_07943,0.9979668073765594
test_07944,0.06913840898602676
test_07945,1.0995385678696842e-05
test_07946,0.004403005342093645
test_07947,0.9999888033485249
test_07948,0.8198476514548418
test_07949,0.9848971625854966
test_07950,0.9029772601206003
test_07951,2.8403144931039853e-06
test_07952,0.035875839399258404
test_07953,0.000290030270349746
test_07954,0.37271673683608436
test_07955,5.0289215921477e-06
test_07956,0.0976980018085962
test_07957,0.4631800501865098
test_07958,0.0737144748664677
test_07959,0.9296505055865067
test_07960,1.0943171252073135e-06
test_07961,0.9834271335929334
test_07962,0.09346811569783468
test_07963,0.919276099799826
test_07964,0.00022880194012184812
test_07965,0.0006207993215366533
test_07966,0.9304842874428408
test_07967,0.9405289477411268
test_07968,0.0237377353726935
test_07969,0.22282192180854854
test_07970,9.042044312754275e-07
test_07971,0.008045696090011123
test_07972,0.9991478724456312
test_07973,0.0009795591710305104
test_07974,0.9997764636873229
test_07975,0.13037617938991677
test_07976,0.32760757206829133
test_07977,0.22317660488384497
test_07978,0.9706086170014082
test_07979,0.002309315069684459
test_07980,0.8863393659564374
test_07981,0.0351884432622484
test_07982,0.002996718502652902
test_07983,0.001441806885736921
test_07984,0.5896281782920151
test_07985,0.9999967573672622
test_07986,0.23419514293006508
test_07987,1.0838763637964132e-06
test_07988,0.04620709136337964
test_07989,0.0004634962116808216
test_07990,0.11707952625149119
test_07991,0.9984097948284912
test_07992,6.143792981231941e-05
test_07993,0.9989659798032814
test_07994,0.6879906429409559
test_07995,0.9232314265201738
test_07996,0.999684593351542
test_07997,0.9993275211018781
test_07998,0.9381164357658436
test_07999,0.9999912311093567
test_08000,0.28886336827396825
test_08001,1.4396770966195376e-05
test_08002,0.06289912215917248
test_08003,0.5599084234854027
test_08004,0.019793659426036676
test_08005,0.9999952158628047
test_08006,0.822062622206057
test_08007,1.7602738655057598e-06
test_08008,0.6815191525010877
test_08009,0.03424688374184026
test_08010,0.9956556318550561
test_08011,0.9786671017789884
test_08012,0.9967894465893422
test_08013,4.567015165384672e-06
test_08014,0.0268204181004714
test_08015,3.4725222431781815e-06
test_08016,0.9991481816513047
test_08017,0.6806277229732727
test_08018,0.9999998991208554
test_08019,0.9999905790228504
test_08020,0.9999960341027586
test_08021,0.40646787973754994
test_08022,0.08318109209055273
test_08023,9.160422844732805e-06
test_08024,3.9394688722236417e-05
test_08025,0.8868575405480423
test_08026,0.9621026251145604
test_08027,0.2840252632468314
test_08028,0.12084221748692761
test_08029,0.9943121659759241
test_08030,0.033982134341609516
test_08031,5.5198831507705656e-05
test_08032,0.9796070664946142
test_08033,0.02121947517539192
test_08034,0.9999992634534189
test_08035,0.004031601888190837
test_08036,0.9988391244924318
test_08037,0.14808064287298894
test_08038,0.8788101934896938
test_08039,0.9964866228898656
test_08040,0.9440723379993263
test_08041,0.6500876227702398
test_08042,0.9996633663454226
test_08043,0.011807272692159382
test_08044,0.022353847442931268
test_08045,0.34780852192292977
test_08046,0.14594829803336523
test_08047,0.08462264554781623
test_08048,0.2505976194683158
test_08049,0.7073846297205103
test_08050,0.025920177627937132
test_08051,0.0007246258245596609
test_08052,0.9647043028038502
test_08053,0.6900365207219826
test_08054,0.014269467846526858
test_08055,0.999999386727403
test_08056,0.9999998826009622
test_08057,0.0016596180376227366
test_08058,0.09619794192560273
test_08059,0.36185222998046157
test_08060,0.9613687029314775
test_08061,0.2942945375575212
test_08062,0.9817732576665444
test_08063,0.3805928658063999
test_08064,0.40969860877404757
test_08065,0.9972099469984678
test_08066,0.011296949133692035
test_08067,0.9787628925872804
test_08068,0.24115711850679292
test_08069,0.8562733841668995
test_08070,0.00012069721110276003
test_08071,0.9986965284938281
test_08072,0.004939337804146753
test_08073,0.8946568939082024
test_08074,0.2088388933914438
test_08075,0.5109536913080832
test_08076,1.0942858841272136e-06
test_08077,0.004974986594265141
test_08078,0.5291851295237805
test_08079,0.0013387300709166922
test_08080,0.9991447826677731
test_08081,0.001114637530666724
test_08082,1.4607986462358763e-05
test_08083,0.9999987427510837
test_08084,0.02233757083976905
test_08085,5.120356926485013e-05
test_08086,0.016001065855347732
test_08087,0.9962996656905994
test_08088,0.9915717393275552
test_08089,0.0007253342118727329
test_08090,0.13601417241154004
test_08091,0.9981274850280916
test_08092,0.9932392796960996
test_08093,0.5478549228414765
test_08094,0.00021326757112185256
test_08095,0.7492526918784049
test_08096,0.0003718683605797875
test_08097,0.9999238276017467
test_08098,0.006099506709852464
test_08099,0.04068913144614787
test_08100,0.9999995802002575
test_08101,1.3140426938636234e-06
test_08102,1.3126640286130042e-05
test_08103,0.9999719594252511
test_08104,0.0009972612365634877
test_08105,0.9987180960302197
test_08106,0.9999983121097185
test_08107,0.4356437816720289
test_08108,0.0005557420061090509
test_08109,0.9089374053168031
test_08110,0.9807258145954764
test_08111,0.10853829973504407
test_08112,0.991601987695116
test_08113,0.06445636774069931
test_08114,0.06837619910498574
test_08115,0.0667907072263676
test_08116,0.9868209523613651
test_08117,0.010825270135586037
test_08118,0.10468784051262285
test_08119,0.6151271880137885
test_08120,4.270340147223662e-05
test_08121,0.023805301237210242
test_08122,0.9940039292714105
test_08123,0.10477425785530312
test_08124,0.7288257917811335
test_08125,0.9994609071338746
test_08126,0.29666803569813954
test_08127,0.0100459333346445
test_08128,0.5004799960937869
test_08129,0.009404461367382128
test_08130,0.003594281705230645
test_08131,0.999948104505939
test_08132,1.4434372914193938e-06
test_08133,0.20703028655490358
test_08134,0.004322815800944628
test_08135,0.19430865840083394
test_08136,0.991540346865712
test_08137,0.004706663340562261
test_08138,2.6004469319920024e-06
test_08139,0.9775627462747637
test_08140,0.9994526145153907
test_08141,0.8986117530884216
test_08142,0.9999721466596456
test_08143,0.7883173550504848
test_08144,0.9998091603980853
test_08145,0.09950396588199266
test_08146,0.817983288945746
test_08147,0.13839258930582893
test_08148,0.0013996840711191269
test_08149,0.1399007207660653
test_08150,0.99627613164545
test_08151,0.9860794218701664
test_08152,0.14210826442925373
test_08153,0.9449683630202746
test_08154,0.02103153580193186
test_08155,0.04835649975602623
test_08156,0.002976142105873053
test_08157,0.0013858583972735186
test_08158,0.004640395708531857
test_08159,0.9999925886867316
test_08160,0.9978369678646641
test_08161,0.9214192038548289
test_08162,0.4725158118826
test_08163,0.9997414351815637
test_08164,0.00016366286901302391
test_08165,0.20577432882277719
test_08166,0.000233422594939382
test_08167,0.1703655222054284
test_08168,0.9949916464569746
test_08169,0.999889029736509
test_08170,0.0016035705460171615
test_08171,0.9816228335886795
test_08172,0.7215080649125548
test_08173,0.013278705424329164
test_08174,0.007756512720565962
test_08175,0.99999960888716
test_08176,0.9999263803758467
test_08177,0.9994244566837395
test_08178,0.9999716645605681
test_08179,0.9273470243472623
test_08180,7.558869477963676e-10
test_08181,0.09744502872179722
test_08182,0.0032614626174529023
test_08183,0.99955834387616
test_08184,0.9992458567540022
test_08185,0.9456744683888475
test_08186,0.8853822129059074
test_08187,0.6651607661601034
test_08188,4.704677384748584e-05
test_08189,0.0080567529189732
test_08190,0.0035942837022015606
test_08191,0.9999391971798286
test_08192,0.9999001319063152
test_08193,0.9999999284024342
test_08194,0.032182998231786164
test_08195,1.3332517163070986e-07
test_08196,9.80925113389918e-05
test_08197,0.9999999994936933
test_08198,0.9999869645560147
test_08199,2.2642971830525577e-06
test_08200,0.9977559371991981
test_08201,1.4920429112791583e-06
test_08202,0.982908782473475
test_08203,0.7573402759990073
test_08204,0.8709383852103613
test_08205,0.6525866391144733
test_08206,0.15615429718711818
test_08207,0.9848500883071167
test_08208,0.7566869120390359
test_08209,0.009489894811675205
test_08210,0.12387457303642967
test_08211,0.03536774796270551
test_08212,0.9968704282056373
test_08213,0.9982695989459138
test_08214,0.0721454004850583
test_08215,0.0015426244103738413
test_08216,7.309701370465756e-05
test_08217,0.9999862270218969
test_08218,0.9975255597607405
test_08219,0.7600043502381786
test_08220,0.001641622286993946
test_08221,0.031574059608272705
test_08222,0.9439313666495504
test_08223,1.3332517163070986e-07
test_08224,0.015719992222561544
test_08225,0.00030366223983867904
test_08226,0.9949739083288996
test_08227,0.9744177061308995
test_08228,0.9997311254441236
test_08229,0.0008198744911819744
test_08230,0.4858128682861213
test_08231,0.0011557891036011205
test_08232,0.0021043182472544057
test_08233,6.651849497141055e-06
test_08234,1.1028935220509139e-05
test_08235,3.1085438002947323e-06
test_08236,0.0007441875890205454
test_08237,0.816431164857073
test_08238,0.9994012189826089
test_08239,0.9017426343221688
test_08240,0.4325299483907502
test_08241,0.861759144691952
test_08242,0.8498944704722808
test_08243,1.1025967281784246e-08
test_08244,0.9983892898929122
test_08245,0.4005146234708601
test_08246,0.16189365626887328
test_08247,0.8105656101127372
test_08248,0.3149651172807199
test_08249,0.9932426162103459
test_08250,0.2114452057351063
test_08251,0.9668981864793966
test_08252,0.9390068673827705
test_08253,0.10946150969101731
test_08254,0.9577647670921668
test_08255,3.0253532280254713e-09
test_08256,0.014742056857370399
test_08257,0.003899310900899279
test_08258,0.9747611527096391
test_08259,0.9995372902766011
test_08260,0.5336019715924003
test_08261,0.9999995197974758
test_08262,0.9587697961654875
test_08263,0.9531688378444808
test_08264,0.9929867706666221
test_08265,0.9969820197497501
test_08266,0.9626424928896211
test_08267,0.0953331426118964
test_08268,0.024640472492225087
test_08269,0.8969895471949357
test_08270,0.07119136037345163
test_08271,0.9541601331770696
test_08272,0.587524061669206
test_08273,0.7213805371143712
test_08274,0.9825036637825302
test_08275,0.041876595266098715
test_08276,0.999868806454493
test_08277,0.13471198664450484
test_08278,0.00465352945678705
test_08279,0.3324343071015831
test_08280,0.0002498470162172973
test_08281,0.8359229001390069
test_08282,0.999806953671929
test_08283,0.9995788888541144
test_08284,0.9626058761113241
test_08285,0.9989458673584463
test_08286,0.0011619651359922637
test_08287,0.0885261126200537
test_08288,2.7666898078700422e-05
test_08289,1.5191289526610027e-05
test_08290,0.01017017224602393
test_08291,0.06382662508336703
test_08292,0.0003347349316727155
test_08293,0.7774067551214965
test_08294,0.1026564503453794
test_08295,0.9997132168915722
test_08296,0.9968998462457402
test_08297,0.9999372415133144
test_08298,0.0001784887672722082
test_08299,3.601269360615232e-09
test_08300,0.9986093415030287
test_08301,0.43902834315435674
test_08302,0.999905509516277
test_08303,0.9999679726581832
test_08304,0.8984543619831247
test_08305,0.4105670025134612
test_08306,4.664465923667335e-07
test_08307,0.44949947933060747
test_08308,0.9854864795669163
test_08309,0.06424783978080835
test_08310,0.9744986401785745
test_08311,0.2862805652104901
test_08312,0.9998037275367828
test_08313,0.7742824110110417
test_08314,0.0009010208528710732
test_08315,0.9972733995246431
test_08316,0.999867867621314
test_08317,0.9876786798588204
test_08318,0.009383746535246245
test_08319,0.9186242900783346
test_08320,0.9121803967223295
test_08321,0.40536796236526595
test_08322,0.9986340502314425
test_08323,0.9307085213473334
test_08324,0.45318306534474767
test_08325,0.9999888032481352
test_08326,0.09919559246180575
test_08327,0.0001122649136265115
test_08328,0.09136430882330537
test_08329,0.9991546530606207
test_08330,0.8648566754009573
test_08331,0.8303515252830083
test_08332,0.0013914593751684515
test_08333,0.00047695458521426596
test_08334,0.9874424017116691
test_08335,0.3647537020811439
test_08336,0.5115234744881013
test_08337,0.990644980857956
test_08338,0.906079852858392
test_08339,6.441927501257624e-05
test_08340,1.5351930566353e-06
test_08341,0.8403840810489822
test_08342,0.08539815326521638
test_08343,0.9692465945287969
test_08344,0.7904345174539514
test_08345,0.9999986974371122
test_08346,0.04453452575564691
test_08347,1.6683821450580166e-06
test_08348,0.992069136761775
test_08349,0.014828202521515477
test_08350,0.9929672821076004
test_08351,0.9999115032866982
test_08352,0.1479045113883734
test_08353,0.7053961490343926
test_08354,2.578216122331312e-07
test_08355,0.929082834142217
test_08356,0.7364804114702658
test_08357,0.003097065398818844
test_08358,0.8957829010156046
test_08359,0.9950822146854246
test_08360,0.984418669796856
test_08361,0.8869351392926187
test_08362,7.159756576836055e-08
test_08363,0.9999992890022043
test_08364,0.31494273993119143
test_08365,0.0004739956927612826
test_08366,0.34713453405541367
test_08367,0.9974124904809447
test_08368,0.977252390338096
test_08369,0.0788646203980132
test_08370,0.9999962704132072
test_08371,4.3235370908549695e-06
test_08372,0.034670092627312424
test_08373,0.9931132017432037
test_08374,0.9999907021268034
test_08375,0.000133429038470479
test_08376,0.8939020951348883
test_08377,0.4452798370161181
test_08378,0.6839768688910035
test_08379,0.9846463815422044
test_08380,0.9999988473140992
test_08381,0.999216753186043
test_08382,0.9633291174614965
test_08383,0.0005471396108800308
test_08384,6.389033398701614e-05
test_08385,3.324037578280469e-05
test_08386,1.2610766013321869e-07
test_08387,0.012605984146474944
test_08388,0.00025781858024086544
test_08389,0.8233123039309449
test_08390,0.02872939798811282
test_08391,0.08849270317965031
test_08392,0.9246168666819321
test_08393,0.9999404578169969
test_08394,8.63544551290401e-06
test_08395,0.09377238363103949
test_08396,0.02189981741423566
test_08397,0.024130871772061243
test_08398,0.9993554337424021
test_08399,0.043258064746177764
test_08400,0.001990229524978705
test_08401,0.15561911794815883
test_08402,0.630043116650372
test_08403,0.015497248459613172
test_08404,0.9719959333082833
test_08405,0.072292722947222
test_08406,0.004756221151468055
test_08407,0.9386417036427332
test_08408,0.10322074925547062
test_08409,2.3116402705422737e-05
test_08410,0.7829826314343656
test_08411,0.9999996305065896
test_08412,0.9927602728110937
test_08413,1.0402804071769172e-05
test_08414,0.46303565415869435
test_08415,6.531244602472108e-07
test_08416,0.9999676571829214
test_08417,0.9239798437830581
test_08418,0.956168631597357
test_08419,0.09055809736532568
test_08420,0.6411733467398101
test_08421,0.010516860079102953
test_08422,0.9960841970245405
test_08423,0.9984054901767498
test_08424,5.01563145204621e-05
test_08425,0.00011624901248476674
test_08426,0.00608017233738397
test_08427,0.9999837701599248
test_08428,0.9979283110637703
test_08429,0.06258763004387961
test_08430,0.8543556847771523
test_08431,0.2898318447181586
test_08432,0.17250374020909037
test_08433,0.12114666855488021
test_08434,0.9976951556105179
test_08435,0.04700416970854146
test_08436,0.9872674159721461
test_08437,2.9175665655841406e-05
test_08438,0.9986596989542008
test_08439,0.9277505107468379
test_08440,0.8518889759928658
test_08441,0.04105121383832823
test_08442,0.9974147315258636
test_08443,0.03718381528439451
test_08444,0.06923596071118465
test_08445,0.9973420224029748
test_08446,0.0001281076630505055
test_08447,0.1325164698724144
test_08448,0.4489338939603448
test_08449,0.8886624017646165
test_08450,0.3549147791318711
test_08451,0.41354604255481875
test_08452,0.003995991130444946
test_08453,0.06476071757190174
test_08454,0.0016850311632312677
test_08455,0.32972111740104976
test_08456,0.9999983829698126
test_08457,0.9891747335866056
test_08458,0.0004903814207472785
test_08459,0.999999739642488
test_08460,0.9998695083340019
test_08461,0.0498792942658623
test_08462,0.09189206590654377
test_08463,0.9120251766393699
test_08464,0.014521670618703348
test_08465,0.9999994062052129
test_08466,0.0018193812405211875
test_08467,3.3703315346065234e-06
test_08468,0.9990415913583172
test_08469,1.0192981941126787e-05
test_08470,0.03578661005620022
test_08471,0.03716816273609195
test_08472,0.9999997904926619
test_08473,2.0721981808341176e-07
test_08474,0.958616785961886
test_08475,1.9654785214522868e-06
test_08476,0.6792795844685888
test_08477,0.9999865983991034
test_08478,0.9941407342194077
test_08479,0.3910546947023304
test_08480,0.10833153368806292
test_08481,0.3147545603942108
test_08482,0.9999959537332689
test_08483,0.1724507067956955
test_08484,0.9997678354085033
test_08485,0.33533017404305243
test_08486,0.24943001442327115
test_08487,0.9739750052835345
test_08488,0.44487356053250254
test_08489,0.04383137700180912
test_08490,0.9330182299212537
test_08491,0.9999413552295332
test_08492,0.999804662855769
test_08493,0.27677710462214544
test_08494,0.13914107596015715
test_08495,0.15943198213785553
test_08496,0.46382245317770315
test_08497,0.9476061989121669
test_08498,0.0031069548151821578
test_08499,0.5014199883915772
test_08500,0.9999178981844831
test_08501,0.08462264554781623
test_08502,0.9999572965985277
test_08503,0.001158511636544321
test_08504,0.7790003684866604
test_08505,0.12135167217940332
test_08506,0.33561473531284397
test_08507,3.0032560015456333e-06
test_08508,0.9996235116993826
test_08509,0.9729029675803188
test_08510,0.9998350886286743
test_08511,0.531354120131761
test_08512,0.9733129776701624
test_08513,0.9593948751730232
test_08514,4.3949565626965284e-07
test_08515,0.9119275226557625
test_08516,0.9999985384166049
test_08517,0.9999999878972559
test_08518,0.9997851510747678
test_08519,0.9999565318081063
test_08520,0.3718230370811686
test_08521,0.10045180547599387
test_08522,0.011308482699289522
test_08523,4.6987703732443953e-07
test_08524,0.00019699330222457153
test_08525,0.8048220375237456
test_08526,4.905696349960177e-06
test_08527,0.0003186334859633564
test_08528,4.101957014439635e-08
test_08529,0.9655182628580824
test_08530,2.025317891268903e-09
test_08531,0.2688817484094575
test_08532,0.9516036478345259
test_08533,0.8465760050241556
test_08534,0.00046181373415252273
test_08535,0.9999979992109034
test_08536,7.397696625169439e-06
test_08537,0.9999276834823001
test_08538,0.7862933448949835
test_08539,0.028815271107803114
test_08540,0.9907211432980401
test_08541,1.4588710587129253e-05
test_08542,0.5594137754365316
test_08543,0.10210377323118475
test_08544,0.6483947961375732
test_08545,0.9968756998671161
test_08546,0.5894769448174382
test_08547,0.986834254723308
test_08548,0.13391193563000953
test_08549,1.2764204893506335e-05
test_08550,0.6278015126772253
test_08551,0.9214419722913656
test_08552,0.3251724971214083
test_08553,0.9999942001959288
test_08554,1.2611825116521698e-07
test_08555,0.9999868185972319
test_08556,0.0006424349140727643
test_08557,0.00970073813718553
test_08558,0.000385001111488511
test_08559,0.9495012014038857
test_08560,0.37515402994318103
test_08561,0.6955933057389805
test_08562,0.5632449971519876
test_08563,8.946896578604751e-07
test_08564,0.04415962138281366
test_08565,0.9999933870322295
test_08566,0.9996761692393539
test_08567,0.6580836983415418
test_08568,0.9624879779252514
test_08569,0.027552092683141075
test_08570,0.0023587855824255505
test_08571,0.005499294614646352
test_08572,0.8583952269282844
test_08573,0.9876301510267168
test_08574,0.0018856911373531485
test_08575,0.9268728968378855
test_08576,0.4393448055399073
test_08577,0.9999229815688963
test_08578,0.0005692766991568527
test_08579,0.9861926680416218
test_08580,0.9935633371413924
test_08581,0.9978397602677649
test_08582,0.11302090290591729
test_08583,0.006848788106901452
test_08584,9.405705540570482e-06
test_08585,0.019697635197790143
test_08586,0.328704726277073
test_08587,0.06398688771823607
test_08588,0.8360904782258847
test_08589,0.45530959947253963
test_08590,0.9999436645877828
test_08591,0.00038255958559230564
test_08592,0.8848808796274804
test_08593,0.07024130709217183
test_08594,0.006219849052272394
test_08595,0.9372396349241418
test_08596,0.9905048953316503
test_08597,0.3536560794388618
test_08598,0.9880668985477553
test_08599,0.4765928327168492
test_08600,0.9665411428425231
test_08601,0.999968966303259
test_08602,0.9808072134735246
test_08603,0.8452704519472966
test_08604,0.9689297206803038
test_08605,0.20777552542970618
test_08606,0.9999086532162716
test_08607,0.9986231193957616
test_08608,0.5185636043253666
test_08609,0.06040043790183318
test_08610,0.6848332442651935
test_08611,0.000951358062509767
test_08612,0.9615326894976219
test_08613,0.2205936476945121
test_08614,0.9999964143579484
test_08615,0.06036350483792944
test_08616,0.9999905943864194
test_08617,0.10454228152568268
test_08618,7.94069301341778e-06
test_08619,0.9999626431277441
test_08620,0.9837022242005087
test_08621,0.9999999837410491
test_08622,0.9984322960943626
test_08623,0.07322215755737838
test_08624,0.6893061820361996
test_08625,0.9983801799875331
test_08626,0.237031355175527
test_08627,0.011636573738524726
test_08628,0.9995574677846166
test_08629,0.00011796289168721734
test_08630,0.9950185936614176
test_08631,0.08816129949121013
test_08632,0.007392836719452288
test_08633,0.9618183054341571
test_08634,0.8788020920390033
test_08635,0.9904637383911872
test_08636,0.11961570154585704
test_08637,0.9999311855090064
test_08638,0.9572126001038527
test_08639,0.012725034018611175
test_08640,0.0005865292514234584
test_08641,0.765922190195558
test_08642,0.9999993099395349
test_08643,0.00038144251424284076
test_08644,0.9614047457567442
test_08645,0.00011569922819881032
test_08646,0.015252708431715008
test_08647,2.4177744282878463e-06
test_08648,1.6619331800811947e-07
test_08649,0.9671659461174191
test_08650,0.9999598067256601
test_08651,0.9987555659532111
test_08652,0.6566591068603365
test_08653,0.9921082428122815
test_08654,9.794086769084065e-05
test_08655,0.6905304567581853
test_08656,0.023185620206705615
test_08657,0.8468797175468787
test_08658,0.9157386364744664
test_08659,0.0014715650001830888
test_08660,0.23934278265905246
test_08661,0.964836771023848
test_08662,0.0019100586435629391
test_08663,1.2433468445381286e-07
test_08664,0.007928774921507115
test_08665,0.00023547425539694809
test_08666,0.9933049056646978
test_08667,0.9999558276028425
test_08668,0.9999770532624043
test_08669,0.9998516930279174
test_08670,0.9248123526688389
test_08671,0.2671693872043275
test_08672,0.9931185000263301
test_08673,0.9999669342365624
test_08674,0.9997074990423843
test_08675,1.3810330093171155e-05
test_08676,0.528935751435311
test_08677,0.5610655746113037
test_08678,0.9796831205713521
test_08679,0.9767595272247073
test_08680,0.9997295141801605
test_08681,0.0006578392212769656
test_08682,0.07572044611651559
test_08683,0.87504052233242
test_08684,0.07660140830881312
test_08685,0.6155351906838278
test_08686,0.9999801555100456
test_08687,0.025833367702742662
test_08688,0.9998211677054117
test_08689,0.999954981797667
test_08690,0.13396918700832525
test_08691,0.9932626242156603
test_08692,0.9999311427784537
test_08693,1.5987130560459604e-05
test_08694,0.011216466177116366
test_08695,0.9586014699277344
test_08696,0.001953522579342332
test_08697,0.00017732534535728814
test_08698,0.5458581858137198
test_08699,0.27613735565732334
test_08700,0.9904527096626705
test_08701,0.9999507725315558
test_08702,4.3947587300970406e-07
test_08703,0.13673471379880028
test_08704,0.011053332335079753
test_08705,0.005145124458754491
test_08706,0.0023513442310033085
test_08707,0.9998336362140673
test_08708,0.9663574520153145
test_08709,0.9999230262714385
test_08710,8.47954550533075e-07
test_08711,0.9690569367200951
test_08712,2.174615806168757e-06
test_08713,0.9999917735090569
test_08714,0.9929965121383049
test_08715,0.015556616270191021
test_08716,0.9510681512900203
test_08717,0.4359449720487571
test_08718,0.4590389665442996
test_08719,0.9290497999818442
test_08720,0.8920862849219248
test_08721,0.9878182584865851
test_08722,0.935430067975953
test_08723,0.6459791079057102
test_08724,0.013200064510381143
test_08725,0.891087914008934
test_08726,0.9789656958133773
test_08727,0.1425890965446708
test_08728,1.491756447661118e-05
test_08729,0.9351823445667753
test_08730,0.09171214528128029
test_08731,0.7436227571686717
test_08732,0.39657075339989256
test_08733,0.09267803472519316
test_08734,0.9799399127859165
test_08735,0.07217680931466681
test_08736,0.9998946031203041
test_08737,3.196988728169237e-05
test_08738,0.7571889745348724
test_08739,0.0012874694245265242
test_08740,0.004426282346130739
test_08741,0.09723491812641726
test_08742,0.5617526921302812
test_08743,0.000515919008030192
test_08744,0.4936202381140228
test_08745,0.9998557185942357
test_08746,0.002456993218944739
test_08747,0.9999831344124196
test_08748,0.045555663644182676
test_08749,0.00433469976630756
test_08750,0.750682977941976
test_08751,0.06780610512733258
test_08752,0.02170640659961397
test_08753,0.9403895056499003
test_08754,7.248018295690852e-06
test_08755,0.8823570539070866
test_08756,0.9723315160169119
test_08757,0.9999720397461649
test_08758,0.0005128377657406774
test_08759,5.3552715377352596e-05
test_08760,0.0026347502874288047
test_08761,0.5201618007699234
test_08762,0.8855359905777762
test_08763,0.0013511209093003075
test_08764,0.6729154682632522
test_08765,0.002635882310413422
test_08766,0.9997298532205131
test_08767,5.142134958156792e-06
test_08768,0.9541275071209364
test_08769,0.010897844447125413
test_08770,0.9999853343389843
test_08771,0.7811737764738066
test_08772,3.188422871789394e-05
test_08773,3.2717588961345296e-05
test_08774,2.6573590269896047e-06
test_08775,0.9611815315990447
test_08776,0.9994768140779785
test_08777,4.310168540880716e-05
test_08778,0.9993832461120531
test_08779,0.8074729526259699
test_08780,0.4227466543836574
test_08781,0.9871138312617914
test_08782,0.5070946519497394
test_08783,0.9999999992432934
test_08784,0.9970494710768639
test_08785,0.09033694232590181
test_08786,0.9269579831984748
test_08787,0.3194759297269636
test_08788,0.2408793979853952
test_08789,0.7184742032425449
test_08790,0.00179587693037605
test_08791,0.004048040729891424
test_08792,0.02092090780022288
test_08793,0.0023439124811601955
test_08794,0.02842285938320987
test_08795,0.9997551002110631
test_08796,0.9999716105041736
test_08797,0.421342774309041
test_08798,0.6582177119067281
test_08799,0.9999771015194423
test_08800,0.8533096913916041
test_08801,0.9999883783299276
test_08802,0.9929853166197617
test_08803,0.9999997026401803
test_08804,0.10876295058518134
test_08805,0.9984624508743479
test_08806,0.942297820037905
test_08807,0.0005095306442182809
test_08808,0.9994964649118689
test_08809,0.9729094158115155
test_08810,0.009358461426939557
test_08811,0.9997591976500079
test_08812,0.0024640734316725586
test_08813,0.972562916517422
test_08814,0.0004163201891439311
test_08815,6.171824870456142e-07
test_08816,0.0004378333478914543
test_08817,0.9069894345732272
test_08818,0.004311323183689858
test_08819,0.9998793024543084
test_08820,0.5742067848092902
test_08821,0.1055984917588135
test_08822,0.733455821057434
test_08823,0.21461403868699122
test_08824,0.5670557274470799
test_08825,0.908801375864228
test_08826,0.0015536488537014823
test_08827,0.9999993709658329
test_08828,0.9700392741096927
test_08829,0.15365355342826742
test_08830,0.9171678442718889
test_08831,0.6564276333951591
test_08832,0.08801697493180285
test_08833,0.9650254961184036
test_08834,0.6654038408477059
test_08835,0.9887209635655719
test_08836,0.4972250079225726
test_08837,0.15256336493585346
test_08838,0.8433754025950532
test_08839,0.9814416855645851
test_08840,0.8981439789290583
test_08841,0.7905563065452715
test_08842,0.024802246108706762
test_08843,0.9245765123566135
test_08844,0.006750710720141477
test_08845,0.0014516233949307341
test_08846,0.8906931113252773
test_08847,0.9284537548519431
test_08848,0.0006685315173079828
test_08849,0.0671581592507084
test_08850,0.9965291635442202
test_08851,3.397351941449934e-05
test_08852,0.19693722723916623
test_08853,0.9941429336302033
test_08854,0.9825499590131425
test_08855,0.5053548171403988
test_08856,0.7615026164490432
test_08857,0.9935205873676017
test_08858,0.9997551805181204
test_08859,6.826797933683566e-05
test_08860,0.9997963128512364
test_08861,0.9181158025541084
test_08862,0.05653843718107054
test_08863,0.0064515150429059805
test_08864,0.09053551063234201
test_08865,0.06697427171205592
test_08866,0.8390961600314025
test_08867,0.9892694122491389
test_08868,2.2346819775675938e-07
test_08869,0.8918196093527574
test_08870,0.8909665379366839
test_08871,0.9045386298837588
test_08872,0.21298368341320445
test_08873,0.9419501178961445
test_08874,2.459590026822622e-05
test_08875,0.999982359727978
test_08876,0.9988349386607901
test_08877,0.6059723929230952
test_08878,0.2557232903681812
test_08879,0.6425821402379734
test_08880,0.7067978168842394
test_08881,0.9999783400290597
test_08882,0.0003292597740286874
test_08883,0.08550275599772657
test_08884,0.9597832622994046
test_08885,0.0005771774595265085
test_08886,6.860839667020229e-06
test_08887,0.013821731141327755
test_08888,0.33326270839308036
test_08889,0.9999999470690665
test_08890,0.5488578325634088
test_08891,0.4230756484911299
test_08892,0.08933012040713119
test_08893,0.045957113130468186
test_08894,0.9992606924342053
test_08895,0.13966286062780933
test_08896,0.9999997927937605
test_08897,5.191388172358913e-07
test_08898,0.8710727776630859
test_08899,0.001996059618405346
test_08900,0.9998872479803363
test_08901,0.9999601591409231
test_08902,0.7881614401064532
test_08903,0.7260689017380891
test_08904,0.9999944159373086
test_08905,0.9987730495923396
test_08906,0.9902252444747344
test_08907,0.9988954823585141
test_08908,0.9999076273930285
test_08909,0.0760891337816318
test_08910,1.843262782098052e-05
test_08911,0.9999818478715145
test_08912,0.044087178798314294
test_08913,0.05198089440208871
test_08914,4.0373498184825653e-07
test_08915,0.3176937188661066
test_08916,0.9998298442194864
test_08917,0.998874299088848
test_08918,0.9972297319234155
test_08919,0.8481773506111836
test_08920,4.133476922523923e-07
test_08921,0.5936927555700849
test_08922,0.3932113915610167
test_08923,0.7195965756576599
test_08924,0.9999902046355137
test_08925,0.9822760606318466
test_08926,0.00396585833681303
test_08927,0.18208853663431973
test_08928,0.23789388129271508
test_08929,0.9999874508463305
test_08930,0.9999999994936933
test_08931,0.022665428895557848
test_08932,0.4301984058995753
test_08933,0.6533904434556818
test_08934,0.321501408722754
test_08935,0.9987196289891669
test_08936,0.999917575104205
test_08937,0.993367816241535
test_08938,0.9987030967293217
test_08939,8.998162449188389e-10
test_08940,0.14722250102936268
test_08941,0.009191109142554256
test_08942,0.5908914692560904
test_08943,0.9392330817192927
test_08944,0.9959049361222996
test_08945,0.9990134477467789
test_08946,0.9299978562535465
test_08947,0.7011827697098896
test_08948,0.996704457408217
test_08949,0.09480260994804528
test_08950,0.07214933197698804
test_08951,0.9920210125663385
test_08952,0.5590130566055789
test_08953,0.8749663427669174
test_08954,0.9461688249920089
test_08955,0.9922274907794161
test_08956,0.9964581044208862
test_08957,0.13357152654388244
test_08958,0.0006338133563845827
test_08959,0.007695296413901357
test_08960,0.9098996629417412
test_08961,0.0005276199104898624
test_08962,0.0007421767287398865
test_08963,0.06380478247030942
test_08964,0.0016293952033538859
test_08965,6.5872640221566475e-06
test_08966,0.7963546038796206
test_08967,2.2418017869960494e-05
test_08968,0.9995705163568982
test_08969,1.2282979316846508e-05
test_08970,0.9994730999381118
test_08971,5.204172811243785e-05
test_08972,3.3428216423297736e-06
test_08973,0.9999983186638062
test_08974,0.21194253699459803
test_08975,0.2553598764515244
test_08976,0.037711632900515574
test_08977,0.8633869891289639
test_08978,0.739373287295549
test_08979,0.9658720414941713
test_08980,0.9997538881915093
test_08981,0.9999743666237235
test_08982,0.9999939310138504
test_08983,0.5692447489334367
test_08984,0.3660960871973236
test_08985,8.835282022928641e-05
test_08986,0.9431571793621759
test_08987,6.940167104394886e-06
test_08988,0.0009538139418876221
test_08989,0.9993027453449518
test_08990,0.05025986084461534
test_08991,0.03571023161326364
test_08992,0.09485373536199626
test_08993,0.29455154453767235
test_08994,0.9918263191236326
test_08995,8.102000736736987e-09
test_08996,0.9999011489876255
test_08997,0.9790523861991396
test_08998,0.7055312441634134
test_08999,0.9763861844640687
test_09000,0.9847427161477277
test_09001,0.9705837486364874
test_09002,0.00010232927070835192
test_09003,0.9949375105005157
test_09004,0.20622790178984604
test_09005,0.9999758527992694
test_09006,0.9158876397512683
test_09007,0.5254884259559519
test_09008,0.15331240344826255
test_09009,0.9764801043507803
test_09010,0.9999796125620369
test_09011,5.012751535816389e-07
test_09012,0.9979540191116313
test_09013,0.9989558626553502
test_09014,0.0006151907786975669
test_09015,0.973452347441403
test_09016,0.9939892152540346
test_09017,0.7219202401057048
test_09018,0.9947433928044177
test_09019,0.9986366257163268
test_09020,0.012584846916137836
test_09021,0.47052064870813565
test_09022,0.9999944040437132
test_09023,2.0891566911197094e-05
test_09024,0.8456316660197268
test_09025,0.9970063129444936
test_09026,0.9951184264262394
test_09027,0.9187806754294361
test_09028,0.20189360983837124
test_09029,0.0013221100165233565
test_09030,0.999913740815405
test_09031,0.08715627572146457
test_09032,0.9999266859161586
test_09033,0.6328061845614728
test_09034,3.426311312918228e-07
test_09035,0.05639336034098997
test_09036,0.010465960058998318
test_09037,5.019249516115555e-05
test_09038,6.764055352035428e-08
test_09039,4.281884743392012e-06
test_09040,0.9231906277931994
test_09041,0.8778397155386403
test_09042,0.9809067294822092
test_09043,0.0672671378809926
test_09044,0.5836806838644039
test_09045,0.0036467581247961625
test_09046,0.9849464205907581
test_09047,0.01731157675712569
test_09048,0.0006303825952154637
test_09049,0.9999998629907048
test_09050,0.08908621114845096
test_09051,0.9947023334662021
test_09052,0.9999770290425544
test_09053,0.7126211759082921
test_09054,0.8265129314790266
test_09055,0.09825737983000186
test_09056,0.07179846621663366
test_09057,8.855992930743893e-08
test_09058,0.66528004272884
test_09059,0.08346645636550913
test_09060,0.9960757625558826
test_09061,0.00023247911549319737
test_09062,0.03536269002676249
test_09063,0.9999762482237786
test_09064,0.0028800514163042036
test_09065,0.9993919447356779
test_09066,0.5029649771861907
test_09067,0.9939673273264447
test_09068,1.854635514062347e-06
test_09069,5.444734144645708e-05
test_09070,0.010510718919209497
test_09071,0.6469516597119286
test_09072,0.9999491949346083
test_09073,0.9887043289845113
test_09074,0.9965557246006298
test_09075,0.4204793198015649
test_09076,0.48304488196306594
test_09077,0.999987980114157
test_09078,0.9999999927718799
test_09079,0.9999780337652245
test_09080,0.8994133433292008
test_09081,0.7119785790401683
test_09082,0.0200116498214102
test_09083,0.997889174760578
test_09084,0.06059408275883936
test_09085,0.9502065871928084
test_09086,0.9998972057803107
test_09087,0.006122024823281694
test_09088,0.060442659742754416
test_09089,0.744117412567691
test_09090,0.3516238423348789
test_09091,0.09451485366805266
test_09092,2.176461536904615e-08
test_09093,0.16874311265501504
test_09094,0.9998823698795957
test_09095,0.9950782284243423
test_09096,1.422535797807639e-05
test_09097,0.07668293365733525
test_09098,0.8973898693794807
test_09099,0.25378661175239664
test_09100,0.031532780209241724
test_09101,0.10064689249974822
test_09102,0.0009210145503864771
test_09103,0.1410373687062579
test_09104,0.9959986774567319
test_09105,0.012768988322357053
test_09106,0.261389770548533
test_09107,4.947649671839304e-05
test_09108,0.999694984237901
test_09109,5.860584900264991e-05
test_09110,0.9117342409170108
test_09111,0.9559880614001236
test_09112,0.999487989884264
test_09113,0.9923891318340267
test_09114,0.0006448333330162174
test_09115,0.39796019277435407
test_09116,0.9184063138821859
test_09117,0.0624618519662497
test_09118,0.9987679882681573
test_09119,0.001352303381820158
test_09120,0.9999998926651985
test_09121,0.9370666051556821
test_09122,0.989495416507718
test_09123,0.0807028571141852
test_09124,0.9210793774794556
test_09125,0.9902393691975011
test_09126,1.16348511078672e-06
test_09127,0.9999915703224206
test_09128,5.2591909496555926e-05
test_09129,0.02386203381066094
test_09130,0.0038410298567243565
test_09131,0.023868018513965177
test_09132,0.19686586595035171
test_09133,0.00907392137382422
test_09134,0.06642262305009083
test_09135,0.99999997276091
test_09136,0.9999870915851264
test_09137,0.9999332771496287
test_09138,0.6914106951904104
test_09139,0.34891577908175453
test_09140,0.9990284011345546
test_09141,0.003928108171794156
test_09142,0.0008519720238832314
test_09143,0.1911581127875868
test_09144,0.9463095540850143
test_09145,0.9995741763378649
test_09146,4.906821987674016e-07
test_09147,0.9096021692808963
test_09148,5.775669898092459e-06
test_09149,0.9632631398757131
test_09150,0.14444102050829738
test_09151,0.05953203655549632
test_09152,3.9331265864119735e-05
test_09153,0.4803325969718377
test_09154,0.9573191281768906
test_09155,0.8134505302601898
test_09156,0.058397152863388396
test_09157,2.4177744282878463e-06
test_09158,0.8042033714682818
test_09159,0.277544805776347
test_09160,0.7371181448826222
test_09161,0.9613259673338093
test_09162,0.005385359774817214
test_09163,0.9989928162425664
test_09164,0.18655638903798819
test_09165,0.033858853815957456
test_09166,0.9500394219501915
test_09167,0.18600242853647303
test_09168,0.9997490925618975
test_09169,0.99993732206919
test_09170,0.3334412995350499
test_09171,0.6924186386573283
test_09172,0.9954490572533556
test_09173,0.9999178981844831
test_09174,0.002475804512515805
test_09175,9.77083990994759e-07
test_09176,0.021232468830769412
test_09177,0.6697040650129118
test_09178,0.9952155594042225
test_09179,0.003030169913593211
test_09180,0.0010185200040823952
test_09181,0.3654246997849111
test_09182,0.9999998629907048
test_09183,1.713567141586423e-05
test_09184,0.0008230557549303533
test_09185,0.01853090312771097
test_09186,0.13982141334335
test_09187,0.9999927385041956
test_09188,0.009268572435444558
test_09189,1.3847844763314539e-05
test_09190,0.9999999693645465
test_09191,0.8316594580954056
test_09192,0.0008004795325912167
test_09193,0.9419861445578638
test_09194,6.495018694688367e-05
test_09195,0.9999971680953454
test_09196,0.9999990278685764
test_09197,0.8158880873738019
test_09198,0.1641609160849076
test_09199,0.985720262340602
test_09200,4.9951442006116654e-06
test_09201,0.42735250806605307
test_09202,7.697399460908542e-05
test_09203,0.9999904082623444
test_09204,0.9816032313179931
test_09205,0.25571101999710555
test_09206,0.5689934207287881
test_09207,0.03857125835556645
test_09208,0.24632409613112713
test_09209,0.00018779991857063654
test_09210,0.6786431191070232
test_09211,0.9649349906696907
test_09212,1.5852733214975683e-06
test_09213,0.9987728631605435
test_09214,0.8784133709140889
test_09215,0.4378815754638857
test_09216,0.004893097483476564
test_09217,0.5935710907887137
test_09218,0.9284713190100498
test_09219,0.9941107797549281
test_09220,0.9974761370659108
test_09221,0.9792626917583939
test_09222,0.03266994644691348
test_09223,0.5059497932245529
test_09224,0.9959926338225342
test_09225,0.9999960739839859
test_09226,0.999948031306028
test_09227,3.000829787599716e-07
test_09228,0.016108015245889964
test_09229,5.85669406525615e-05
test_09230,0.5920320036182569
test_09231,0.9915468463376643
test_09232,0.08798590562635815
test_09233,0.0994202427055635
test_09234,0.9992014614647582
test_09235,9.768869434932456e-05
test_09236,0.037436023085780354
test_09237,0.999940418814792
test_09238,0.9999995057994032
test_09239,0.5121032443944148
test_09240,0.43605856413527916
test_09241,0.03187942244415888
test_09242,0.9859554495979336
test_09243,7.757693940555824e-07
test_09244,0.3183188603798009
test_09245,0.9999999909714218
test_09246,0.7903975948922709
test_09247,0.42452488096807983
test_09248,0.6298105918158534
test_09249,0.9999961728896875
test_09250,0.00025443404176819497
test_09251,0.016257338526284446
test_09252,3.2970422080304027e-06
test_09253,0.9999996395555307
test_09254,0.1467386201934918
test_09255,0.37526843559461054
test_09256,0.88340322380841
test_09257,0.020416509498063472
test_09258,0.0014555164382636908
test_09259,0.950048808604275
test_09260,5.1603217584360035e-05
test_09261,0.011377777837114831
test_09262,0.9093153772050734
test_09263,0.5124880561617194
test_09264,0.6983362466270189
test_09265,0.8512837462062439
test_09266,0.9999431680847497
test_09267,0.9427089187014858
test_09268,0.9999473346136823
test_09269,0.1349879507431198
test_09270,6.7952397704652445e-06
test_09271,0.9979672975800015
test_09272,0.9993772375606796
test_09273,0.9999813721192974
test_09274,0.1862550460700325
test_09275,5.643586658100064e-06
test_09276,0.5423239142306068
test_09277,0.9999755043035992
test_09278,0.40994250410935074
test_09279,0.006096356084613969
test_09280,0.05404599360086019
test_09281,0.5090792144263876
test_09282,0.014596650038618592
test_09283,1.3273001629106358e-05
test_09284,0.9999942485573478
test_09285,0.014319405472073164
test_09286,0.08300116491940752
test_09287,0.9958865473376066
test_09288,0.24555860160012286
test_09289,0.999680349298803
test_09290,0.010613527898665664
test_09291,0.9906788105479136
test_09292,0.8289652127762239
test_09293,0.00012058515049975437
test_09294,0.0016146126402208848
test_09295,0.00014855689460357497
test_09296,0.0006421691527240274
test_09297,0.9302961155066803
test_09298,0.9705701842037513
test_09299,0.01544646629572075
test_09300,0.0002637361766555036
test_09301,1.5846430972188313e-05
test_09302,0.9981750638531667
test_09303,0.9999864875006911
test_09304,0.08734831848342584
test_09305,0.7499804471732053
test_09306,0.048511453796295526
test_09307,0.00857223176004155
test_09308,1.1725008565316195e-05
test_09309,0.9221928982973511
test_09310,0.9999593238721473
test_09311,0.39074620851403946
test_09312,0.9923139398480741
test_09313,0.946888077934841
test_09314,8.998162449188389e-10
test_09315,0.1386496168744308
test_09316,0.8864845931239019
test_09317,0.9999964993264361
test_09318,0.6167966771811106
test_09319,0.0826761878581264
test_09320,0.9197968649398518
test_09321,0.9865759414104915
test_09322,0.9022380855289316
test_09323,0.9999999966929578
test_09324,0.8735242972023851
test_09325,0.9999999435694665
test_09326,0.8104013233646173
test_09327,0.005816686922883404
test_09328,0.560798606198887
test_09329,0.02590341912535378
test_09330,0.008059915849759125
test_09331,0.9999999954428297
test_09332,0.03817373970264936
test_09333,0.49180053173687416
test_09334,0.9999672824110386
test_09335,0.002207193004163275
test_09336,0.015413430263649342
test_09337,0.10423432279005541
test_09338,0.21952925856058178
test_09339,0.28432551300957054
test_09340,0.9681834526766
test_09341,0.020092417655191614
test_09342,0.8448900186891526
test_09343,7.98314564161165e-06
test_09344,0.9221394092474464
test_09345,0.8942451387157253
test_09346,0.9133303985432452
test_09347,1.0476216325955767e-06
test_09348,0.8130101591877131
test_09349,0.00021379372287833723
test_09350,0.9353200326522942
test_09351,0.998674183972383
test_09352,0.005033359488868374
test_09353,0.0006409719582255013
test_09354,0.996376503306557
test_09355,0.9999534731162071
test_09356,0.9989580962010921
test_09357,0.9878503367825449
test_09358,0.0007807380702179791
test_09359,2.83866821411882e-07
test_09360,0.44581005450696476
test_09361,0.1513823076991108
test_09362,0.009242328135793459
test_09363,0.945765004153473
test_09364,3.453873660157812e-06
test_09365,0.0005920013749675675
test_09366,0.747773801379684
test_09367,0.4790791427112572
test_09368,0.43880093636932155
test_09369,0.2160333558801262
test_09370,0.009145719561068187
test_09371,0.06951954335445702
test_09372,0.9999411218897081
test_09373,7.329477737933395e-06
test_09374,0.9999977054655038
test_09375,0.01796084364021346
test_09376,0.006780289213255993
test_09377,0.5194326811977047
test_09378,0.9999067932070627
test_09379,0.9999986917035193
test_09380,0.005486991595317399
test_09381,0.8183283200371949
test_09382,0.9999999022875431
test_09383,0.8163727983982833
test_09384,0.07569820526666429
test_09385,0.9999994772422343
test_09386,0.9993343201907399
test_09387,0.8942128678494901
test_09388,0.819453149703132
test_09389,0.9996932647345522
test_09390,0.8964118301956626
test_09391,0.0033384970628852068
test_09392,0.0006355335769936095
test_09393,0.01812432746386266
test_09394,0.9999936174631807
test_09395,0.46396191661951947
test_09396,0.8390419722557835
test_09397,0.007483959223724927
test_09398,0.9950874010154681
test_09399,9.991913263934278e-05
test_09400,0.523372236790553
test_09401,0.7376352345066683
test_09402,0.9445873434281631
test_09403,0.014554307106138092
test_09404,0.9849585342310299
test_09405,0.09014312526356295
test_09406,0.7117412310664812
test_09407,0.9076491875556406
test_09408,0.02949091287213775
test_09409,0.11708478459844676
test_09410,0.996761990265636
test_09411,0.9999989778358869
test_09412,0.9946154778261962
test_09413,0.9995931782216206
test_09414,3.9140930070380054e-05
test_09415,0.9999976672718303
test_09416,0.9999957492679421
test_09417,9.953399511286e-06
test_09418,0.9965710882060159
test_09419,0.0727989494043396
test_09420,0.9958543493832889
test_09421,0.0004445063948385039
test_09422,0.009184296365105862
test_09423,0.3155880927855995
test_09424,0.9968349245381802
test_09425,0.295310118353414
test_09426,0.8534486140327365
test_09427,0.009912479887599536
test_09428,0.0013344175829527614
test_09429,0.919819922391526
test_09430,0.9036097572813508
test_09431,0.979707532787241
test_09432,0.23807918338886677
test_09433,0.746843791945224
test_09434,0.9928102465696963
test_09435,0.9161442202236982
test_09436,5.0048921025024245e-05
test_09437,0.00028959070173299533
test_09438,0.7903052953509266
test_09439,0.48467858850144074
test_09440,0.9996743027278463
test_09441,0.00264323510986556
test_09442,0.021906437621154098
test_09443,0.9863526004145481
test_09444,0.9866113081632849
test_09445,0.4892562217068869
test_09446,0.45412197274725585
test_09447,0.09758683980621823
test_09448,0.9691140237748305
test_09449,0.9054271762299482
test_09450,0.9999930334467103
test_09451,0.0008344670189444046
test_09452,0.9999940540369845
test_09453,0.9999446502883828
test_09454,0.24940177601224275
test_09455,0.9999997765318023
test_09456,0.9987685509364645
test_09457,0.0021869666920814124
test_09458,0.09215665146118367
test_09459,0.9999972268629091
test_09460,0.9999189100010897
test_09461,0.9999964049484119
test_09462,0.13542843489136425
test_09463,0.0019800493700615402
test_09464,0.05307782285011137
test_09465,0.9998789093202943
test_09466,0.0003259775881114904
test_09467,0.9514946883629192
test_09468,0.4933852765655439
test_09469,0.0006107742698966797
test_09470,0.9999993509220745
test_09471,0.19255878411534705
test_09472,0.9991575721246042
test_09473,0.09179182989482172
test_09474,0.35084937808286687
test_09475,0.9999835254852696
test_09476,0.28678853073864213
test_09477,0.20051757073789075
test_09478,0.0002908237276470709
test_09479,0.6446825089097389
test_09480,1.2656449294219566e-05
test_09481,2.234628528677584e-05
test_09482,5.1603217584360035e-05
test_09483,0.8542413760103429
test_09484,0.0010134359490507037
test_09485,0.00033997022321303566
test_09486,0.4493555748681349
test_09487,0.9999958725543184
test_09488,0.0004276516180453657
test_09489,0.9444254643856824
test_09490,0.07611956098431945
test_09491,0.047992546168746396
test_09492,0.999690630540364
test_09493,0.007555895549410055
test_09494,0.5046599091446576
test_09495,0.009157054006002018
test_09496,0.02317093640751915
test_09497,1.0289540807913793e-05
test_09498,0.9997166209842991
test_09499,0.9962233141932663
test_09500,0.9998126923188029
test_09501,0.9999847103353783
test_09502,0.0996499713141677
test_09503,0.9822727255700053
test_09504,0.12277902356503737
test_09505,0.9990940423635442
test_09506,0.7844203152748084
test_09507,0.9999446502883828
test_09508,0.9999994589806157
test_09509,0.004830896529518581
test_09510,0.49943000096720513
test_09511,3.064047057823648e-05
test_09512,0.014712160591817451
test_09513,0.5006150004921833
test_09514,0.9999432827359028
test_09515,0.039069348169727895
test_09516,0.8055105665026293
test_09517,0.9479309041143713
test_09518,0.0004870353444052481
test_09519,0.9997215565316305
test_09520,0.49666500820637666
test_09521,0.8549895773229949
test_09522,1.4111657214864205e-05
test_09523,0.0002104221200121726
test_09524,0.9992468695927588
test_09525,0.9300749021781312
test_09526,0.9988899845598097
test_09527,0.26894447831803286
test_09528,0.0033659029732952626
test_09529,0.9994920011892281
test_09530,0.007960662882833536
test_09531,0.016645873953451348
test_09532,0.09267116682738669
test_09533,0.9999455151635053
test_09534,0.9989059051976319
test_09535,0.04451413025691355
test_09536,6.092135273437901e-05
test_09537,0.9999995834421663
test_09538,0.04475777537332805
test_09539,0.916193745683406
test_09540,6.193498812996367e-06
test_09541,0.038448670998045914
test_09542,0.0923599548107197
test_09543,0.93962242158233
test_09544,0.9633497918297649
test_09545,0.9584829581564639
test_09546,0.002072926470957456
test_09547,1.3140426938636234e-06
test_09548,2.386684392662801e-06
test_09549,0.9992845602160897
test_09550,8.572176856933846e-07
test_09551,0.11216189719446296
test_09552,0.9909739468114436
test_09553,8.072406956845491e-05
test_09554,4.0057479470701127e-07
test_09555,0.00014718646698808841
test_09556,0.17990097744513048
test_09557,0.5497959305980958
test_09558,0.08732843902051751
test_09559,0.9982100878794057
test_09560,0.03480768560351525
test_09561,0.005713823225210871
test_09562,0.9999983574135738
test_09563,0.013205671761187808
test_09564,0.870915983907131
test_09565,0.9999912311093567
test_09566,0.3116345122624941
test_09567,0.9335699057436871
test_09568,0.9999994589806157
test_09569,0.010530372075099565
test_09570,0.039647277135262976
test_09571,0.3663326193948666
test_09572,0.16697970097051382
test_09573,0.9998205501419607
test_09574,0.9999999966929578
test_09575,0.5603683777129584
test_09576,0.3879675986607269
test_09577,2.6536238516428892e-05
test_09578,0.044712485440266486
test_09579,0.9999798849601234
test_09580,0.0004673208109275979
test_09581,0.5436216637047473
test_09582,0.730733313005957
test_09583,9.553409373743455e-05
test_09584,0.9998197232448015
test_09585,0.6092104361019136
test_09586,0.8625628322765398
test_09587,5.34913705110729e-06
test_09588,0.9346537408198451
test_09589,0.9068562148714682
test_09590,0.648474131063177
test_09591,0.9990429060196708
test_09592,0.9987980089536144
test_09593,0.21924564983598965
test_09594,0.9998037275367828
test_09595,0.9984340018463267
test_09596,0.9999964238682516
test_09597,0.8607564299658945
test_09598,0.5282673507357784
test_09599,9.937510381036536e-06
test_09600,0.006079727968301877
test_09601,0.9485766057960323
test_09602,0.18978403878783864
test_09603,0.09705337078437393
test_09604,0.061592967498225785
test_09605,0.9564120178813914
test_09606,0.7556772685746382
test_09607,0.16330776202108846
test_09608,0.16297366332763838
test_09609,0.8966127727487943
test_09610,0.9983051889232964
test_09611,0.16529161249555682
test_09612,0.9958114483855331
test_09613,0.0016766122666210348
test_09614,0.16656653174722394
test_09615,0.0047351118430251915
test_09616,4.2307186293020086e-05
test_09617,0.9999995162960815
test_09618,0.0872003951686815
test_09619,0.16902163259266345
test_09620,0.9998834751034743
test_09621,0.9999856795781488
test_09622,0.026164815973085155
test_09623,0.9994195454840312
test_09624,0.00011043306065824872
test_09625,0.9999976055967119
test_09626,0.9501066425183181
test_09627,0.14829942125673007
test_09628,0.00037417433472984336
test_09629,0.7805728509157664
test_09630,0.9987978245487312
test_09631,4.204640849141065e-08
test_09632,7.38409256979744e-06
test_09633,0.9985238901367336
test_09634,0.37369207397847165
test_09635,0.5160158896566085
test_09636,0.005691299873334335
test_09637,0.507604576411188
test_09638,0.00010692143692618415
test_09639,0.9059481641963291
test_09640,0.00017780395285049523
test_09641,0.0005257005008607912
test_09642,0.18954274573548796
test_09643,0.9914239443003323
test_09644,0.009371097362620831
test_09645,0.6502926184975771
test_09646,0.002353735607098518
test_09647,0.013455934958010594
test_09648,0.9155591847527865
test_09649,2.3924414882233257e-05
test_09650,0.022417109429552773
test_09651,0.028402936266482364
test_09652,0.4972200310499176
test_09653,0.9162152678468843
test_09654,0.00021939901628192308
test_09655,0.7453784495988751
test_09656,0.9999041166390691
test_09657,1.6879291011768105e-06
test_09658,0.046910851172181474
test_09659,0.6472180228203246
test_09660,0.8836954604056919
test_09661,0.9999936175388523
test_09662,0.006674719799899655
test_09663,0.9998633607017956
test_09664,0.9556153755998803
test_09665,0.12935585415310255
test_09666,0.9747178556000725
test_09667,0.004250792263597744
test_09668,1.1229552449086002e-07
test_09669,0.9999875931212433
test_09670,0.2181168391267504
test_09671,1.4454252639481352e-05
test_09672,0.9632242874238996
test_09673,0.0014424189181909783
test_09674,0.22295917278757976
test_09675,0.007540665811053143
test_09676,0.9504185670725973
test_09677,0.018296338931367163
test_09678,0.5599529100329484
test_09679,0.02489615116567655
test_09680,0.9389219041814617
test_09681,0.812273762217623
test_09682,0.006370994911403096
test_09683,0.14599650221773297
test_09684,0.9857737856206149
test_09685,0.40033030436491535
test_09686,0.10457929553713513
test_09687,0.0002880967558669609
test_09688,0.7932813397382309
test_09689,6.129068474189107e-08
test_09690,0.9917244834380069
test_09691,0.9998763088960002
test_09692,0.752487303407277
test_09693,0.46638804876892964
test_09694,0.9999938564884129
test_09695,0.067347998913397
test_09696,0.0005326760866607274
test_09697,0.988861783453094
test_09698,0.9998843554479027
test_09699,0.11971205101803124
test_09700,0.4954950829686559
test_09701,0.4709396027509985
test_09702,0.9999587076657256
test_09703,0.8037119088809697
test_09704,0.9961171405895123
test_09705,0.9999956451064065
test_09706,0.5082844471646832
test_09707,0.9981234890566527
test_09708,0.4447893411769512
test_09709,0.006104903784541176
test_09710,0.09916933163027528
test_09711,0.050420115509833836
test_09712,4.376932079546581e-05
test_09713,0.9996747694583409
test_09714,0.8073812655476955
test_09715,0.0166828613034943
test_09716,0.00044132798528822393
test_09717,0.9971991471828938
test_09718,0.8902186750766925
test_09719,0.0007598020278639411
test_09720,0.845205009476964
test_09721,0.16702204762665485
test_09722,0.004830901235406757
test_09723,0.9803121381390242
test_09724,0.2661443862513168
test_09725,0.8177165275528091
test_09726,0.0033607336888798003
test_09727,0.9876968469964582
test_09728,0.015713002796493205
test_09729,0.06418210206127516
test_09730,0.9999934642222994
test_09731,0.08277230438079425
test_09732,0.0799246962613386
test_09733,0.5976214945875512
test_09734,0.09072531714015537
test_09735,0.07663400230368138
test_09736,0.020482795244588358
test_09737,0.9998536193026256
test_09738,4.4475983099060685e-05
test_09739,0.004646959997002345
test_09740,8.805680722882065e-07
test_09741,0.0026639437074124517
test_09742,0.0006297228942000494
test_09743,0.9836370891093744
test_09744,0.9999933610466222
test_09745,0.6957700158274266
test_09746,0.920298878972851
test_09747,0.9931464091405989
test_09748,0.4764630498885367
test_09749,0.9999989625625271
test_09750,0.9906340732249209
test_09751,0.819279592942035
test_09752,0.5804720232905015
test_09753,0.9863576012086873
test_09754,3.2602002294700465e-05
test_09755,0.6053732925684395
test_09756,0.8108695156466238
test_09757,0.9999369593943824
test_09758,0.9388988703797954
test_09759,0.9999683437391529
test_09760,3.6648611893478356e-05
test_09761,0.3828916695873319
test_09762,0.00012874521209546442
test_09763,0.9999266856566199
test_09764,0.08253747582356417
test_09765,0.0053005780485990564
test_09766,0.00047399636968623325
test_09767,0.0002467588032536289
test_09768,0.9875821841613371
test_09769,3.846860534256614e-06
test_09770,0.0033575053454824606
test_09771,0.514436989748491
test_09772,0.9996327226099252
test_09773,0.9946007879744866
test_09774,0.0004928126311328882
test_09775,0.0010234461794810914
test_09776,0.9817359368231284
test_09777,0.9394957414399957
test_09778,1.2237167092535788e-06
test_09779,0.8969993501748706
test_09780,1.0945405940342479e-05
test_09781,0.0421450382904013
test_09782,0.9999896780104979
test_09783,0.9821800202592932
test_09784,1.1179792424960938e-05
test_09785,0.999999386727403
test_09786,0.037896061619649285
test_09787,0.6658348017837905
test_09788,0.9999973180189017
test_09789,0.549433609607705
test_09790,0.014047453244868766
test_09791,0.9992051878645161
test_09792,0.15889982251610435
test_09793,0.9876024640949139
test_09794,0.0015079158610612126
test_09795,0.4768823682233445
test_09796,0.34211508396597046
test_09797,0.02977363020414529
test_09798,0.9999990524132271
test_09799,0.8622108409254626
test_09800,0.7185339794632889
test_09801,0.11680237403923488
test_09802,0.9999999923424768
test_09803,0.9963667373201203
test_09804,0.8595964176197194
test_09805,0.9664738647093276
test_09806,0.9671526465564253
test_09807,0.9999923958229396
test_09808,0.975379829129769
test_09809,0.19233668720300212
test_09810,0.9999448011684923
test_09811,0.002088839925252072
test_09812,0.2089089371369183
test_09813,5.2924074006403134e-08
test_09814,0.9809380910399317
test_09815,0.19784512867701096
test_09816,0.5168352068675892
test_09817,0.08780630163869403
test_09818,0.9713040237073571
test_09819,0.9743938076681715
test_09820,0.9961195846829641
test_09821,0.0008874003150820106
test_09822,0.9999999914437384
test_09823,0.9999999558868686
test_09824,0.998005155803992
test_09825,0.9999972185410145
test_09826,0.9999988633864633
test_09827,0.7066934327648662
test_09828,0.9943393769347142
test_09829,0.5473434121702943
test_09830,0.9999943205039524
test_09831,0.9999962022152792
test_09832,0.9999009458144005
test_09833,0.9999761250168667
test_09834,0.9985773135255805
test_09835,1.3229690001178273e-08
test_09836,0.9999959739315438
test_09837,0.9999972017596582
test_09838,0.9738562409668423
test_09839,0.9895750286308491
test_09840,0.24709073983839205
test_09841,0.999804375046008
test_09842,4.8907621330328867e-05
test_09843,3.170811209793815e-06
test_09844,0.0005701521658079604
test_09845,0.33539900122019417
test_09846,0.909340232966411
test_09847,0.0005773034939958872
test_09848,0.4680676397056838
test_09849,0.9999964143579484
test_09850,0.9999833409522286
test_09851,0.9980334789116614
test_09852,0.9979655793927819
test_09853,0.9999999939926734
test_09854,0.6376246546308745
test_09855,0.08122565699566399
test_09856,0.008870502256607819
test_09857,0.9999236496613836
test_09858,0.7258874458262091
test_09859,0.00029135314570004047
test_09860,0.26233166704956395
test_09861,0.9994988065064924
test_09862,0.10439192627039597
test_09863,0.999992506312377
test_09864,0.8903278753106992
test_09865,0.25946147301753264
test_09866,0.6648901145504897
test_09867,4.977105266334327e-07
test_09868,0.9999914530338088
test_09869,0.9166795302899631
test_09870,0.2497772050599269
test_09871,0.0549354028193459
test_09872,0.14358932934506274
test_09873,0.9996427961393627
test_09874,0.19468095755339931
test_09875,0.9999999229485973
test_09876,0.9342801005376166
test_09877,0.1491063202883669
test_09878,5.9213791096968024e-06
test_09879,0.025328575509653905
test_09880,0.00014098001348420816
test_09881,0.999999691639853
test_09882,0.04808261533911075
test_09883,0.013953864964882498
test_09884,0.9992394717235158
test_09885,0.9935605529666129
test_09886,0.8926685973311049
test_09887,0.05733022965567113
test_09888,0.034176245327246974
test_09889,0.9885791156326956
test_09890,0.007904255270438728
test_09891,0.35057891201208774
test_09892,0.9999989727573774
test_09893,0.00630799729817291
test_09894,0.9852646730260411
test_09895,0.0006768485457955138
test_09896,0.02116567529963543
test_09897,0.9981373341430598
test_09898,0.5382140286578324
test_09899,0.9999664380025817
test_09900,6.50599940834345e-08
test_09901,0.015504181123911632
test_09902,0.9650807300507461
test_09903,0.039066664128926086
test_09904,1.690695064294603e-05
test_09905,0.9985738649351631
test_09906,0.004326158477642701
test_09907,0.7888773451517769
test_09908,8.81360106810356e-06
test_09909,0.2196011716801506
test_09910,0.0023391403173852357
test_09911,0.963301951759067
test_09912,0.746632360129894
test_09913,0.05557953370023758
test_09914,0.15708001449739195
test_09915,0.08276163127280584
test_09916,0.9999245361984571
test_09917,0.006019717144326394
test_09918,0.42182861137239125
test_09919,0.22982403869369797
test_09920,0.04812080719890885
test_09921,0.9057098955103842
test_09922,0.1014415021703436
test_09923,0.5368000040985867
test_09924,0.999081880768933
test_09925,0.9999990524132271
test_09926,0.9999913942157667
test_09927,0.03756185414251716
test_09928,0.04666753879833115
test_09929,0.9993923324267697
test_09930,0.9999966019351476
test_09931,0.9994884626148254
test_09932,0.9910334407799004
test_09933,0.08838809170421283
test_09934,0.007086964596297065
test_09935,0.3488784902225135
test_09936,0.999675983115712
test_09937,0.9999612697045013
test_09938,0.9996625093973339
test_09939,0.035531128269487205
test_09940,0.7391960225057693
test_09941,0.9992089042076815
test_09942,0.5608628826058812
test_09943,0.999999999999
test_09944,0.9666596027900158
test_09945,0.9987211621122545
test_09946,0.008927954595203404
test_09947,0.9949391310326436
test_09948,0.9870265836580225
test_09949,3.3855707949520675e-05
test_09950,0.2641373063714186
test_09951,0.9999983380567855
test_09952,0.28859125686299486
test_09953,0.010039353965062267
test_09954,0.0008075175448627007
test_09955,0.01621617789178528
test_09956,0.9989799523551081
test_09957,0.0769543371522414
test_09958,0.5270900707073553
test_09959,0.8653195855581066
test_09960,0.9998035833058072
test_09961,0.25925170523261926
test_09962,0.9999970400166961
test_09963,0.9669358184015289
test_09964,0.11430774969359937
test_09965,0.03220568246035746
test_09966,0.9170459316309248
test_09967,0.0914506061183139
test_09968,0.0002934747344357816
test_09969,0.8704477641074613
test_09970,0.015378141811124424
test_09971,8.679812870799823e-06
test_09972,0.4781304688679622
test_09973,0.5269553620115703
test_09974,0.9999978548157615
test_09975,0.004041247253632335
test_09976,0.9210876637296358
test_09977,1.0779700083335504e-05
test_09978,0.4042785212398502
test_09979,0.9569448629904491
test_09980,0.4043417000749396
test_09981,0.9961822152794793
test_09982,0.9999989727573774
test_09983,0.9717384913589453
test_09984,4.82816928358557e-06
test_09985,0.00013384317805317762
test_09986,0.8986044966034172
test_09987,0.08328614881478187
test_09988,0.9944773336892196
test_09989,0.990593812354251
test_09990,0.2866033990844643
test_09991,0.9994951751694757
test_09992,4.430737288545659e-05
test_09993,1.0734548102561963e-06
test_09994,0.9999999969746468
test_09995,0.9999999983991024
test_09996,0.9998283014495722
test_09997,0.448899121041179
test_09998,0.0002109446535896008
test_09999,0.9999989778358869
test_10000,0.5061997772242598
test_10001,0.9989789339295003
test_10002,0.9999996689876413
test_10003,0.8663684286406371
test_10004,0.9992552363744835
test_10005,1.7682581619748234e-05
test_10006,0.9605139336453707
test_10007,0.49240543543414356
test_10008,0.6046336670846036
test_10009,2.2418017869960494e-05
test_10010,0.9999996025917716
test_10011,0.4804474714382559
test_10012,7.804889340480988e-05
test_10013,0.06689931661292418
test_10014,3.9841240041784024e-05
test_10015,0.05156681038059901
test_10016,0.36899880571488036
test_10017,0.49743502039458987
test_10018,0.9986401893047369
test_10019,0.0004488013264532983
test_10020,0.006440840758755117
test_10021,0.49267536959743
test_10022,0.13718728798127275
test_10023,0.007825262407194354
test_10024,0.9546346788671847
test_10025,4.9547946988839876e-05
test_10026,0.9826785556759254
test_10027,0.06785523314609755
test_10028,2.4805128724043535e-06
test_10029,0.9997686198256306
test_10030,0.5923584442289624
test_10031,0.43516485839557256
test_10032,4.694260304017963e-05
test_10033,0.10145845913432096
test_10034,0.18744120333677544
test_10035,0.8839741179629546
test_10036,0.4304891766036383
test_10037,0.9999999889709025
test_10038,0.9844834962607811
test_10039,0.22689744917744992
test_10040,0.5214551181225512
test_10041,0.9147955811834783
test_10042,0.13008335786219385
test_10043,0.5968345715711663
test_10044,0.9981969956412444
test_10045,0.2345472508977753
test_10046,0.9999911415741413
test_10047,0.6573901646762298
test_10048,0.13935491326120056
test_10049,0.9924344516153946
test_10050,0.6046433505148054
test_10051,0.9694204869362048
test_10052,0.8022514919738538
test_10053,0.009176911236914501
test_10054,0.9733481248644033
test_10055,0.002638425274320052
test_10056,0.5507188590423339
test_10057,0.9999416274043944
test_10058,0.589984341178615
test_10059,0.9999940907116583
test_10060,0.5808592955757896
test_10061,9.237260697143125e-05
test_10062,5.53875205637069e-05
test_10063,0.9999991520454494
test_10064,3.3703864481080097e-06
test_10065,1.262848214424066e-06
test_10066,0.9999793612741035
test_10067,0.9400049633642478
test_10068,0.9537601128500736
test_10069,0.021356185033570032
test_10070,0.6943861364990457
test_10071,0.9994522474215076
test_10072,0.06407623418181167
test_10073,0.07548404415555411
test_10074,5.245157370986189e-06
test_10075,0.9995435485383047
test_10076,0.0005890716668914858
test_10077,0.9932292617095878
test_10078,0.001559818225150583
test_10079,0.9990509327611556
test_10080,1.139907987254529e-07
test_10081,0.0005395794347710188
test_10082,0.999999912924651
test_10083,0.9991999692263492
test_10084,0.9290828225651386
test_10085,0.48970108217167413
test_10086,0.9997915135202301
test_10087,0.9998910102357054
test_10088,0.9137058110260614
test_10089,0.044046655012162816
test_10090,0.9893407297313176
test_10091,0.9999997319139111
test_10092,0.9999940296214334
test_10093,0.7638727846860843
test_10094,0.23679533506307868
test_10095,0.7299375381645031
test_10096,0.008679619209737218
test_10097,0.9997792267577462
test_10098,0.004334325418428929
test_10099,0.005552921343435748
test_10100,0.9999999996939506
test_10101,0.9998736798989634
test_10102,0.02295916829736127
test_10103,0.00523263663522135
test_10104,0.9998124815010082
test_10105,0.9999748756967423
test_10106,6.380880152636418e-05
test_10107,0.1017735090039161
test_10108,0.9079665771844989
test_10109,4.609970227204999e-06
test_10110,1.8130749733664634e-05
test_10111,0.09903088143152053
test_10112,0.00016676106770001123
test_10113,0.9936492790746208
test_10114,0.3524969997857278
test_10115,2.723416993069244e-08
test_10116,4.133476922523923e-07
test_10117,0.10184874448370611
test_10118,0.9512824742956537
test_10119,0.9999997927801819
test_10120,0.08176749174906735
test_10121,0.999976420085183
test_10122,0.13050861399900326
test_10123,0.3811719750208712
test_10124,0.9407186216657981
test_10125,3.995985806920599e-06
test_10126,0.0003423637529458465
test_10127,6.019654387590198e-06
test_10128,0.007575720676595322
test_10129,0.999996574032408
test_10130,0.46662726862275555
test_10131,2.8254852682107526e-05
test_10132,0.0036629866873564604
test_10133,6.378854420053569e-08
test_10134,0.00397400186318242
test_10135,2.7067170856769537e-06
test_10136,0.044473365197204
test_10137,0.08317466609061218
test_10138,0.9223614571736658
test_10139,0.01748723800237382
test_10140,0.07367273241140726
test_10141,0.0013195766562836013
test_10142,0.00945578511991108
test_10143,0.00018318356310118917
test_10144,0.31337631136966215
test_10145,0.002595630479781885
test_10146,3.438757799418023e-05
test_10147,0.999150496051954
test_10148,0.9995811282621238
test_10149,0.09691204891963089
test_10150,0.9995661900329628
test_10151,0.009358464849056362
test_10152,0.017426094025674674
test_10153,0.99998761076895
test_10154,0.9985663455392781
test_10155,0.024025720388717954
test_10156,0.9989746823286623
test_10157,0.398192655949796
test_10158,0.0042280353932726495
test_10159,0.24296636285644355
test_10160,0.13745167105045844
test_10161,0.6800418040748816
test_10162,0.9999999684816284
test_10163,0.9976035329157559
test_10164,0.09471437114233282
test_10165,3.114644056898592e-05
test_10166,0.9999982062662306
test_10167,0.9987937439225242
test_10168,0.9513163433048379
test_10169,0.9448138247050002
test_10170,0.0034227135658054667
test_10171,0.0009171574267867088
test_10172,0.3650088289485666
test_10173,0.9999804688826227
test_10174,0.9927324805226007
test_10175,0.6378037637910867
test_10176,1.9866523111638177e-06
test_10177,2.4726088534213367e-06
test_10178,0.6788959346647293
test_10179,0.006460340346809263
test_10180,0.8467154916819923
test_10181,0.00015499360032905217
test_10182,0.8999687832625505
test_10183,0.0038898567619599853
test_10184,0.02755643774761743
test_10185,0.9551705791351035
test_10186,0.0028292722958266877
test_10187,0.9990282354191298
test_10188,0.9998690406281537
test_10189,0.9994883442774206
test_10190,0.9580167168505416
test_10191,0.029865939830624886
test_10192,0.0008670176602225978
test_10193,0.2530870902111125
test_10194,0.6897293296961594
test_10195,0.6967852624873727
test_10196,4.3073569603518476e-08
test_10197,0.9994678057846847
test_10198,0.11559031120185909
test_10199,0.01646250720249226
test_10200,0.1897280568996243
test_10201,4.850294259667856e-06
test_10202,0.8446214866039704
test_10203,0.9888662255893528
test_10204,0.09541939893702235
test_10205,0.6738879122446567
test_10206,0.2676491534817457
test_10207,1.5104918008548111e-06
test_10208,0.7796414283014277
test_10209,0.9999999999000244
test_10210,0.9241399049184815
test_10211,0.4008736651852158
test_10212,0.9999992547938185
test_10213,0.09338295912512025
test_10214,0.962873544713168
test_10215,0.00038898783862982355
test_10216,0.9999984336292512
test_10217,0.9760052719672728
test_10218,0.9982727488410694
test_10219,0.992763744438619
test_10220,0.8914339539363032
test_10221,0.08614299416158787
test_10222,0.9999913054315288
test_10223,0.8165994095984924
test_10224,0.5424382716655344
test_10225,0.04091692671468888
test_10226,2.054729270633251e-05
test_10227,0.010588852667746904
test_10228,0.21176432289621308
test_10229,0.03725688537074502
test_10230,3.435788037738123e-05
test_10231,0.9161980580892246
test_10232,0.9996293319007882
test_10233,0.9997799911154086
test_10234,3.1528359060370964e-06
test_10235,0.13522968350445755
test_10236,0.6524983434123925
test_10237,0.868669510976282
test_10238,8.621154671415635e-05
test_10239,0.5002900063747641
test_10240,0.9991893282994381
test_10241,0.11319422013891561
test_10242,0.9971332818793067
test_10243,0.9729502629258765
test_10244,0.19187533568711626
test_10245,0.3565687723463225
test_10246,0.9007733730003818
test_10247,0.9147281402916203
test_10248,0.9553838433897737
test_10249,4.087020244182257e-05
test_10250,0.4953201246057052
test_10251,0.9999995504968481
test_10252,5.9856202531182544e-05
test_10253,0.6831375021001217
test_10254,0.000600450071996953
test_10255,4.97731581638885e-07
test_10256,0.675480481369235
test_10257,0.09592161037133642
test_10258,0.23753133604667714
test_10259,0.0004651805327673592
test_10260,0.9897815743328744
test_10261,0.9999811974729296
test_10262,0.8661682259947961
test_10263,0.9999900306985865
test_10264,0.9197549613542416
test_10265,1.860622114450394e-05
test_10266,0.0002965833676965552
test_10267,0.974291832702907
test_10268,0.9830146767426181
test_10269,0.2636066277385006
test_10270,0.014865757082211488
test_10271,0.00481275790822024
test_10272,0.1812178570581992
test_10273,0.9874770956608147
test_10274,0.967338498518853
test_10275,0.9998739667156152
test_10276,0.9285435379700101
test_10277,0.959487033939046
test_10278,0.9222216935204779
test_10279,0.3191110826142068
test_10280,0.945365916528053
test_10281,1.1581434801986647e-06
test_10282,0.43446394116128456
test_10283,0.00031228946257585484
test_10284,0.9047647289334786
test_10285,0.9687318436182583
test_10286,0.0004339185755398825
test_10287,0.3072220744380925
test_10288,0.9965285033675891
test_10289,0.750178383536741
test_10290,0.9945358716680638
test_10291,0.9921150103513907
test_10292,0.41107455361453543
test_10293,0.9993789395845444
test_10294,0.5366307291031204
test_10295,0.9122911706427976
test_10296,0.9946848583745913
test_10297,0.08996982163735975
test_10298,0.00010243232887676744
test_10299,0.0004132470817435604
test_10300,0.09249718424987309
test_10301,0.0006852203324436892
test_10302,0.9999999963987306
test_10303,0.9999509149103969
test_10304,0.9999289747607376
test_10305,0.6032308270510788
test_10306,5.619781614873708e-06
test_10307,7.296620372947932e-05
test_10308,3.566690617589456e-06
test_10309,0.6066968588876013
test_10310,0.016725524776543616
test_10311,0.12694656405815288
test_10312,8.883235514716567e-05
test_10313,0.012124300026418643
test_10314,0.9998892447132173
test_10315,0.006478016968754822
test_10316,0.9981532226793387
test_10317,0.08178232088118008
test_10318,0.9257911430157719
test_10319,0.9634866417056696
test_10320,0.9741603604523131
test_10321,0.996900153684515
test_10322,0.3866692312918606
test_10323,0.0060541594664365855
test_10324,0.00016438544418442852
test_10325,0.9999803348500652
test_10326,0.9999999447461159
test_10327,0.9987561316340677
test_10328,2.6250855881581934e-05
test_10329,0.9999990572612307
test_10330,0.0006097377833548882
test_10331,0.9931151260483353
test_10332,0.9998435355103116
test_10333,0.7041837266656683
test_10334,0.001787163047200935
test_10335,1.3025628877207937e-06
test_10336,0.9315459008820677
test_10337,0.023213036751988766
test_10338,0.987348248004064
test_10339,0.9999999977430699
test_10340,0.9979016807399622
test_10341,0.0007182599629797992
test_10342,0.9812405217249859
test_10343,0.48314478302217306
test_10344,0.9997215565316305
test_10345,0.13104489769578803
test_10346,0.966961306420477
test_10347,0.9927647340484308
test_10348,0.9242249170819816
test_10349,0.11967455850326322
test_10350,0.5003600418100935
test_10351,3.564497850037625e-05
test_10352,5.92292347038961e-05
test_10353,0.0001581356690856144
test_10354,0.9999995769457658
test_10355,0.4652171867285422
test_10356,1.32362800649266e-05
test_10357,0.0009428674668114031
test_10358,0.9883451859523136
test_10359,0.012815096440744262
test_10360,1.3255729811258193e-06
test_10361,0.9791471369669615
test_10362,0.9111907577888024
test_10363,0.8563718704506224
test_10364,0.3029104502503626
test_10365,0.1674880513265061
test_10366,0.13472637023184167
test_10367,0.08845038507394719
test_10368,0.1476800184776696
test_10369,0.5160658593473781
test_10370,0.6327872233937839
test_10371,0.9885977828419753
test_10372,0.002479904675399274
test_10373,0.8937950715996658
test_10374,8.978577684900095e-06
test_10375,0.024626257272594456
test_10376,0.9980806731601447
test_10377,2.1305438701613796e-06
test_10378,2.1871736167875755e-05
test_10379,0.21619468958545998
test_10380,0.9999778440096109
test_10381,0.5103888919507369
test_10382,0.9970314030236371
test_10383,0.9352190769187486
test_10384,3.965897241369412e-06
test_10385,0.0006910164245789459
test_10386,0.6356382831592633
test_10387,0.9924252981156909
test_10388,0.012786868765108294
test_10389,0.0007786749666145086
test_10390,0.00012672282142883946
test_10391,0.14986071291347156
test_10392,0.0004894579089919489
test_10393,8.15033265377425e-05
test_10394,0.3409738953720523
test_10395,0.9999083118265797
test_10396,0.011530704170556865
test_10397,0.022500657186127957
test_10398,0.7324843997835835
test_10399,7.026342292266386e-08
test_10400,0.989083964317069
test_10401,0.0007557372828028818
test_10402,0.0017227562759723019
test_10403,0.19872301090429853
test_10404,0.0007882770058608041
test_10405,0.1195862636587463
test_10406,0.9999895482834372
test_10407,0.9997987996710263
test_10408,0.999386759801932
test_10409,0.03476261470732928
test_10410,7.706341305020126e-05
test_10411,0.9991012041482212
test_10412,0.08173356670842712
test_10413,0.09170757339025774
test_10414,0.0004373969656328309
test_10415,0.9270074452395161
test_10416,0.0067540453676217084
test_10417,0.7225103637436957
test_10418,0.5726770266714218
test_10419,0.9970190237961629
test_10420,0.899812696183152
test_10421,0.964428278064418
test_10422,0.207408219379637
test_10423,0.992063393050714
test_10424,0.9953727173590449
test_10425,0.0012226465793071391
test_10426,0.9986899437272574
test_10427,0.9999990621256948
test_10428,0.5002399980883644
test_10429,0.3818327812448528
test_10430,0.0006259084548408053
test_10431,0.03975588210190701
test_10432,0.0007315910024514607
test_10433,0.9998595053153584
test_10434,0.9560560139642867
test_10435,0.0006342104773983375
test_10436,0.7728831676694405
test_10437,0.013542570134734434
test_10438,0.9999893028720205
test_10439,0.45914841440735743
test_10440,4.191284131656458e-05
test_10441,0.7496369288702317
test_10442,0.8701640986114507
test_10443,0.9999555576441034
test_10444,0.9846517453760336
test_10445,0.06459010067541553
test_10446,0.9999945222674924
test_10447,0.9999998192121099
test_10448,1.502763104990544e-07
test_10449,0.9993511591628601
test_10450,0.9999939186123721
test_10451,0.9085402927886775
test_10452,0.6940763159886622
test_10453,0.9964995130736352
test_10454,0.014481674384584415
test_10455,0.21655132860135506
test_10456,0.023768521644842073
test_10457,0.9999675133775363
test_10458,0.1434223561112277
test_10459,0.3267708713315051
test_10460,0.5103888323653919
test_10461,0.7006213962299187
test_10462,0.4512464397257984
test_10463,0.04941660809196383
test_10464,0.7305533129954356
test_10465,3.1085438002947323e-06
test_10466,0.9999992242306059
test_10467,0.9993173917181932
test_10468,0.892224496288208
test_10469,0.5034649552137723
test_10470,0.9948426028889737
test_10471,0.3464052613519785
test_10472,0.9887094482461324
test_10473,0.9941591906393639
test_10474,0.9999528140805453
test_10475,0.9883959627520137
test_10476,8.415250692660467e-08
test_10477,0.6659677021148824
test_10478,9.693446133299107e-05
test_10479,0.9999987088664388
test_10480,0.9844124888498147
test_10481,0.33314366737474804
test_10482,0.05502168235068461
test_10483,0.9617652654850203
test_10484,0.644949446864681
test_10485,8.097363951436626e-06
test_10486,5.561419818281589e-05
test_10487,0.9048788276076972
test_10488,0.06376477498969807
test_10489,0.21532496771367093
test_10490,0.9999995022473629
test_10491,0.009973714797990873
test_10492,0.0005585832575709664
test_10493,0.9993168420319782
test_10494,0.3201971380100828
test_10495,0.9999777251892947
test_10496,0.4149835448444605
test_10497,2.7229250318479616e-08
test_10498,6.252964729006896e-08
test_10499,0.7283132691265163
test_10500,0.9847373710692056
test_10501,0.9049998018498419
test_10502,0.2628197671211767
test_10503,0.7639552205549988
test_10504,0.1129407666726595
test_10505,0.9988768025130109
test_10506,0.9999986974371122
test_10507,2.7987014539115874e-05
test_10508,0.46655749744834635
test_10509,0.9999259435515908
test_10510,0.8994254022068833
test_10511,4.0692663660917284e-07
test_10512,0.0002345260420967962
test_10513,0.9998685133493143
test_10514,0.9999888705078374
test_10515,0.004173253755301276
test_10516,0.9539685758417615
test_10517,0.9237220624786607
test_10518,0.36663065066095085
test_10519,0.037058746703620186
test_10520,0.9999999579597049
test_10521,0.9998329739396764
test_10522,0.8809747397017442
test_10523,0.9999999985931778
test_10524,0.965751874506623
test_10525,0.9771661689717839
test_10526,0.9999974797772399
test_10527,0.9742136262758581
test_10528,0.9996469029848178
test_10529,0.9987021318874476
test_10530,0.20202752358159765
test_10531,0.9990355039196297
test_10532,2.1848108488257333e-05
test_10533,0.9987381409529729
test_10534,0.2849135348362485
test_10535,0.0005973694631414971
test_10536,0.8282746234832482
test_10537,0.9395485517930668
test_10538,0.0011610565325767916
test_10539,0.9750353294057463
test_10540,0.15299021906968824
test_10541,0.00044483706970451035
test_10542,0.9960412122683684
test_10543,0.9979298008979453
test_10544,0.0033285327560370333
test_10545,0.2718380589246579
test_10546,0.6799967675955996
test_10547,0.9914860668569933
test_10548,8.994690598871941e-07
test_10549,0.16832416583794793
test_10550,0.9999988579990187
test_10551,0.00010750253010267446
test_10552,0.9998892447132173
test_10553,0.004721462193721574
test_10554,0.9999989574766778
test_10555,0.9962226245889597
test_10556,0.022575731224078407
test_10557,0.36776202135503666
test_10558,0.09137337756951956
test_10559,0.993901394328609
test_10560,0.9999900941351759
test_10561,0.5529358252592964
test_10562,0.9492441788612588
test_10563,0.8528834253368925
test_10564,0.9951706797990185
test_10565,0.8624000207736812
test_10566,0.999892708675959
test_10567,0.006805632065099463
test_10568,0.9997027038031874
test_10569,0.33188550942829076
test_10570,0.5149266826068385
test_10571,0.999690630540364
test_10572,0.9999999931913511
test_10573,0.9997868824436551
test_10574,0.5123580888353025
test_10575,0.9999994699665721
test_10576,0.9987833279253393
test_10577,0.9403214412115437
test_10578,0.0010019643422742612
test_10579,0.08908173346637625
test_10580,0.18197229917692254
test_10581,4.5359084829418464e-05
test_10582,0.9908803241129905
test_10583,0.004512848653702418
test_10584,0.9998788530092156
test_10585,2.852397979113988e-05
test_10586,0.0003040223731575652
test_10587,0.25295704360065513
test_10588,0.003384674167048735
test_10589,0.003924941818060463
test_10590,0.30289720498457884
test_10591,5.096684190652233e-06
test_10592,0.10611530247464068
test_10593,0.9999923123807531
test_10594,0.9997825036432952
test_10595,0.06802166818459178
test_10596,0.9698767015577314
test_10597,0.0004634955426029896
test_10598,0.9981720515419423
test_10599,0.9443519485858675
test_10600,1.2406878756707356e-05
test_10601,0.0578972906653543
test_10602,0.7494145070701732
test_10603,0.8813398764028255
test_10604,0.9990474983591672
test_10605,0.9749461961822267
test_10606,0.9999946624207621
test_10607,2.8013628771830942e-05
test_10608,0.0021468163508525056
test_10609,0.9829992230530793
test_10610,0.1472679194377428
test_10611,0.6021512341616264
test_10612,0.00211985389947909
test_10613,1.923555100240457e-06
test_10614,0.057902427167318984
test_10615,0.9999995834421663
test_10616,0.9999918884721188
test_10617,0.9218922462689584
test_10618,0.9999996119973958
test_10619,0.9999715567169956
test_10620,0.9999996632119932
test_10621,0.9999991194319278
test_10622,0.9907451229196335
test_10623,0.00018297526111182207
test_10624,0.013832532009935066
test_10625,0.020641304841783326
test_10626,1.850486694717062e-07
test_10627,0.41243200334021024
test_10628,0.9960996383197034
test_10629,0.9998536820715206
test_10630,0.8946965083197876
test_10631,0.8594285546663571
test_10632,0.44380357361199607
test_10633,0.9999963952993118
test_10634,0.9847793150460967
test_10635,0.0008075175448627007
test_10636,0.9867163722764069
test_10637,0.9989150483359227
test_10638,0.0023534678974341024
test_10639,0.9999752537061181
test_10640,1.9166395057174514e-06
test_10641,0.9999735158496775
test_10642,0.9458554465740183
test_10643,0.9688256154467202
test_10644,0.5056348441911219
test_10645,0.2606431983229961
test_10646,0.4954550907087006
test_10647,0.25872979430144727
test_10648,0.664757028759576
test_10649,0.5465288248575022
test_10650,0.9920665251462057
test_10651,0.8391726738331979
test_10652,0.05535097199977422
test_10653,0.9948748931464911
test_10654,0.020677841490861416
test_10655,0.07356736844024103
test_10656,0.9464321013980733
test_10657,2.1495797452410987e-05
test_10658,0.9960813845561982
test_10659,0.6126817201291183
test_10660,0.9983087491338712
test_10661,0.9019395682683496
test_10662,0.0002892384562618591
test_10663,0.006929766446271739
test_10664,0.9999999810904718
test_10665,0.9746063320805775
test_10666,0.6069865357511735
test_10667,0.98667694284101
test_10668,0.9599909152047376
test_10669,0.7568862074064315
test_10670,4.263018246655028e-07
test_10671,0.3400693750235684
test_10672,0.01648166195515129
test_10673,0.33519248058710827
test_10674,0.002250541945260533
test_10675,0.016740838106780197
test_10676,0.9994087638605829
test_10677,0.9999948122116006
test_10678,0.7896881339798287
test_10679,0.9338493542645384
test_10680,0.01308750102145933
test_10681,0.9993639377259845
test_10682,0.9999939679948603
test_10683,0.20915591424672245
test_10684,0.007230313150614941
test_10685,0.4489636404788828
test_10686,0.999777924037497
test_10687,0.03571912692253351
test_10688,0.2707628460314924
test_10689,3.359134517807106e-05
test_10690,0.9999999837410491
test_10691,0.07401724476483386
test_10692,0.819068440147412
test_10693,0.00018632477752058546
test_10694,0.9106497344639105
test_10695,0.9738614973290364
test_10696,0.3054545582703955
test_10697,9.404538882181689e-05
test_10698,0.9841304690055652
test_10699,0.9999951275960391
test_10700,5.2924074006403134e-08
test_10701,0.9625521900237701
test_10702,5.0228689028388024e-05
test_10703,0.021044460466301446
test_10704,0.9757465995635513
test_10705,0.9054781949399746
test_10706,0.0005156820285539888
test_10707,0.923892618054916
test_10708,0.9999382434967561
test_10709,0.8316234860498892
test_10710,0.9988997292150441
test_10711,0.9999960540983819
test_10712,0.9999873436574838
test_10713,0.12412609806682832
test_10714,0.5184987022021352
test_10715,0.1182345388810375
test_10716,0.8561808559572249
test_10717,0.9999999817688575
test_10718,0.5172797968727533
test_10719,0.9763545089600861
test_10720,0.9989041429634251
test_10721,7.660131785001392e-09
test_10722,0.9302538302721455
test_10723,0.015616892701826807
test_10724,0.00387517370285487
test_10725,0.2262590787769822
test_10726,0.8991964487414659
test_10727,0.0037540006081870306
test_10728,1.0664286562564264e-05
test_10729,1.179778540101809e-06
test_10730,0.0216866472590736
test_10731,0.07165958581840069
test_10732,0.8648825784069929
test_10733,0.0005254604740868488
test_10734,0.006370071450227972
test_10735,0.999827897691622
test_10736,0.001931008020785876
test_10737,1.5614829335166715e-07
test_10738,0.9841515492687906
test_10739,0.9999977582711711
test_10740,0.9864332272486905
test_10741,0.9997361803766026
test_10742,0.5443424546080552
test_10743,0.9702070160149366
test_10744,0.0033217925382165404
test_10745,0.0014583903033113
test_10746,0.037797190808996614
test_10747,0.9999999943722888
test_10748,0.9985377045153271
test_10749,0.9996404391615008
test_10750,0.9999732553589068
test_10751,0.0004199375911996781
test_10752,0.9874158356337832
test_10753,0.9999999399431815
test_10754,0.9999633513881065
test_10755,0.007192714808706361
test_10756,0.9995718098601962
test_10757,0.07121668470543976
test_10758,0.022605602890834065
test_10759,0.1367897749250672
test_10760,0.018313340844259632
test_10761,1.7513398291027034e-05
test_10762,0.9246390582767675
test_10763,0.9987978245487312
test_10764,0.9999925200868818
test_10765,0.8275791167368434
test_10766,0.8455818776210352
test_10767,0.9982018242776859
test_10768,0.9915132365614591
test_10769,0.0018845138486384538
test_10770,0.0005722800521299966
test_10771,0.9995932826270556
test_10772,0.0002052312125487563
test_10773,0.9881480199213643
test_10774,0.9995719170791312
test_10775,0.1350857587406691
test_10776,0.7083484347829857
test_10777,0.05417086198472407
test_10778,0.952823931782598
test_10779,0.9263730121912132
test_10780,0.9998294423244375
test_10781,0.9999999702349176
test_10782,0.20547468997295185
test_10783,0.024911477560398743
test_10784,0.005305984692110073
test_10785,0.9961509756060095
test_10786,0.9869758680823268
test_10787,0.9003548105701694
test_10788,0.001714683747523648
test_10789,1.0451619592250531e-05
test_10790,0.3658502180272074
test_10791,0.012945679248727589
test_10792,0.936020390493432
test_10793,0.99755007429909
test_10794,0.4072372558694577
test_10795,0.0048641224706719504
test_10796,0.9996591684457379
test_10797,0.07228290582037855
test_10798,0.9473949509803664
test_10799,0.00021993288783292214
test_10800,0.9999018069287791
test_10801,5.787766686009048e-06
test_10802,0.0025191726995564484
test_10803,0.955335690621295
test_10804,0.9914953081925063
test_10805,0.0023953938270479904
test_10806,0.9862257536320198
test_10807,0.9999648069324795
test_10808,0.9988254427291444
test_10809,0.9999994291179496
test_10810,0.9024131601937818
test_10811,0.9883985629186476
test_10812,0.04092108122713045
test_10813,0.0002040547608246147
test_10814,7.70158465003759e-06
test_10815,0.9933210212321695
test_10816,0.12306733277412238
test_10817,0.9578915583923282
test_10818,0.9999961728311569
test_10819,0.9657183811926782
test_10820,3.069653826455121e-05
test_10821,0.1055662559404552
test_10822,0.5593593726011095
test_10823,0.4984249809712781
test_10824,0.05513962614480193
test_10825,0.9959490967429587
test_10826,0.9999997645438121
test_10827,0.9629464579164719
test_10828,0.980250825763471
test_10829,0.04254333783651906
test_10830,0.9352502920223594
test_10831,0.49419518004805196
test_10832,0.3172442964506873
test_10833,0.9550724915239398
test_10834,0.6148151683377442
test_10835,0.037421616505975995
test_10836,7.984921233090307e-08
test_10837,0.12494574178662488
test_10838,0.05550607390778526
test_10839,0.08842367892513694
test_10840,0.9999967120214301
test_10841,0.7597231714608498
test_10842,0.7718616810056788
test_10843,7.660131785001392e-09
test_10844,0.0001630070785287129
test_10845,1.2085751596131987e-07
test_10846,0.9999999504698718
test_10847,0.10440179507425623
test_10848,0.12167580936312386
test_10849,2.253754436228028e-05
test_10850,0.00013248514793442307
test_10851,4.4442355896608746e-05
test_10852,0.1034999104258531
test_10853,3.5463900007318545e-05
test_10854,0.9873407274851316
test_10855,0.023610842289615394
test_10856,0.46142259734224456
test_10857,0.9995617306935135
test_10858,0.0008778044671291939
test_10859,0.9543896573459818
test_10860,0.0012166720746606705
test_10861,0.0945449970600822
test_10862,0.8600611041713189
test_10863,0.9999958213910847
test_10864,0.24180451341658488
test_10865,0.9958147272506429
test_10866,0.999985198896131
test_10867,0.9982677993468262
test_10868,0.0001205848160700675
test_10869,0.02320128441927899
test_10870,0.002570750723971229
test_10871,0.0024946922258881595
test_10872,0.9935716828200655
test_10873,0.9999876816546346
test_10874,0.181511242125415
test_10875,0.5776952409195661
test_10876,0.08597226063024664
test_10877,0.997975390589642
test_10878,0.942545376329503
test_10879,0.00015949281962819402
test_10880,0.48785180373908393
test_10881,2.403765337442571e-08
test_10882,0.17807579220831235
test_10883,0.9175286493009475
test_10884,0.9795117546118949
test_10885,0.16429635740246887
test_10886,0.04388332631093981
test_10887,0.9994005772083763
test_10888,0.9653011696713427
test_10889,0.25090917419896935
test_10890,0.08843926685945792
test_10891,0.00040913350532282926
test_10892,0.9936216229271797
test_10893,0.000784575909138059
test_10894,0.01001844198138203
test_10895,0.6764228627748
test_10896,1.8715166174944176e-05
test_10897,0.00014924417329225949
test_10898,0.710786576020349
test_10899,0.5731247221700759
test_10900,0.301351308269532
test_10901,0.9999756041522865
test_10902,0.9999526048676779
test_10903,0.9866536770317839
test_10904,0.9999795669146841
test_10905,0.999627631384728
test_10906,0.9971249909564922
test_10907,5.558502962281151e-07
test_10908,0.5338312011690782
test_10909,0.9710483414884183
test_10910,1.6415682741174064e-07
test_10911,0.0006192308515924923
test_10912,0.99865380285674
test_10913,0.06128549837943897
test_10914,0.7542891813928111
test_10915,0.474446731954617
test_10916,4.051498040179459e-05
test_10917,0.1545177642382212
test_10918,0.0002980104419792677
test_10919,8.024485300931455e-07
test_10920,0.9963241344599877
test_10921,0.48449370756592036
test_10922,0.99868178531724
test_10923,0.9999990328085355
test_10924,0.9999952158628047
test_10925,0.9366526498598767
test_10926,0.0002814695892526863
test_10927,0.9728157741447694
test_10928,0.0817865815608527
test_10929,0.0004975758169203236
test_10930,0.7713597043501397
test_10931,0.12512985154797987
test_10932,0.9146127272281102
test_10933,0.9997663413452398
test_10934,1.982086979125202e-07
test_10935,0.000457454322821353
test_10936,0.8711595026656117
test_10937,0.9853079995460752
test_10938,0.003479059308807564
test_10939,0.753013664741363
test_10940,1.0572506469444038e-09
test_10941,5.3775334508560804e-05
test_10942,0.34326684655930223
test_10943,1.7725068844412342e-05
test_10944,0.9870854840339486
test_10945,0.011146471660120833
test_10946,7.429538603133873e-08
test_10947,0.9939825186520876
test_10948,0.017971775997001345
test_10949,7.357593598487703e-05
test_10950,0.003911591599112038
test_10951,0.9998525649489031
test_10952,2.16431431785139e-07
test_10953,0.8533399016544523
test_10954,0.9999998592675226
test_10955,0.9999978401251167
test_10956,0.0011215908453491063
test_10957,0.007643554166395672
test_10958,0.10178322609598954
test_10959,3.036124130865751e-05
test_10960,0.9407255741905012
test_10961,0.6276208430822106
test_10962,0.4905558308819939
test_10963,0.003563867218174332
test_10964,0.09895695322965609
test_10965,0.0019989773929546665
test_10966,0.006244893710146112
test_10967,0.29424661584189565
test_10968,5.836136303203418e-06
test_10969,0.9781474477710057
test_10970,0.007856389160933203
test_10971,0.990224658467123
test_10972,0.485058336855765
test_10973,7.687702336600949e-06
test_10974,0.11189442106638209
test_10975,0.9685567526713457
test_10976,0.991269158750946
test_10977,0.7519523078609232
test_10978,0.8851760845300546
test_10979,0.011118545011871941
test_10980,0.5056648224563576
test_10981,0.9222381414770372
test_10982,0.9999517284829385
test_10983,0.043613858885783605
test_10984,0.9997860555692751
test_10985,0.5925630302417552
test_10986,0.00010592145719358267
test_10987,0.9999947893430435
test_10988,4.0057479470701127e-07
test_10989,0.00026870553002163064
test_10990,0.004410881268653576
test_10991,4.75347987167754e-05
test_10992,0.9999970486539748
test_10993,0.9860388961617416
test_10994,0.000152073159055923
test_10995,0.0001397071749635239
test_10996,0.9996285325464527
test_10997,0.9999999504698718
test_10998,3.252697041001307e-07
test_10999,0.0355793401876374
test_11000,0.004275832610888838
test_11001,0.9737287075359929
test_11002,0.09945611064435447
test_11003,0.055068179813816905
test_11004,0.035148110214766444
test_11005,0.999905211895694
test_11006,1.0096785845429809e-05
test_11007,0.0023261822001885662
test_11008,0.47305457026941866
test_11009,0.0005838680527152377
test_11010,0.9950310341381663
test_11011,0.9799129800496726
test_11012,0.09988964466391106
test_11013,0.981752906467326
test_11014,0.6589798954219271
test_11015,0.48181101833940754
test_11016,0.1730647824525077
test_11017,0.0816487794591893
test_11018,0.9999540591004507
test_11019,0.0698230936620179
test_11020,0.18948680310088464
test_11021,0.9973672267477145
test_11022,0.07457498951225343
test_11023,0.013699635477063796
test_11024,0.9998679264862275
test_11025,0.6390049803980157
test_11026,0.9999944750738493
test_11027,0.9999994215154021
test_11028,0.5405779678546815
test_11029,0.9943095692792236
test_11030,0.9986165383299509
test_11031,0.07725296362095407
test_11032,0.00028713276334550166
test_11033,0.09474224224137524
test_11034,0.3146919061778607
test_11035,0.9972253746442947
test_11036,0.9998119184452455
test_11037,0.07951337638878647
test_11038,0.91087577628738
test_11039,0.5010850118738348
test_11040,0.9999975587872817
test_11041,0.7565513572891058
test_11042,0.04813761426515718
test_11043,0.8944932906240181
test_11044,0.9999998317698606
test_11045,0.9890469032412228
test_11046,0.9999688254673716
test_11047,0.9998613795408592
test_11048,0.9971279508548883
test_11049,0.7712476830590127
test_11050,5.640372956318877e-11
test_11051,0.7071673480358553
test_11052,0.9706040982672717
test_11053,0.9996919036177111
test_11054,0.9832817207053014
test_11055,0.043724689790841126
test_11056,0.8416533730874622
test_11057,3.6312319093347456e-05
test_11058,0.5334475222364948
test_11059,0.015366646900158851
test_11060,0.8273635468744874
test_11061,1.5726245085943973e-05
test_11062,0.9983771367960994
test_11063,9.732488062387345e-06
test_11064,0.9999984210026217
test_11065,0.9947433928044177
test_11066,0.9997777703556522
test_11067,3.083601470039292e-07
test_11068,0.00021955128808229553
test_11069,0.971365215643796
test_11070,0.9999993306122977
test_11071,0.9999999830961958
test_11072,0.059876002771332724
test_11073,1.2300761198106852e-05
test_11074,0.021799685402885547
test_11075,0.9992546618192131
test_11076,0.9999916140412827
test_11077,0.11729887612706155
test_11078,0.007831487681697016
test_11079,0.999159566072823
test_11080,0.04057485016543696
test_11081,0.0004727482992519202
test_11082,0.0002938291054085158
test_11083,0.0009498857512478369
test_11084,0.9998534955706561
test_11085,0.16361010409256918
test_11086,0.06410360456159366
test_11087,0.8929990222984604
test_11088,0.00015295937219715237
test_11089,0.12170284828537231
test_11090,0.9959401414482046
test_11091,0.9999909155537888
test_11092,0.09037526855582034
test_11093,0.9993519612260484
test_11094,0.9949103216218971
test_11095,0.997814310273335
test_11096,0.22686279193374942
test_11097,0.9438523977351598
test_11098,0.13796682198583377
test_11099,0.9999406143957775
test_11100,0.9709542108533007
test_11101,0.00011807403239440649
test_11102,0.4958600813417071
test_11103,0.9999146374752732
test_11104,0.4921754621280201
test_11105,0.04075946927467929
test_11106,0.9544975142218979
test_11107,0.9998904772591285
test_11108,0.9611909161161057
test_11109,0.934317159561533
test_11110,0.9704955017977196
test_11111,0.5013250089270986
test_11112,0.9614527522178877
test_11113,0.2868746851049852
test_11114,0.929967016294397
test_11115,0.9996325233592597
test_11116,0.9928683853455923
test_11117,0.3482689684508612
test_11118,0.9999999830961958
test_11119,0.9994623625738446
test_11120,0.023463654096646958
test_11121,0.9007924642145504
test_11122,0.9950402533990497
test_11123,0.5449537748928097
test_11124,0.9699557651104158
test_11125,0.9999993709184837
test_11126,0.9999993945563044
test_11127,0.9998770466961245
test_11128,0.014165505978760973
test_11129,0.391102944656931
test_11130,0.921309485812037
test_11131,4.694260304017963e-05
test_11132,0.9952945030325315
test_11133,0.003038106175183822
test_11134,0.1497414534333236
test_11135,0.9970545788170763
test_11136,0.9999983316178549
test_11137,0.03916620147896312
test_11138,0.9551471729588079
test_11139,0.0049066253108400746
test_11140,0.4841639496096157
test_11141,0.7373001957726811
test_11142,0.00022592888119110597
test_11143,0.7781834039800503
test_11144,0.9987732382415092
test_11145,0.0005031837656151382
test_11146,9.461464305502004e-08
test_11147,0.999997184927662
test_11148,0.0015400850182286806
test_11149,0.008251987778232085
test_11150,0.9999995571942848
test_11151,0.09250862681834124
test_11152,0.9601190071571983
test_11153,0.9999940541100094
test_11154,0.9996952550835195
test_11155,0.009852639744581407
test_11156,0.24706667769910598
test_11157,0.9999980415123054
test_11158,0.06309045714527918
test_11159,0.0017536675435712986
test_11160,0.46872563391578176
test_11161,0.49657003146520134
test_11162,1.0962086228426095e-05
test_11163,4.9977105312947395e-05
test_11164,0.013192357859153576
test_11165,0.9921524340458295
test_11166,0.6771379730638671
test_11167,7.44948482745169e-05
test_11168,0.12143265372751187
test_11169,0.9999999447531243
test_11170,0.9999657313111108
test_11171,0.02118143471171019
test_11172,0.6816001501290828
test_11173,0.9997349215316259
test_11174,0.022187576627164862
test_11175,0.0038846080950105445
test_11176,0.11906261427697613
test_11177,0.00158869905594877
test_11178,2.286978911748676e-06
test_11179,0.03478515315557302
test_11180,0.00016183168768014636
test_11181,0.9994754976340237
test_11182,0.07462709493623255
test_11183,0.35745072720110954
test_11184,0.6201868476319624
test_11185,0.9878750320797851
test_11186,0.2256446662663573
test_11187,8.183305892622013e-06
test_11188,0.9987657351072731
test_11189,0.007861064564167143
test_11190,0.14492942296307518
test_11191,0.9934814118977427
test_11192,0.0029247390544139386
test_11193,2.323793688373483e-05
test_11194,0.3290008655305512
test_11195,0.99999939064815
test_11196,0.33283696810447705
test_11197,0.8856271448397234
test_11198,0.9997187039933131
test_11199,0.06421131852228718
test_11200,0.08125311781324157
test_11201,0.10597602200039644
test_11202,0.9667984950990608
test_11203,0.7392042555038048
test_11204,0.7399871277503718
test_11205,0.07996861727841792
test_11206,0.8646868091208012
test_11207,1.0928837609368903e-05
test_11208,0.99634817522431
test_11209,0.021115658656311004
test_11210,0.9996237128680644
test_11211,0.03374568343686628
test_11212,0.98298783105249
test_11213,0.014733829709308203
test_11214,0.12495124257907982
test_11215,0.0001847852787956223
test_11216,6.032005139684697e-06
test_11217,0.6411874627386809
test_11218,0.9635395029789788
test_11219,0.9254009673820295
test_11220,0.997751791960406
test_11221,0.003418801768651031
test_11222,2.6276777448010487e-05
test_11223,0.025043552456122168
test_11224,0.9999786676068629
test_11225,9.188312857378889e-05
test_11226,0.22727086942898353
test_11227,0.9994873984746202
test_11228,0.2590749679821368
test_11229,0.7888365876965168
test_11230,0.01575340477009261
test_11231,0.5891939006617852
test_11232,2.1760217606482152e-08
test_11233,0.9998262108718897
test_11234,0.9999998477749966
test_11235,0.9601856618712653
test_11236,0.47915405699984814
test_11237,0.02704758556315588
test_11238,0.9998284356604805
test_11239,0.9998896743481305
test_11240,0.9694401635758144
test_11241,0.9390139434671269
test_11242,0.9999995704185926
test_11243,0.998067320728776
test_11244,0.11296142530820562
test_11245,3.111802511088008e-05
test_11246,0.8805822105517929
test_11247,0.08524358241065029
test_11248,0.999379331593481
test_11249,6.593673374643663e-05
test_11250,0.9990689836438251
test_11251,0.9999677149230227
test_11252,0.0011559697068364776
test_11253,0.007954906121841488
test_11254,0.8591219609296524
test_11255,0.006887763396258559
test_11256,0.5004200040553196
test_11257,0.9978936805291182
test_11258,0.6812851255981329
test_11259,0.00010336408764423103
test_11260,2.690213769858294e-06
test_11261,0.006870907474218903
test_11262,0.9999991795053381
test_11263,0.8308603180314413
test_11264,0.7898693425824908
test_11265,0.11724600472460066
test_11266,0.07500050447027823
test_11267,0.5277735302086605
test_11268,0.9579056262526269
test_11269,0.19459583711930548
test_11270,0.9098005787689558
test_11271,0.936238867196448
test_11272,5.2924074006403134e-08
test_11273,0.9993030244203376
test_11274,0.9999298718491453
test_11275,0.11164018072656726
test_11276,0.00020501039058202543
test_11277,0.9991804275897735
test_11278,0.0011885075441725762
test_11279,0.2742054285720039
test_11280,0.9995119273766965
test_11281,0.9984943823494292
test_11282,0.1849799216214939
test_11283,2.4998179282842455e-05
test_11284,0.010999049361517986
test_11285,1.0245757217078603e-07
test_11286,1.1420009813805119e-06
test_11287,0.9973824567348119
test_11288,0.998316962675824
test_11289,2.6536238516428892e-05
test_11290,0.9283267340606597
test_11291,0.9999992890022043
test_11292,0.9999965834381954
test_11293,0.11451874480906371
test_11294,0.9753310822343361
test_11295,0.9993841590834204
test_11296,1.0245757217078603e-07
test_11297,0.9999892203984068
test_11298,0.00010660526831401723
test_11299,0.9985377057411654
test_11300,0.9272049921724247
test_11301,0.9998579845928065
test_11302,0.0014405820212420664
test_11303,0.9548450976128587
test_11304,0.9999652555715118
test_11305,0.024118842012213985
test_11306,0.9918893965459101
test_11307,0.9999544702910774
test_11308,0.9999996602967198
test_11309,0.0627585725078547
test_11310,0.0637865982835838
test_11311,1.1196651475053221e-05
test_11312,0.9779741481734316
test_11313,3.139520331898072e-07
test_11314,0.2352209390471962
test_11315,0.23295702888411593
test_11316,0.14156927538006653
test_11317,0.4930303204466464
test_11318,0.8236751511164734
test_11319,0.07001948660009942
test_11320,0.22600553273412305
test_11321,0.05263572541490036
test_11322,7.94069301341778e-06
test_11323,1.7403889511230304e-06
test_11324,0.1728820807678576
test_11325,0.9137233473314095
test_11326,0.03303870081051765
test_11327,0.9221579281999125
test_11328,0.9999984709826139
test_11329,0.011697226545189428
test_11330,0.11335733837062342
test_11331,0.00034217281946775046
test_11332,0.9999989369162954
test_11333,0.850457207472763
test_11334,0.011526175662279065
test_11335,0.5097690734538654
test_11336,0.8660078913023147
test_11337,0.9999832790881186
test_11338,0.5139922512598654
test_11339,0.07109794531909941
test_11340,0.2017561651570949
test_11341,0.9999783871798762
test_11342,0.03993410442959178
test_11343,0.991307177363004
test_11344,0.03620464694534471
test_11345,0.32562626780419307
test_11346,0.07883973706922316
test_11347,0.27054465932528465
test_11348,0.033058105045702876
test_11349,9.716777415773243e-06
test_11350,0.9556429970069927
test_11351,4.3444703698244376e-06
test_11352,1.077950310359618e-05
test_11353,0.9999986628807904
test_11354,0.08194574068154611
test_11355,0.00938144346320443
test_11356,7.645882357255835e-06
test_11357,0.011723375880686992
test_11358,0.1174417244120258
test_11359,0.16884464644834257
test_11360,0.18434247993860023
test_11361,0.08946904368903817
test_11362,0.0004573426896065363
test_11363,1.0730118477530835e-05
test_11364,5.513038369565795e-06
test_11365,0.10644410649549299
test_11366,0.9999191845952201
test_11367,0.08014446276210976
test_11368,0.10017286839855306
test_11369,0.42055779004972976
test_11370,0.9995289522652937
test_11371,0.018135313775775118
test_11372,0.034554009028702974
test_11373,8.559019030719878e-09
test_11374,0.8839557349969178
test_11375,0.11383972947422989
test_11376,0.04370452349544496
test_11377,0.9242714521481995
test_11378,0.11192012635154963
test_11379,0.004815911860223971
test_11380,0.00016372856137021984
test_11381,0.0014949832085024155
test_11382,0.9437245499327069
test_11383,0.02754014104037438
test_11384,0.041227421290831394
test_11385,0.994909507604136
test_11386,0.9970740642880868
test_11387,0.9998516930279174
test_11388,0.03531338515466858
test_11389,0.10300799108200785
test_11390,0.7973602386475588
test_11391,0.9357229143494548
test_11392,0.9999085068613268
test_11393,0.8715843011282168
test_11394,0.5926263523877373
test_11395,0.12828728007058274
test_11396,0.43214531986078747
test_11397,5.9214519832726124e-06
test_11398,0.9999536112729028
test_11399,0.4842089173531527
test_11400,0.31222806082567345
test_11401,0.9999542305042456
test_11402,0.6859124887090976
test_11403,0.09852113781523421
test_11404,0.9999926296615936
test_11405,0.07913036904461943
test_11406,0.00794026610532818
test_11407,8.739088146060508e-06
test_11408,0.035156927131399486
test_11409,0.009846729241164011
test_11410,4.460321232928029e-06
test_11411,0.05609382382668346
test_11412,0.7612144077667418
test_11413,0.0003033023270616895
test_11414,0.08354381925099308
test_11415,0.9977600813761673
test_11416,7.854429101736216e-05
test_11417,0.9185121806929495
test_11418,0.5290703854438378
test_11419,0.99993042415336
test_11420,0.010814650019103292
test_11421,0.007931386144597876
test_11422,0.12701309820983345
test_11423,0.06756268267448731
test_11424,0.9975274719850259
test_11425,0.052779600273969024
test_11426,0.016722302732485567
test_11427,0.9999901888610946
test_11428,0.0025928278916642435
test_11429,0.9999999735812437
test_11430,0.017245863466461835
test_11431,0.8810867592735919
test_11432,0.9984273806198212
test_11433,0.03484151967345229
test_11434,0.9998752260452466
test_11435,0.9999965740877742
test_11436,0.9475046774645163
test_11437,0.8654201113579729
test_11438,0.017008104360570726
test_11439,0.00012724097796567134
test_11440,0.0007532753011193365
test_11441,6.8587599765386e-07
test_11442,0.18653561091648943
test_11443,0.9429961284366508
test_11444,0.0001553127868022796
test_11445,0.3411586355629533
test_11446,0.00025025485881517647
test_11447,0.5608233031376562
test_11448,0.25105892931839363
test_11449,0.9995341441776244
test_11450,0.9998888684445791
test_11451,0.8952232842140567
test_11452,0.7256384234529115
test_11453,5.1457610069642453e-05
test_11454,7.4936876229566705e-06
test_11455,0.1820851130988729
test_11456,0.005140217056416167
test_11457,0.7432750398803448
test_11458,0.004020186639696062
test_11459,0.0009303703514009405
test_11460,0.21660396553920244
test_11461,0.8756275238837067
test_11462,0.9963319322162597
test_11463,0.0007367297993949863
test_11464,0.9999810221356119
test_11465,0.9156132795556503
test_11466,0.8030235116641945
test_11467,0.0010916289426683122
test_11468,0.5578946388814625
test_11469,5.811926214339971e-06
test_11470,0.00019347466607615418
test_11471,0.5839254155759575
test_11472,0.005998299382522598
test_11473,0.8876759021635988
test_11474,0.9996476821761664
test_11475,0.05195365359450747
test_11476,0.09271699513360615
test_11477,0.9633614242831275
test_11478,0.1366043436916797
test_11479,0.07994769590195261
test_11480,0.9998616204040206
test_11481,0.019894439361320067
test_11482,0.4545144980992786
test_11483,0.9630998044329915
test_11484,0.004068106247215336
test_11485,0.9999640524283001
test_11486,0.9398998291814588
test_11487,0.4705256127189078
test_11488,0.0012824787955736502
test_11489,0.9999272071623009
test_11490,0.9992100914311661
test_11491,0.022254370190242824
test_11492,0.8485069015368313
test_11493,0.9999902676054911
test_11494,0.26502152472747814
test_11495,0.005676160995824121
test_11496,0.9776049556072988
test_11497,0.9920910530965158
test_11498,0.5636599213182114
test_11499,0.9976672127803304
test_11500,0.005413503019253303
test_11501,0.1346688927091757
test_11502,2.103036057744435e-05
test_11503,0.06648232939542947
test_11504,0.9999994404273399
test_11505,0.9999970915994228
test_11506,8.805680722882065e-07
test_11507,0.09153244112700634
test_11508,2.3789431684021934e-07
test_11509,2.840364889099548e-06
test_11510,0.0008308066265966504
test_11511,0.005458629366938658
test_11512,0.00031329616435699597
test_11513,0.22558328152497475
test_11514,0.001420661466601008
test_11515,0.0036157584560932575
test_11516,0.129285765665781
test_11517,0.5120632076183115
test_11518,0.21348665901359806
test_11519,0.997901930806868
test_11520,0.8896512861199635
test_11521,0.08935027888700144
test_11522,9.007104990310764e-10
test_11523,0.5663009799320946
test_11524,1.4588595888165654e-05
test_11525,0.6700553796945062
test_11526,0.13845975656687032
test_11527,0.2203547761191156
test_11528,0.3576806873311637
test_11529,7.479995071672265e-06
test_11530,0.8960190177411735
test_11531,0.9962614271918366
test_11532,0.9999221307829154
test_11533,0.14205196665221526
test_11534,0.999987127687183
test_11535,0.6388684726908185
test_11536,0.9999283307279748
test_11537,0.9666034692818694
test_11538,0.3450411291690225
test_11539,0.999980757458758
test_11540,0.9999579230265814
test_11541,0.002017269644167629
test_11542,0.0013566477621608218
test_11543,0.9974553887396312
test_11544,0.02988762255574131
test_11545,0.30250495017194534
test_11546,1.0614875394228108e-05
test_11547,0.9824133236894199
test_11548,0.25781871608505996
test_11549,4.107044730841505e-06
test_11550,0.9980801964883632
test_11551,0.029027841065274236
test_11552,0.903525253457101
test_11553,0.9951683104922152
test_11554,0.43181499853299066
test_11555,0.9999999904922281
test_11556,0.11671273886484636
test_11557,0.8431399549403549
test_11558,0.9999998975328821
test_11559,0.008004164699091994
test_11560,0.09958293781670188
test_11561,0.01405618122328717
test_11562,0.9999971087095136
test_11563,0.999904066945827
test_11564,0.009269144178763539
test_11565,0.3149650905770597
test_11566,3.942355075433578e-07
test_11567,0.8341738100189134
test_11568,0.01024562666530689
test_11569,6.983927968065705e-07
test_11570,6.206027422988031e-06
test_11571,0.47918402886500067
test_11572,0.00011735356241961954
test_11573,0.5019749922009293
test_11574,0.9988030053365099
test_11575,0.8985681949920711
test_11576,0.9989030840593113
test_11577,0.9960079164937857
test_11578,0.2349505713940465
test_11579,0.9998551032200073
test_11580,0.99999997896365
test_11581,0.5235369501114633
test_11582,2.536147676396338e-06
test_11583,0.4258915493366806
test_11584,0.9999931522586163
test_11585,0.0005942986637783117
test_11586,0.9999999993747613
test_11587,0.9441125695101666
test_11588,0.4984300175263987
test_11589,0.8271278550093804
test_11590,0.9999977657836556
test_11591,0.9556022976589549
test_11592,0.9996043212812059
test_11593,0.00047627096515841217
test_11594,0.9799937242353292
test_11595,1.1656065069812358e-05
test_11596,0.996195022505335
test_11597,0.9995674896511044
test_11598,0.02488490974126292
test_11599,0.001241416043019905
test_11600,0.38217765584175395
test_11601,0.9987529224222829
test_11602,0.3647820842598516
test_11603,0.9924709965604447
test_11604,0.9998384294363831
test_11605,0.9999999387166968
test_11606,0.02137203475748484
test_11607,0.9999977732834935
test_11608,0.27598493552120185
test_11609,0.999999999993733
test_11610,0.055481037069532856
test_11611,0.9999769321787029
test_11612,0.9999776298167435
test_11613,0.9999799526025674
test_11614,0.24929282984093476
test_11615,0.8576632821728533
test_11616,0.999999905376184
test_11617,0.99982883877052
test_11618,0.9999785976733588
test_11619,0.9911406270961103
test_11620,0.3564234150919064
test_11621,2.6796987307856228e-05
test_11622,0.9468669708743854
test_11623,0.07218466284298607
test_11624,0.6696355969344396
test_11625,0.994938322010401
test_11626,0.9999829892323611
test_11627,0.9995212215195831
test_11628,0.0002758641051716691
test_11629,0.9181773678641023
test_11630,1.7446492872493137e-07
test_11631,1.2782226767883623e-05
test_11632,0.008065712731598468
test_11633,0.9567433682380341
test_11634,0.882200711744989
test_11635,0.9999817186896699
test_11636,0.9217437063986897
test_11637,0.9994513908564685
test_11638,0.7305365427558517
test_11639,0.06967504661074793
test_11640,0.914313983175169
test_11641,0.9999980345214785
test_11642,0.9331362772382551
test_11643,0.1363061634151277
test_11644,0.9948352270446295
test_11645,0.8465480951514592
test_11646,1.9604482995427263e-08
test_11647,0.7111106737037062
test_11648,0.956391901848578
test_11649,0.5264913826120391
test_11650,0.9868258519494617
test_11651,0.4576014477483517
test_11652,0.001130896217427755
test_11653,0.0926528312071349
test_11654,0.009655667926236764
test_11655,0.327120928761345
test_11656,0.9649664316514074
test_11657,7.608350724809831e-05
test_11658,0.0004427517059840741
test_11659,3.557205591634083e-06
test_11660,0.5240860162210649
test_11661,2.100733394551036e-05
test_11662,0.9990453673394061
test_11663,0.023823214562291736
test_11664,0.21715274294908643
test_11665,0.172089483452071
test_11666,3.804035404514272e-05
test_11667,7.926426799178193e-06
test_11668,0.9999998149384991
test_11669,0.9993351339062495
test_11670,0.10168621072484911
test_11671,0.5012449900880049
test_11672,0.9999988793141332
test_11673,0.3568689116285171
test_11674,0.0011093053352844184
test_11675,0.029134485183113578
test_11676,0.9999515168470235
test_11677,0.6080531000021301
test_11678,0.0002909997946525468
test_11679,0.998975363172863
test_11680,0.005209134812262009
test_11681,0.0009676310994457969
test_11682,0.23466470303211423
test_11683,0.5068946779223747
test_11684,0.5541948785881786
test_11685,0.07218664093863472
test_11686,0.9774088533613109
test_11687,0.4560203976273012
test_11688,0.03983471898049921
test_11689,0.0010102242210910536
test_11690,0.9975351079706914
test_11691,0.9976730259859812
test_11692,0.1472891066721375
test_11693,0.6340788987474127
test_11694,0.0027970560194889105
test_11695,0.9442716610253771
test_11696,0.003988890818238766
test_11697,0.0004192977833397278
test_11698,0.028221808198911555
test_11699,0.2811415003953455
test_11700,0.32081514778926074
test_11701,0.9145146681092967
test_11702,0.010545125882694023
test_11703,0.0033872674048351465
test_11704,0.9982859890447333
test_11705,0.9999447636366375
test_11706,0.9999769077498595
test_11707,0.03405375759881872
test_11708,0.9999679156636502
test_11709,0.529279865963213
test_11710,0.5621727719223961
test_11711,0.5472391235594357
test_11712,0.24291856696292669
test_11713,0.9954019539196848
test_11714,0.9998328419553628
test_11715,0.9062737503148861
test_11716,0.05798812474293448
test_11717,1.229273866176653e-06
test_11718,0.006225761698009007
test_11719,0.013713968731169958
test_11720,0.9722999292225185
test_11721,0.558577594052166
test_11722,0.9991974280745591
test_11723,0.4659097033051039
test_11724,7.558869477963676e-10
test_11725,0.41207054741434096
test_11726,0.9864417672465239
test_11727,0.9998780080841274
test_11728,0.9999562306792046
test_11729,0.7240404472882443
test_11730,0.010898475948303165
test_11731,0.0003645971217421489
test_11732,0.9814828011414455
test_11733,0.999999961955681
test_11734,0.000602506625875724
test_11735,0.9696283735542268
test_11736,0.0003908348648850147
test_11737,0.0004200443810606939
test_11738,0.9930198394893472
test_11739,0.7796148808853113
test_11740,0.012203155759313886
test_11741,0.4332747474645515
test_11742,0.395758044433877
test_11743,0.8969968885588214
test_11744,0.9312471541467573
test_11745,0.0004945522545962267
test_11746,0.9748650865236684
test_11747,0.007857429378296739
test_11748,0.026253346904954518
test_11749,0.9999471870645232
test_11750,0.0906575039526845
test_11751,0.3510918881498661
test_11752,0.9999983316178549
test_11753,0.004693057192462339
test_11754,0.9871179832138619
test_11755,0.606175322354547
test_11756,0.9787368709715459
test_11757,0.15457689898698598
test_11758,0.0038888054634886103
test_11759,0.9999408098831813
test_11760,0.27755750482931185
test_11761,0.9999082629621152
test_11762,0.9995492100146587
test_11763,0.8255598848133259
test_11764,0.9999982330594223
test_11765,0.00014428177231444664
test_11766,0.9110568196615986
test_11767,0.018406144979635882
test_11768,0.9003260886069777
test_11769,0.9047437765235495
test_11770,0.017498822071656938
test_11771,0.9486991020721685
test_11772,0.9959315323434278
test_11773,0.010271656169035498
test_11774,0.0004005535406580931
test_11775,0.97998386757767
test_11776,0.6304890616260188
test_11777,0.9995831493808497
test_11778,0.9999824864759462
test_11779,0.9998832548137646
test_11780,0.9997720535500043
test_11781,0.0804674758418193
test_11782,0.003956666859123258
test_11783,0.10340925854788767
test_11784,0.9999980555398391
test_11785,0.0012389685399724173
test_11786,0.9906507209409164
test_11787,1.489819971871482e-05
test_11788,0.0016530212454742353
test_11789,0.03459767240195834
test_11790,0.012510677311165378
test_11791,0.9803945749022446
test_11792,0.9833798146279361
test_11793,0.7559249056472569
test_11794,0.9986217254236923
test_11795,0.9999413554612474
test_11796,2.4028410245507186e-08
test_11797,0.9441996963292141
test_11798,0.00024296754179457952
test_11799,0.9994157522712068
test_11800,0.07995397944077322
test_11801,0.020148169555391966
test_11802,0.005401313123763682
test_11803,0.021238972980056052
test_11804,0.018987983208441556
test_11805,0.1093195748672626
test_11806,0.11516096695182741
test_11807,0.9993336418307399
test_11808,0.9996768210689321
test_11809,0.4971350070563582
test_11810,0.9223594124932704
test_11811,0.0011610565325767916
test_11812,0.07333710844632357
test_11813,6.894146532069063e-05
test_11814,0.07623324569337563
test_11815,0.0777783064795221
test_11816,0.9796070556886267
test_11817,0.051151592370025194
test_11818,0.07786471189608533
test_11819,0.9770223347666931
test_11820,0.540762062101188
test_11821,0.9877854601301531
test_11822,0.9229904899875725
test_11823,0.9930358492651367
test_11824,0.9926767142707337
test_11825,0.9996484598964211
test_11826,0.00031614304340817686
test_11827,0.9994303478676173
test_11828,4.3434753900710067e-05
test_11829,0.37488725639127446
test_11830,0.9969850611473393
test_11831,0.0018682914948062825
test_11832,0.7802474752060283
test_11833,0.005785194090609011
test_11834,0.44105624715361386
test_11835,0.04574352231767398
test_11836,0.7581835475455423
test_11837,0.6936467111324635
test_11838,0.002760692112816021
test_11839,0.015127124064861167
test_11840,0.05156681988653142
test_11841,0.005513736097724229
test_11842,0.0013970748096102255
test_11843,1.1331782208056164e-05
test_11844,0.014032920899656368
test_11845,0.5825790542077092
test_11846,0.44202125127166614
test_11847,0.9844757819296415
test_11848,0.7731525976700635
test_11849,7.801669597331925e-07
test_11850,0.9999535423235256
test_11851,0.010534676782468035
test_11852,0.01644175880273473
test_11853,0.9774656707086194
test_11854,0.0002516437947635941
test_11855,0.9700724080377796
test_11856,0.9986457230353892
test_11857,8.131937177096265e-05
test_11858,0.9999993629622875
test_11859,0.5472987132035073
test_11860,0.4727203310740031
test_11861,0.13361441162747023
test_11862,5.0063906284437795e-06
test_11863,0.44602815255852996
test_11864,0.9991658378825297
test_11865,0.9757365443728115
test_11866,0.9346592875181637
test_11867,0.8932114919759502
test_11868,0.09909770174892385
test_11869,0.9997984352407412
test_11870,0.9935289643452888
test_11871,0.9997167946553636
test_11872,0.9993418916396184
test_11873,0.9065687053377991
test_11874,0.9999884125716223
test_11875,0.9920701825154915
test_11876,0.9999860769721166
test_11877,0.2966024703292341
test_11878,0.706836927633571
test_11879,0.5387665693014969
test_11880,0.018456495165034243
test_11881,0.9259468378899286
test_11882,0.9844140365251417
test_11883,0.00028599536558956485
test_11884,0.919612308066149
test_11885,0.31711404675774574
test_11886,0.07405115254682272
test_11887,0.9999998756547993
test_11888,0.01888218056612188
test_11889,0.0009187636025883694
test_11890,0.06694052990448296
test_11891,0.43784204462552767
test_11892,2.0753647907029764e-05
test_11893,0.999889029736509
test_11894,0.1481808890877128
test_11895,0.04265390805191395
test_11896,0.9999998398784606
test_11897,0.054008228398062526
test_11898,0.11441450647909727
test_11899,0.9956381221373463
test_11900,0.8808973523587075
test_11901,0.7307165729145519
test_11902,0.9994358338508349
test_11903,0.9991960800439657
test_11904,0.9782229515276364
test_11905,0.999992200468098
test_11906,9.09972460642888e-06
test_11907,0.98032101471002
test_11908,0.0018342136636044267
test_11909,1.2855055594302614e-06
test_11910,0.9946435438629448
test_11911,0.7975378546186856
test_11912,0.006565862274663231
test_11913,0.00013819882026959446
test_11914,5.229808514658744e-05
test_11915,5.5311915768350216e-05
test_11916,0.0006528621508138547
test_11917,0.7562362571411262
test_11918,0.5462705098671871
test_11919,0.4065652373563056
test_11920,0.7839741345126803
test_11921,0.11434420288867761
test_11922,0.0038469404103101588
test_11923,0.9954034919950515
test_11924,0.6560757232163772
test_11925,0.9997411858585724
test_11926,0.9999779626504356
test_11927,0.9991813352831377
test_11928,0.45576192069284654
test_11929,0.00013195652454357727
test_11930,0.9999990179804251
test_11931,0.9649463051119876
test_11932,0.0047856201827757
test_11933,0.28149590793605744
test_11934,0.16616039075402675
test_11935,0.03460141356963055
test_11936,0.9918496755226882
test_11937,0.0004681100217687074
test_11938,0.9999999774902506
test_11939,0.08155556480456706
test_11940,0.9975847078217239
test_11941,1.8540930419307336e-05
test_11942,0.5748951176838752
test_11943,0.017747297596324593
test_11944,0.0011659726925313224
test_11945,0.8085713496149546
test_11946,0.8321170415463129
test_11947,0.011535890253726405
test_11948,0.42283012740076087
test_11949,0.5045849313080801
test_11950,0.00024200341794131873
test_11951,0.05501670545375685
test_11952,3.0635453457332396e-08
test_11953,0.7322882506084137
test_11954,0.18930861830707452
test_11955,0.9999226685481761
test_11956,0.0072719890431868425
test_11957,0.8952603260666027
test_11958,0.5034299685347987
test_11959,0.7517711624420418
test_11960,0.00012114699078436988
test_11961,0.110043165157991
test_11962,2.7720148051963185e-05
test_11963,0.9772475560421892
test_11964,0.11294592726582564
test_11965,0.9042818022457768
test_11966,0.9852609339298465
test_11967,0.005249163103371721
test_11968,0.99998910436018
test_11969,5.687023445058002e-05
test_11970,0.11892392014140953
test_11971,0.0005664071304005611
test_11972,0.9253047350990599
test_11973,0.041691681277668376
test_11974,0.9973238151055752
test_11975,0.9999984210026217
test_11976,0.0013465900816802918
test_11977,0.9999996632119932
test_11978,0.9995073041051039
test_11979,0.8503349616107162
test_11980,0.8502616079788614
test_11981,0.012922824634041912
test_11982,0.9937034622725038
test_11983,0.8869351392926187
test_11984,0.95334446380826
test_11985,0.09532148701451193
test_11986,0.5045499157708527
test_11987,0.4777909497283618
test_11988,0.8821052464344283
test_11989,0.14330014029992563
test_11990,0.9999991612581715
test_11991,0.7518194662274728
test_11992,0.04532848440196803
test_11993,0.9948335904240234
test_11994,0.4062049981122353
test_11995,0.7859911165421815
test_11996,8.758854047051138e-05
test_11997,0.9999639005558133
test_11998,0.029693980793517268
test_11999,0.4009997940110009
test_12000,0.9934275687025421
test_12001,7.697372856157524e-05
test_12002,0.004271039462146724
test_12003,0.885121245157088
test_12004,0.05664823486223198
test_12005,0.0020381054967075936
test_12006,0.38332315138180084
test_12007,0.34935344327390333
test_12008,5.5803831569923565e-05
test_12009,0.01824285637837118
test_12010,0.004777771026130991
test_12011,0.9700026817337664
test_12012,0.9872873119294842
test_12013,2.599250434120904e-05
test_12014,0.5282673804666416
test_12015,0.9998941314358556
test_12016,0.7566829438397189
test_12017,0.9999999069109909
test_12018,0.9615566524236261
test_12019,0.9920037084522781
test_12020,0.9914512209455654
test_12021,0.9599090191723537
test_12022,0.9998605346525059
test_12023,0.08422896720171197
test_12024,2.9917293545429102e-05
test_12025,0.8675916180434787
test_12026,0.2945820604637917
test_12027,0.9996437761354381
test_12028,0.13187162038957873
test_12029,0.4377332936865414
test_12030,0.0031255389974758625
test_12031,0.9997327307374688
test_12032,0.7408346246068793
test_12033,0.9999999991001838
test_12034,0.9999998062282461
test_12035,0.6668609171077232
test_12036,0.08712981064812027
test_12037,0.5107637389215002
test_12038,0.001075673275286084
test_12039,2.5378271006774835e-05
test_12040,0.9888509878824364
test_12041,0.9513332677723022
test_12042,0.04442533935201994
test_12043,0.9983814836444311
test_12044,1.1162946161129262e-05
test_12045,0.0022174743567985353
test_12046,0.9999998170879287
test_12047,0.0022347496309214456
test_12048,0.9999999969762859
test_12049,8.711790476816292e-07
test_12050,0.06781743347825105
test_12051,0.00028094900734008195
test_12052,0.18762193768764557
test_12053,0.04528283947919668
test_12054,0.9926337292769997
test_12055,0.9997083822219416
test_12056,0.5045699416822154
test_12057,0.6677715350864417
test_12058,0.6363794337766016
test_12059,0.9999556928281262
test_12060,0.9980262364541069
test_12061,0.049111159410827936
test_12062,0.023848090819420843
test_12063,0.9997952098705944
test_12064,0.9999651062892922
test_12065,0.0010664381620988292
test_12066,0.09058067409639378
test_12067,0.9569477121433854
test_12068,0.05958433811200711
test_12069,0.16542760612325447
test_12070,0.07439277377260871
test_12071,0.9846678165657917
test_12072,0.9999984956704553
test_12073,0.0031719542463050014
test_12074,0.14718620107053115
test_12075,0.9779304598924641
test_12076,0.8159568921241304
test_12077,0.0875140845710742
test_12078,0.9999998860092013
test_12079,0.2633953267513786
test_12080,0.017715600858467358
test_12081,0.9994292215377921
test_12082,0.09230738357470629
test_12083,2.059298370091669e-05
test_12084,0.9832478733320302
test_12085,0.9999794756017101
test_12086,0.9263531284831523
test_12087,0.9914844363898853
test_12088,0.005841688741019395
test_12089,0.1549259607792821
test_12090,0.4260292245119971
test_12091,0.9999995736786912
test_12092,0.9981204326094094
test_12093,0.999953196178248
test_12094,0.9889409855108906
test_12095,0.9553210915016023
test_12096,0.8496831375897271
test_12097,0.00737177780653347
test_12098,0.8738008174784968
test_12099,6.515534923001616e-05
test_12100,0.002689309968339411
test_12101,0.9255051434514343
test_12102,2.6737610841345008e-06
test_12103,0.00028792159805647436
test_12104,0.07460704805101728
test_12105,0.06407440757252011
test_12106,0.9278977787014131
test_12107,0.98526691888946
test_12108,0.9010120579032985
test_12109,0.08306968332444618
test_12110,0.08933909125287136
test_12111,0.9999563981251866
test_12112,0.9014907549048402
test_12113,0.87375105770897
test_12114,0.9999974558948411
test_12115,6.940167104394886e-06
test_12116,4.178180853427099e-05
test_12117,0.08332691544028802
test_12118,0.9990760872364787
test_12119,0.9999999994936933
test_12120,0.9460508228193493
test_12121,0.011270728290307331
test_12122,0.03418367209152319
test_12123,0.0004951330696911529
test_12124,0.9661374466838586
test_12125,0.07480964108591216
test_12126,0.9996951646359875
test_12127,0.9999939186123721
test_12128,0.9902857780495656
test_12129,0.12728790235343324
test_12130,0.9979888397108381
test_12131,0.9421883340131522
test_12132,0.051288173146664166
test_12133,0.9998826464375804
test_12134,0.9999473712489287
test_12135,0.003506102363766823
test_12136,0.9756902353434085
test_12137,0.5043549009736541
test_12138,0.0011190922794137952
test_12139,0.9605964216059742
test_12140,0.9962188366825862
test_12141,1.0484227161652195e-05
test_12142,0.8547073731357467
test_12143,0.9389838639625344
test_12144,0.40869904134478435
test_12145,0.047812729365432176
test_12146,0.9999987707261339
test_12147,0.08075337624260913
test_12148,0.21309170919307968
test_12149,0.9999970400681459
test_12150,2.680860888672804e-07
test_12151,0.9784260333427143
test_12152,0.8487930083762508
test_12153,0.02879518156179881
test_12154,0.9999997835685682
test_12155,0.9994970515419906
test_12156,0.009496843953790234
test_12157,0.9883086438130259
test_12158,1.2265420594327218e-05
test_12159,0.9550725002549171
test_12160,0.9947495970358174
test_12161,0.9997559065120735
test_12162,0.9993767144517864
test_12163,0.49928498304682667
test_12164,0.986626851560218
test_12165,0.0020238736179936127
test_12166,0.9946527381505138
test_12167,0.486437491756138
test_12168,0.00013892156971943623
test_12169,0.9900981997179629
test_12170,0.006016589821562455
test_12171,0.00010461250377793874
test_12172,0.9167846137029356
test_12173,0.9664077312648359
test_12174,0.2947084238502555
test_12175,0.9942043155120065
test_12176,0.32284393322828114
test_12177,0.05939095494573909
test_12178,0.6180282974171104
test_12179,0.25473162122071175
test_12180,0.9764119156389541
test_12181,0.9973519502788191
test_12182,0.8175249030045542
test_12183,0.9438238077706764
test_12184,7.343112338242542e-06
test_12185,0.9392083630504177
test_12186,0.761210453009361
test_12187,0.019516120154010302
test_12188,0.0696904381124338
test_12189,0.4825552773643531
test_12190,0.8261500720527837
test_12191,0.9999829476903095
test_12192,0.012383351854756504
test_12193,0.07218466284298607
test_12194,0.00045400491688737563
test_12195,0.0004728611977182529
test_12196,0.007942356148852966
test_12197,0.11608105187420785
test_12198,0.01224940120495945
test_12199,0.4198025659893612
test_12200,0.6100633717953685
test_12201,3.4261366639470203e-07
test_12202,0.992735956758568
test_12203,0.9999916867096347
test_12204,0.06156095159557017
test_12205,0.14753449588641257
test_12206,0.218388394992244
test_12207,0.053831184769772285
test_12208,0.9996385670836443
test_12209,0.9992849815656649
test_12210,0.45661697097493337
test_12211,8.154522295348928e-06
test_12212,0.9998685133493143
test_12213,0.11195611669737349
test_12214,0.9999986801984727
test_12215,0.8989067783469273
test_12216,0.2110114932777623
test_12217,0.03740198657397392
test_12218,0.6067499868230316
test_12219,0.1989491232173683
test_12220,0.01599007934676783
test_12221,0.0013814654944997536
test_12222,0.0002800840221219764
test_12223,0.0003921715833758998
test_12224,0.9519479410595925
test_12225,4.26702627973473e-05
test_12226,0.012429320282232651
test_12227,0.06142048148580871
test_12228,0.9999257681405701
test_12229,0.09716889732416968
test_12230,0.02200686868603207
test_12231,0.10169590827540675
test_12232,8.517545757874684e-06
test_12233,0.0010376148537797963
test_12234,0.9816654037047012
test_12235,0.3499636464991745
test_12236,0.09677085311922569
test_12237,0.7620193870725595
test_12238,0.9587072413058099
test_12239,0.9994717793465312
test_12240,0.42315916376087204
test_12241,0.14837238330149316
test_12242,9.154195017463211e-05
test_12243,0.9988480173743935
test_12244,0.00015620822156051588
test_12245,0.3524082422412543
test_12246,0.9756801660852018
test_12247,1.9604482995427263e-08
test_12248,0.0021278983786327593
test_12249,1.8274691469182063e-06
test_12250,0.48971609776942526
test_12251,1.3516095264272978e-07
test_12252,0.142455441097363
test_12253,0.7453784495988751
test_12254,0.8439553435361526
test_12255,0.35561730743943315
test_12256,0.004155080539641753
test_12257,0.4033792344015909
test_12258,0.00015512138672736783
test_12259,0.9550622493679497
test_12260,0.9999674267330314
test_12261,0.9834687697051194
test_12262,0.025813518113907846
test_12263,0.14147167935277846
test_12264,0.23541304311121247
test_12265,0.001032653657146455
test_12266,0.4689699252702744
test_12267,0.01439745800129675
test_12268,0.0005154451058513347
test_12269,0.9999854305524658
test_12270,0.007133583653482904
test_12271,0.08128691972751484
test_12272,0.9941706001196409
test_12273,0.060996676123104145
test_12274,0.9528827907647359
test_12275,0.0030061252197014685
test_12276,0.4566467532055838
test_12277,0.19376686382477046
test_12278,8.302681269200309e-05
test_12279,0.8919580132632217
test_12280,0.9995464384528802
test_12281,0.0018967894269771622
test_12282,0.02756512912156165
test_12283,0.8829521782453692
test_12284,0.10440178038811387
test_12285,0.4436401867818152
test_12286,0.31299632892320295
test_12287,0.8664741778703074
test_12288,0.999991260911854
test_12289,0.003042078571393355
test_12290,0.00021970406900071894
test_12291,0.1707016192149998
test_12292,0.0876158425641896
test_12293,0.8754110245295785
test_12294,0.03603937695005367
test_12295,0.896556440516963
test_12296,0.9548774169145772
test_12297,1.6878902815507298e-06
test_12298,0.3117683758530219
test_12299,0.5944227953538727
test_12300,0.21406488795374598
test_12301,0.9942501178275007
test_12302,0.1279332164434388
test_12303,3.6342431893482574e-07
test_12304,0.9999794070162991
test_12305,1.406822268311555e-09
test_12306,0.7236381586803892
test_12307,0.9711411679326744
test_12308,0.017692267404830063
test_12309,0.9997558263277474
test_12310,0.0073192948117239
test_12311,0.9997843207568418
test_12312,0.9974659129783227
test_12313,0.1110406058786815
test_12314,0.9999987595739674
test_12315,1.2252837168870277e-09
test_12316,1.851932191680606e-05
test_12317,5.155538861700935e-07
test_12318,1.2854716931394122e-06
test_12319,0.5664834837359675
test_12320,0.9686026456718301
test_12321,0.9997634173213255
test_12322,0.18806368652565258
test_12323,0.1969408233357491
test_12324,0.00040159556666817927
test_12325,0.562232096194421
test_12326,0.9987538680892117
test_12327,0.9996204820508462
test_12328,2.8150723379872545e-06
test_12329,0.48363438715032264
test_12330,0.9989755336000955
test_12331,0.00175570725486706
test_12332,0.7770865824084552
test_12333,0.0022130994741832756
test_12334,1.802340852963039e-05
test_12335,0.9059805115304732
test_12336,0.08217745071476251
test_12337,0.2828256509497511
test_12338,0.21770231620448494
test_12339,0.9999359066943665
test_12340,0.7535595855828379
test_12341,0.2857170498502614
test_12342,4.653256343424386e-06
test_12343,0.0005309883778520186
test_12344,0.9992425224578042
test_12345,0.9996312286472004
test_12346,0.9999940785480167
test_12347,0.9753371810456154
test_12348,0.48775183179371856
test_12349,0.9532244236627241
test_12350,2.098418227144137e-05
test_12351,0.1525417383317628
test_12352,0.9890160728613242
test_12353,0.9124062637109582
test_12354,0.4499013865838787
test_12355,5.299744621396421e-05
test_12356,0.6784037151237726
test_12357,0.9999127449815672
test_12358,0.0014544919273899346
test_12359,0.9068309294897648
test_12360,0.40817264444032464
test_12361,0.9879894366854638
test_12362,0.0048502616984611386
test_12363,0.0011314329129447841
test_12364,1.7450197325773072e-05
test_12365,0.9963349809368232
test_12366,0.5781664738069036
test_12367,0.03294415144009785
test_12368,0.9986823686250006
test_12369,0.6424084769731669
test_12370,0.0004615893773081066
test_12371,0.999680349298803
test_12372,0.9999958521026194
test_12373,0.9995415416709172
test_12374,0.12099306061965374
test_12375,0.9732436615714856
test_12376,0.07320829537693217
test_12377,0.0006501798286900559
test_12378,1.5015043869353667e-05
test_12379,0.0021435323295361415
test_12380,0.021147139904813764
test_12381,0.597543797616617
test_12382,5.9704517426038484e-06
test_12383,8.040413009894305e-05
test_12384,0.8978597705919275
test_12385,0.00017739338629724205
test_12386,0.7956013492799827
test_12387,0.9999997053671084
test_12388,0.0020659884316137933
test_12389,0.5405928843056861
test_12390,0.0010033102377759843
test_12391,0.9999304666046857
test_12392,2.946328916857638e-07
test_12393,0.0022342321635817706
test_12394,0.3944576266300329
test_12395,0.9942874769123861
test_12396,0.000776468373266714
test_12397,0.01223330600711812
test_12398,1.9642890112857756e-05
test_12399,7.4518041037273e-07
test_12400,0.9999999987736727
test_12401,0.0001711616295467349
test_12402,0.21097812657700776
test_12403,0.9990654205852578
test_12404,1.2970203431518818e-07
test_12405,0.008912311248067576
test_12406,0.986492970745181
test_12407,0.9995873874094067
test_12408,0.9999834844860603
test_12409,0.5765313942283716
test_12410,7.65980960762465e-06
test_12411,0.7042142974056301
test_12412,0.967344515462697
test_12413,0.009282855071584354
test_12414,4.188891783888754e-06
test_12415,0.38767895344057574
test_12416,0.5087243233641996
test_12417,0.9357594567870577
test_12418,0.9987025171800594
test_12419,0.8423220700450537
test_12420,0.9998125519268501
test_12421,0.003145742646509308
test_12422,0.9999996274349616
test_12423,0.002096069238082312
test_12424,0.5698212398679202
test_12425,0.2975732970469878
test_12426,0.9975876708237276
test_12427,0.4282334777449687
test_12428,0.7805879769707137
test_12429,0.8592841537874593
test_12430,0.9999973507256855
test_12431,0.9635588301932754
test_12432,0.9692640142275264
test_12433,0.5338212516749031
test_12434,0.9982324741840111
test_12435,0.06658501646459135
test_12436,0.014710669163984707
test_12437,0.05472999100894322
test_12438,0.07810157244723634
test_12439,5.572181807968786e-06
test_12440,0.8473933396573864
test_12441,0.9640488372718069
test_12442,0.9999949936763521
test_12443,0.0016961460310073464
test_12444,0.31559260928302796
test_12445,0.6537943708340557
test_12446,0.13407516171832792
test_12447,0.00011824051256031242
test_12448,3.0559956067170886e-07
test_12449,0.4078997759826088
test_12450,0.9993890966841011
test_12451,0.9997591170705423
test_12452,0.7780806714980514
test_12453,0.9879456145071803
test_12454,0.36693349718915813
test_12455,0.00018082896625242013
test_12456,6.980002710760045e-06
test_12457,6.503221242425943e-05
test_12458,0.9019632847238691
test_12459,0.7188584996046544
test_12460,0.00013628055676874107
test_12461,0.9999994253229714
test_12462,0.0008195724102264137
test_12463,0.41720546798352326
test_12464,0.02303418034701576
test_12465,0.9999776774576568
test_12466,7.935141459510745e-07
test_12467,0.9974545556928751
test_12468,0.008803284647697102
test_12469,5.3589896716744497e-05
test_12470,0.9997183578066399
test_12471,0.6596261521085327
test_12472,0.05934921004165989
test_12473,0.9512532091667427
test_12474,8.296067121513926e-07
test_12475,0.008733600441811843
test_12476,0.9322883047666244
test_12477,0.02426848716267335
test_12478,0.9999999943722888
test_12479,0.02430070027009385
test_12480,0.0003895005140917078
test_12481,0.04838869264318955
test_12482,0.9271595795661096
test_12483,0.00017372139659959312
test_12484,0.9983962130802974
test_12485,2.5843204468105604e-06
test_12486,0.013969804622392773
test_12487,0.39079441955147126
test_12488,0.009696050341212771
test_12489,0.9999989109251075
test_12490,0.001361590687365606
test_12491,0.0158726548858788
test_12492,0.7095318110036787
test_12493,0.9929667937736559
test_12494,0.9991176402666635
test_12495,0.003954548720938525
test_12496,0.7552656780061496
test_12497,0.0007383043967526627
test_12498,0.7787345306153804
test_12499,0.9712293600448713
test_12500,0.9999999979760232
test_12501,0.6754487874491344
test_12502,0.05582541952347706
test_12503,0.9114917146773619
test_12504,0.9999903927466398
test_12505,0.39881284087394403
test_12506,0.990078023127247
test_12507,0.5058097964362369
test_12508,0.9999881020477268
test_12509,0.09652639454130378
test_12510,0.5097890650749487
test_12511,0.001086530252420606
test_12512,0.17301826513142443
test_12513,0.0004555611381655767
test_12514,0.9048508831976331
test_12515,0.021998336259061686
test_12516,0.9999691352826152
test_12517,0.07914077557058448
test_12518,0.00033293643296942077
test_12519,0.00189536887071884
test_12520,6.007316354431981e-06
test_12521,6.85900720327246e-07
test_12522,0.013763476489944434
test_12523,6.450439853303482e-07
test_12524,0.9992109816749957
test_12525,0.0011361042255249997
test_12526,0.9999985924431791
test_12527,1.0898247963924778e-07
test_12528,1.1048080376676458e-06
test_12529,0.005729883154722349
test_12530,0.9535555603987569
test_12531,0.04286987794589583
test_12532,0.0012647105252981442
test_12533,0.8763684797937307
test_12534,0.9014622052305672
test_12535,0.9999949824172973
test_12536,0.0641255104254192
test_12537,0.5234221331912501
test_12538,0.999986561337372
test_12539,0.0013816640914144503
test_12540,0.06814667982943377
test_12541,0.06204436145025963
test_12542,6.093751505132537e-07
test_12543,0.0005875464363259439
test_12544,0.07696659973646834
test_12545,0.9997445781309893
test_12546,0.0028883651596711773
test_12547,0.04057209488404601
test_12548,0.49672502811676444
test_12549,0.9995621666521085
test_12550,0.9765540901906065
test_12551,0.4023833396551148
test_12552,0.9999793842198734
test_12553,0.9603079419786605
test_12554,1.0087914455021617e-07
test_12555,0.9945032527171077
test_12556,1.6617869242490338e-05
test_12557,0.4270671489474382
test_12558,9.21278479527791e-05
test_12559,0.9989741717921276
test_12560,0.9994403018934406
test_12561,0.999999980395517
test_12562,0.041712672306535206
test_12563,0.999985564920739
test_12564,0.0002669313026497024
test_12565,0.0017766466673039844
test_12566,0.9958314730423331
test_12567,0.000697392972288607
test_12568,0.0013647621241351568
test_12569,0.9974540018991176
test_12570,0.9945074959552531
test_12571,0.019864086611852117
test_12572,0.762574983839449
test_12573,1.455522069102338e-06
test_12574,0.019782971591633985
test_12575,8.341543719841606e-07
test_12576,0.1911581127875868
test_12577,0.403155755386666
test_12578,0.02628712442132743
test_12579,0.9980488769041244
test_12580,0.022013513931225616
test_12581,0.5175645667049904
test_12582,7.076830050922892e-05
test_12583,0.6216780903116776
test_12584,0.5502375666775593
test_12585,0.999580063044412
test_12586,0.08327973059842071
test_12587,0.9982637415325408
test_12588,3.4242410821508246e-08
test_12589,0.012256781292832496
test_12590,0.9829796904485965
test_12591,0.9999562642343465
test_12592,0.024002728559213374
test_12593,9.981676433859186e-05
test_12594,0.9077794093243791
test_12595,0.9238824709549597
test_12596,0.0007247686562239379
test_12597,0.9307334199735762
test_12598,0.001043793084455088
test_12599,0.004321331856133939
test_12600,0.9999324442302475
test_12601,0.9999090909860001
test_12602,0.06162324250150684
test_12603,0.999501608078633
test_12604,0.15460806787203635
test_12605,0.039936833018896244
test_12606,0.9840827797208783
test_12607,0.00023255824902188737
test_12608,0.9947640633598087
test_12609,0.441234350956609
test_12610,0.0019865916557712366
test_12611,0.015972825170847037
test_12612,0.013541149484686524
test_12613,0.9435779824150339
test_12614,0.8659592240616003
test_12615,0.7903237613911969
test_12616,0.022671225590559653
test_12617,1.1527179664309646e-06
test_12618,0.19515310425506485
test_12619,0.2003697862050131
test_12620,0.8666027578903187
test_12621,0.07178475965755232
test_12622,0.0002884482830170964
test_12623,0.9401607210753127
test_12624,0.9999958418577388
test_12625,0.0032196925069277503
test_12626,0.0012516153258516204
test_12627,0.0008049690491433537
test_12628,1.426184313711588e-07
test_12629,0.996745518347069
test_12630,0.0007378751737693964
test_12631,0.999999991440981
test_12632,0.4049787792402009
test_12633,0.06779287518608314
test_12634,0.031232969233128047
test_12635,0.02243245974818634
test_12636,0.9943579123214922
test_12637,0.543547108644131
test_12638,4.816597991704131e-05
test_12639,0.952896365788433
test_12640,0.02069612975482605
test_12641,0.11772241253751974
test_12642,0.18158973181381063
test_12643,0.9999871094808677
test_12644,0.001510215947720897
test_12645,0.9836466296275046
test_12646,0.7416807773282516
test_12647,0.003609040016305448
test_12648,0.009900616032959598
test_12649,0.002711365606304846
test_12650,0.8145057569428988
test_12651,0.999778614472547
test_12652,4.00173582417519e-08
test_12653,0.26265013966754086
test_12654,0.03330868937682254
test_12655,0.999997780770685
test_12656,0.9989354727431315
test_12657,0.9022854265188951
test_12658,0.9969013887939339
test_12659,2.7564315408722542e-06
test_12660,0.0830225500484381
test_12661,0.9999997547306457
test_12662,0.9444638766453439
test_12663,0.0003766895250463395
test_12664,0.011091289398752792
test_12665,0.9060544659433858
test_12666,0.1472437024841231
test_12667,0.5219494351152552
test_12668,0.034066126162056815
test_12669,0.006958815887791457
test_12670,0.9999249774926828
test_12671,0.9998589594866614
test_12672,1.050944735844207e-08
test_12673,7.582256469127637e-07
test_12674,0.14216165872685202
test_12675,0.37235540992871846
test_12676,0.9894898958144636
test_12677,0.9948270288154137
test_12678,0.011088126258201457
test_12679,0.9988700004679296
test_12680,0.9916762550399029
test_12681,0.1812246656116965
test_12682,0.9999096729167395
test_12683,0.00122863665629342
test_12684,0.9886370051318285
test_12685,0.05029438388024823
test_12686,0.9552217604444508
test_12687,0.9998992126970737
test_12688,0.8474304451798153
test_12689,0.48548807474060257
test_12690,0.2870426881092655
test_12691,0.9988201300714248
test_12692,0.9019158483027988
test_12693,0.9987957862600666
test_12694,0.12664453839157913
test_12695,0.009997555160241646
test_12696,0.5597847771692719
test_12697,0.0294026839927496
test_12698,0.7829300247277389
test_12699,0.8681822565556967
test_12700,0.019814153184687777
test_12701,0.8535633227609026
test_12702,0.025471295682670935
test_12703,0.09378162584495262
test_12704,0.9996938990725117
test_12705,0.9999997765318023
test_12706,0.09002381114183379
test_12707,0.9995861185516277
test_12708,0.8680687903488684
test_12709,0.9996632711216656
test_12710,0.005460322575953656
test_12711,0.5137773816614883
test_12712,0.9999921864008953
test_12713,0.0016602779676319478
test_12714,2.009238976879569e-05
test_12715,0.3448834704959609
test_12716,1.1260037035014415e-06
test_12717,3.757364672947646e-05
test_12718,0.0981292123333335
test_12719,0.9153491783711751
test_12720,0.9997382719182826
test_12721,0.9998358123887745
test_12722,0.9957012659948279
test_12723,0.05707855089429747
test_12724,0.0003657865701851902
test_12725,0.6953503024948002
test_12726,0.5470702659259148
test_12727,0.5273395564741554
test_12728,0.5057647994511866
test_12729,0.8874697123241352
test_12730,0.0008260904853059066
test_12731,0.9872914229664749
test_12732,0.08051787897831902
test_12733,0.9316864433895486
test_12734,0.9961631389082146
test_12735,0.7462906900897472
test_12736,0.9530726126645477
test_12737,0.9999954329848346
test_12738,0.0017270259972512376
test_12739,0.9999819551489395
test_12740,0.00027612087022933063
test_12741,3.640416100335411e-05
test_12742,0.009703666052064885
test_12743,0.010519312731013104
test_12744,0.1414776016808864
test_12745,0.2549599758907828
test_12746,0.9997998922297975
test_12747,0.9894302505319748
test_12748,0.5522218079231882
test_12749,0.026717932581278084
test_12750,2.167217058572732e-06
test_12751,0.00010393525214833986
test_12752,0.9998133947234117
test_12753,0.0008343150159460352
test_12754,0.0008438098302257519
test_12755,0.9989709318791243
test_12756,0.9997157497273561
test_12757,0.9549111920212485
test_12758,0.12558117267047622
test_12759,4.9279988297354465e-06
test_12760,0.5171449719082919
test_12761,0.8730146089790064
test_12762,0.003054933172320175
test_12763,0.9924146090422253
test_12764,1.9608657188398736e-08
test_12765,0.8397965000874178
test_12766,0.004199863645309785
test_12767,0.0035103999838320145
test_12768,0.9999612381516961
test_12769,0.999997276827652
test_12770,1.2016469928296633e-06
test_12771,0.0005950659688409837
test_12772,0.1823553159435407
test_12773,0.9999928732728471
test_12774,9.794086769084065e-05
test_12775,0.9664799856386481
test_12776,3.415071279961819e-05
test_12777,0.0034106557325624056
test_12778,0.9949034074226849
test_12779,0.0033872674048351465
test_12780,0.9999958111082161
test_12781,0.9999998378550887
test_12782,5.739527564444724e-06
test_12783,0.9999999987747162
test_12784,0.10275647291868029
test_12785,0.9988243452060375
test_12786,0.5547053367073997
test_12787,0.9999742642513654
test_12788,0.16819991276119048
test_12789,0.974817782295756
test_12790,9.623226980500948e-07
test_12791,0.09565979830189593
test_12792,0.0009528306028046556
test_12793,0.9002326501421668
test_12794,0.09186016287506733
test_12795,0.9960834955826767
test_12796,0.9429927301766206
test_12797,0.9997070561442277
test_12798,0.8767011785818952
test_12799,6.2670183069711316e-12
test_12800,0.20488341905934818
test_12801,0.006003648461296511
test_12802,0.0020050652971092247
test_12803,0.9997243081958587
test_12804,0.9999875575761568
test_12805,0.004540641568856584
test_12806,0.16412868947716044
test_12807,0.9979335140912055
test_12808,2.731517575978999e-06
test_12809,0.9999856604816157
test_12810,1.082919928811636e-05
test_12811,0.7399953488668961
test_12812,0.9589238462666094
test_12813,0.8793084643763358
test_12814,0.00970191203713454
test_12815,0.2840681291773385
test_12816,0.3803632036159966
test_12817,0.004845911901619709
test_12818,8.998162449188389e-10
test_12819,2.9191853858393803e-07
test_12820,0.7094062144735854
test_12821,0.3318077952426391
test_12822,0.9969969096269915
test_12823,0.9999292745190784
test_12824,0.0001041436848084899
test_12825,0.4883015970563486
test_12826,0.4367352752954709
test_12827,0.09738835088741377
test_12828,0.9062460578671011
test_12829,0.5932059288718087
test_12830,0.014905615189525786
test_12831,0.1332116793832713
test_12832,0.9999790850579319
test_12833,4.901477986714211e-09
test_12834,0.9998836406739602
test_12835,0.999955422453095
test_12836,0.46103433413314265
test_12837,0.8058436908535594
test_12838,0.9989004360051311
test_12839,0.007448645417256908
test_12840,0.00011471251247071072
test_12841,7.234472782415948e-06
test_12842,0.07064751770652304
test_12843,0.9999999526743213
test_12844,0.9960267073708637
test_12845,0.014954587786446408
test_12846,0.0964489148995676
test_12847,0.5679976290205517
test_12848,0.9995675980762538
test_12849,0.04776707177201021
test_12850,0.9591425022272702
test_12851,0.25171112488369585
test_12852,0.14028583475709977
test_12853,0.9999224000360509
test_12854,0.08189267487378057
test_12855,3.692504392493526e-05
test_12856,0.9999924234802776
test_12857,0.8867566124487463
test_12858,2.3924414882233257e-05
test_12859,0.9998083794997771
test_12860,0.9999916721841073
test_12861,0.2561400667111028
test_12862,3.582616251964194e-05
test_12863,0.11404759849929093
test_12864,0.0005541391407335425
test_12865,0.951268623364208
test_12866,0.8731393787600953
test_12867,0.9971824661963431
test_12868,0.5147967412388886
test_12869,0.0011968095799719284
test_12870,0.9999999558806064
test_12871,0.49972000720311793
test_12872,0.9146345245974571
test_12873,0.9957101378318003
test_12874,0.9990045849570811
test_12875,0.04187238974676866
test_12876,1.1029097542270655e-08
test_12877,0.12271923697908203
test_12878,0.9070927015996464
test_12879,0.9917949390469329
test_12880,0.02665187513559677
test_12881,6.2670183069711316e-12
test_12882,0.9309590690463219
test_12883,0.002413946136193804
test_12884,0.24077627786070438
test_12885,0.00030177167636412583
test_12886,0.5836611074937968
test_12887,0.29844468331748475
test_12888,0.28636665222053564
test_12889,0.05593102043260498
test_12890,0.9999983251277743
test_12891,0.00026156138784514955
test_12892,2.2274810705310823e-05
test_12893,0.9999420918043461
test_12894,4.9262883710782255e-05
test_12895,0.9981813119650973
test_12896,0.5239312824311578
test_12897,0.9862480159221607
test_12898,0.08487849509595655
test_12899,0.1328296034426079
test_12900,0.9989968583022444
test_12901,0.9976072889725683
test_12902,0.9733012514772811
test_12903,0.43752081224236755
test_12904,0.8150752304420817
test_12905,0.9999948692636867
test_12906,0.020133769850599118
test_12907,0.014842470250947272
test_12908,0.9966373281009325
test_12909,0.9244877003032168
test_12910,0.0014526456037607651
test_12911,0.999999903847315
test_12912,0.9999931522586163
test_12913,1.9444601608782703e-06
test_12914,1.7073161949659216e-05
test_12915,0.0007120642618651801
test_12916,0.9999997522571565
test_12917,0.9997858294051338
test_12918,0.049089495708079876
test_12919,0.89887296263947
test_12920,0.9996039076480362
test_12921,0.0007486519806167026
test_12922,0.008361370373374503
test_12923,0.9716987570747831
test_12924,0.9959551788059748
test_12925,0.7695479717181019
test_12926,0.9999860394158481
test_12927,1.8868149740844408e-05
test_12928,0.02449856077504173
test_12929,0.9999975273441363
test_12930,0.9934148899759566
test_12931,0.05696146453996513
test_12932,4.3301529628815445e-05
test_12933,0.9985718345533136
test_12934,0.5607392501039307
test_12935,0.11172232773421739
test_12936,0.8516093457199257
test_12937,0.4139175171264294
test_12938,0.3242113149582967
test_12939,0.99837648474806
test_12940,0.9989427537211425
test_12941,0.8405236233434504
test_12942,0.3451663069311299
test_12943,0.06479194690765859
test_12944,0.9999977432082617
test_12945,0.1589061788854269
test_12946,0.9999999270557373
test_12947,0.994938725323067
test_12948,0.0564658649139368
test_12949,0.0002050841306555728
test_12950,0.8077231939421097
test_12951,0.07608710234419735
test_12952,0.8813984481618538
test_12953,0.9886607532059123
test_12954,3.6621236024816152e-06
test_12955,0.4836643740171931
test_12956,0.9467173690619534
test_12957,0.875301300303189
test_12958,0.00020302761533036014
test_12959,0.5487734148650911
test_12960,0.8366472453465474
test_12961,0.40625852869836054
test_12962,0.16540170315873637
test_12963,0.9987900293913492
test_12964,0.005827643277257994
test_12965,0.6896624933953595
test_12966,0.9583726440444311
test_12967,0.00014293171526021402
test_12968,0.015177285331753877
test_12969,0.826882057552307
test_12970,0.4823504863537779
test_12971,3.046896008827723e-06
test_12972,0.029689434281482893
test_12973,3.3795633013170597e-06
test_12974,0.45540404082972663
test_12975,0.10083973768905259
test_12976,0.00919452339515912
test_12977,3.222773124743527e-05
test_12978,0.974191704258163
test_12979,0.1658780935198483
test_12980,1.4135173038789228e-06
test_12981,0.8875573502534111
test_12982,0.9454270439125136
test_12983,0.9835956993490726
test_12984,0.6513821049181878
test_12985,0.8652650163028149
test_12986,0.9999597424117207
test_12987,0.9912094634539846
test_12988,8.947179008302494e-07
test_12989,0.9713496499260368
test_12990,0.9985823749644285
test_12991,0.04188361061680354
test_12992,0.10341658834801935
test_12993,0.9968123871043009
test_12994,0.13667964852898873
test_12995,0.4137953157409986
test_12996,0.9814356936317071
test_12997,4.71843638191016e-06
test_12998,0.999997854859539
test_12999,0.7502349261651722
test_13000,0.14202825695584162
test_13001,0.9999983509355729
test_13002,0.0025635052234881783
test_13003,0.9977871563743455
test_13004,0.0003119232100389637
test_13005,0.9352521304898314
test_13006,0.007317796306762525
test_13007,2.294688172334503e-05
test_13008,0.4957000812220485
test_13009,0.9999736197163515
test_13010,0.341431132221243
test_13011,0.053058345043467424
test_13012,0.5216198741500384
test_13013,0.9999999985931778
test_13014,0.018245399612041465
test_13015,0.9999988846193564
test_13016,2.2753730061630996e-05
test_13017,0.8888954218894549
test_13018,0.0003603482824967658
test_13019,0.9859939417569336
test_13020,3.444665823216518e-05
test_13021,0.08090922030658855
test_13022,0.049221108926936534
test_13023,0.8613153191976949
test_13024,0.9990876521976975
test_13025,0.995054666312333
test_13026,0.6829893024045188
test_13027,0.9659981103732755
test_13028,0.8103069037057317
test_13029,0.9436184335379142
test_13030,0.0034823534132328777
test_13031,0.3896331162543098
test_13032,0.87817544800316
test_13033,0.00015627236388416168
test_13034,0.9998688651052233
test_13035,0.12572723917065634
test_13036,0.4971650172637086
test_13037,0.9985286404001327
test_13038,0.9313861590221191
test_13039,0.9976933165095923
test_13040,0.8924303776370556
test_13041,0.7964345718765146
test_13042,0.9308156875422982
test_13043,0.672774533000933
test_13044,0.8995962991775922
test_13045,0.0002303635929663235
test_13046,0.8958641112048287
test_13047,0.022357677930015283
test_13048,0.0006713888045665213
test_13049,0.988483541890137
test_13050,8.618681586787255e-07
test_13051,0.0005912361394171137
test_13052,0.9985718345533136
test_13053,0.999981350187407
test_13054,6.568932747528395e-05
test_13055,0.0005980112100783274
test_13056,0.999801561811349
test_13057,5.411092005932699e-05
test_13058,0.0001537842124508262
test_13059,0.7321546765895157
test_13060,0.895403458911316
test_13061,0.9272247451319318
test_13062,0.9999997447169378
test_13063,0.17650623001624077
test_13064,0.07422085928918987
test_13065,0.9999998398665254
test_13066,0.3832704232235055
test_13067,0.0018453798495517203
test_13068,0.9716766649185038
test_13069,0.9904300409012884
test_13070,0.9923727957647785
test_13071,0.044797245302866814
test_13072,4.418010813556831e-06
test_13073,0.6747594406027785
test_13074,0.9886492022447575
test_13075,0.9929770331279327
test_13076,0.06111707274893964
test_13077,0.3726026504750905
test_13078,0.7240108002643433
test_13079,0.9907234315272453
test_13080,0.0027598213690014847
test_13081,0.13672892683696136
test_13082,0.9983216183965259
test_13083,0.5796433204814909
test_13084,0.9809659375977486
test_13085,0.9999991794782938
test_13086,0.9927463857113104
test_13087,0.0779099797456839
test_13088,0.9536213163696613
test_13089,0.17600266606602627
test_13090,0.006005878701716079
test_13091,0.21936664813187504
test_13092,0.9972453913161664
test_13093,3.601269360615232e-09
test_13094,0.9979066730695884
test_13095,0.8728148412812052
test_13096,4.2960096643195434e-07
test_13097,2.108612479711638e-06
test_13098,0.023312107209254168
test_13099,0.3882226026383123
test_13100,4.041821712808637e-05
test_13101,0.034955662522761104
test_13102,0.3672222290884486
test_13103,0.006401930482351273
test_13104,1.050944735844207e-08
test_13105,0.9778200489304265
test_13106,0.9638415298262384
test_13107,0.9586460303210067
test_13108,0.9999314799824836
test_13109,0.0033539576764040767
test_13110,0.999992130088709
test_13111,0.9429672796991989
test_13112,0.9940315215819551
test_13113,0.4076025588874849
test_13114,0.3290145275752196
test_13115,0.5451227617957004
test_13116,0.5266610147786748
test_13117,0.03521113504495506
test_13118,0.36321949358172095
test_13119,0.007764763854726245
test_13120,0.0038821592251120185
test_13121,0.2918901883595008
test_13122,8.66489338871286e-06
test_13123,0.05082851454641051
test_13124,0.9387943273955598
test_13125,0.9999971427272056
test_13126,0.17123947143598478
test_13127,0.9999999894905527
test_13128,0.9973649667316729
test_13129,0.47798066074989937
test_13130,0.942116422311577
test_13131,0.002680746461085837
test_13132,0.8031555779812584
test_13133,0.0023994194880558456
test_13134,0.0029758396673217717
test_13135,4.2305423420597626e-07
test_13136,0.0006001935484787602
test_13137,0.9281917573934207
test_13138,0.9976933149427275
test_13139,0.00122676287471271
test_13140,0.01782332551716276
test_13141,0.9999998170879287
test_13142,0.002468979106350381
test_13143,0.999915247687492
test_13144,0.00028959070173299533
test_13145,0.0007267546163179775
test_13146,0.997314115860494
test_13147,0.9999998721068035
test_13148,3.4166170948406404e-06
test_13149,0.0031660140111631693
test_13150,0.06593133650179543
test_13151,0.9970120659007491
test_13152,0.0019749705785606976
test_13153,0.9857019075922591
test_13154,0.026608240471336028
test_13155,0.9999999977430699
test_13156,0.06500153247729405
test_13157,0.1399770945537292
test_13158,0.14159293992533906
test_13159,0.9816287996800488
test_13160,0.6455720500792959
test_13161,0.048806878904969736
test_13162,0.5604178086742679
test_13163,0.9997058163027703
test_13164,0.03687293830475336
test_13165,0.10837940911335006
test_13166,0.00015232668602334085
test_13167,0.8414827792193491
test_13168,0.36819307868179546
test_13169,0.0007182599629797992
test_13170,0.03798187567116889
test_13171,0.009718921801489849
test_13172,0.8623097866295091
test_13173,0.0001428704370007597
test_13174,0.9920665251462057
test_13175,0.01821232875242191
test_13176,0.2553516774415153
test_13177,0.0007936219793549681
test_13178,0.06006687192242053
test_13179,0.00927599987089944
test_13180,0.9969707426999708
test_13181,0.001043793084455088
test_13182,0.5211005951252291
test_13183,0.9999999997752761
test_13184,0.053597304684806446
test_13185,0.9999887358851519
test_13186,0.8726759898872605
test_13187,0.9988179281158708
test_13188,0.00038113842716110336
test_13189,0.05514295523265928
test_13190,0.036948235171142416
test_13191,0.005848275993087435
test_13192,0.9999001319063152
test_13193,0.0037173774457450307
test_13194,0.9971406738686859
test_13195,0.00015359340108378282
test_13196,0.9999997973040882
test_13197,0.09432021771724147
test_13198,0.2282116319969427
test_13199,0.5065347145760806
test_13200,0.4436500753368915
test_13201,0.037666920236138775
test_13202,0.7730756213426974
test_13203,0.9989522494245722
test_13204,0.2250579759945876
test_13205,0.28490066033262745
test_13206,6.808648871869901e-09
test_13207,0.9883399713843004
test_13208,0.0042350033717792656
test_13209,0.0764507542900754
test_13210,0.9999910062337004
test_13211,0.2314539033218009
test_13212,0.9998665117885795
test_13213,0.38880493538101046
test_13214,0.0002734666163449996
test_13215,0.2561645787953344
test_13216,0.9925609252034095
test_13217,0.9999966480392195
test_13218,0.9999999998436943
test_13219,0.15668735970117303
test_13220,0.9999819978936271
test_13221,0.014853728168803289
test_13222,0.9393265859190452
test_13223,0.010007102637154222
test_13224,0.99987241298412
test_13225,0.199214813802054
test_13226,0.9999552191755119
test_13227,0.9983588145871369
test_13228,0.00012483079381935875
test_13229,0.0009828856920785377
test_13230,0.08817019797721362
test_13231,0.9998766494911044
test_13232,0.9954360627720801
test_13233,7.713580584181275e-07
test_13234,0.999563582122041
test_13235,0.05465059620450664
test_13236,0.08354809784539315
test_13237,0.0005079981089695927
test_13238,0.9999829059729451
test_13239,0.9537049203079165
test_13240,5.558502962281151e-07
test_13241,0.00033997022321303566
test_13242,0.0016545597596032515
test_13243,0.9999999824387986
test_13244,0.7779969889552921
test_13245,0.5239612119820062
test_13246,0.9986193334959289
test_13247,0.9164132093316609
test_13248,0.8892456454786393
test_13249,0.004735891356483986
test_13250,0.8373183869228623
test_13251,0.23941792211997895
test_13252,0.7886771627632163
test_13253,0.005141442443138056
test_13254,0.03964184439858106
test_13255,0.9930581384772231
test_13256,0.00011580927518009636
test_13257,9.748117848774898e-06
test_13258,0.706462911782753
test_13259,0.999972332943516
test_13260,0.0017166989678399744
test_13261,1.0890748925443346e-06
test_13262,0.002840447780609487
test_13263,0.013292779160168867
test_13264,0.7121079820035984
test_13265,0.9954031075030806
test_13266,0.9998658013733757
test_13267,0.18886521415514385
test_13268,0.05115000334492433
test_13269,0.012057709983129522
test_13270,0.024620164820580374
test_13271,7.759996394908428e-05
test_13272,6.132725970575054e-07
test_13273,0.9999998040160577
test_13274,0.0002890629403753822
test_13275,0.053765688338583806
test_13276,0.0653074934187098
test_13277,0.0035912669771110514
test_13278,0.004306505766477561
test_13279,0.007778704374142542
test_13280,0.08709673954725539
test_13281,0.9933243348364084
test_13282,0.00022523230532663506
test_13283,0.8785511396276685
test_13284,0.544128753203771
test_13285,4.837039184243082e-07
test_13286,0.89257583758973
test_13287,6.409306322906536e-05
test_13288,0.9194527039364042
test_13289,1.8939805925562696e-07
test_13290,0.9191518791993087
test_13291,0.9653311658973185
test_13292,0.9999940663718087
test_13293,0.9517935711154321
test_13294,0.6601428069460199
test_13295,0.9999798396212891
test_13296,0.9999702758533153
test_13297,0.0021554234233959984
test_13298,0.9187722279316883
test_13299,0.9999293173254944
test_13300,0.13226624896581374
test_13301,0.9998544857693017
test_13302,0.9981546201504483
test_13303,0.025308961028656148
test_13304,0.999184053386217
test_13305,0.5595572522566095
test_13306,7.370677979961372e-05
test_13307,3.64651505932045e-05
test_13308,0.999997773238889
test_13309,0.9999946624207621
test_13310,0.9999800655320694
test_13311,0.9743594939558321
test_13312,0.008203464772866743
test_13313,0.802844942294092
test_13314,0.9767310834939976
test_13315,0.9999642342837897
test_13316,0.07430478986068993
test_13317,0.9987144516223001
test_13318,0.05393933430672417
test_13319,0.9931295773035971
test_13320,0.05884774765618531
test_13321,0.00036578716186152035
test_13322,3.292049307882978e-05
test_13323,0.9999807797395442
test_13324,0.013074946588951357
test_13325,1.6878902815507298e-06
test_13326,0.08757380928947721
test_13327,0.9998708484846278
test_13328,0.05239219792938943
test_13329,0.0003395886571449531
test_13330,3.362070591016396e-05
test_13331,0.43274201100351384
test_13332,0.00029569330911196777
test_13333,0.9993958188992959
test_13334,0.0018852204553062432
test_13335,0.0044813633915505675
test_13336,0.02533890325195209
test_13337,0.8672359136902086
test_13338,0.2706201964852512
test_13339,0.9440723379993263
test_13340,0.010418253324446628
test_13341,0.9896597576933749
test_13342,0.11365024258935065
test_13343,0.9992715404972472
test_13344,0.9999032664831392
test_13345,0.9999381635441682
test_13346,0.6136191192868163
test_13347,0.08415771201198649
test_13348,0.0003684719524410825
test_13349,0.0058403696983846875
test_13350,0.03942114706864397
test_13351,0.8458960523888999
test_13352,1.6619331800811947e-07
test_13353,0.06639093179573503
test_13354,0.9922140628492312
test_13355,0.4340543029294066
test_13356,0.9998957523294921
test_13357,0.0004974591882946474
test_13358,0.9999651661122153
test_13359,0.9941499691454606
test_13360,0.9999999972422325
test_13361,0.0785787115414474
test_13362,0.9995199645093101
test_13363,0.026891015424164277
test_13364,0.886906696842781
test_13365,0.9999999994936933
test_13366,0.9698675207509623
test_13367,0.9997918847728683
test_13368,0.9710494624835928
test_13369,0.05425310141609086
test_13370,0.809112235337164
test_13371,0.9813722046261447
test_13372,0.9999997927937605
test_13373,0.8203502376052315
test_13374,0.9359182857969516
test_13375,0.9620088787463575
test_13376,0.9999570976906296
test_13377,0.7650415832447933
test_13378,0.002319059312866792
test_13379,5.5841334489535675e-06
test_13380,0.6987190727651229
test_13381,0.011303993643269337
test_13382,0.9496301929114138
test_13383,0.9987861234279486
test_13384,0.9997841698178661
test_13385,0.6860825424239321
test_13386,2.899788277942615e-06
test_13387,0.008132300210859759
test_13388,0.006727859163423147
test_13389,0.005185697111540569
test_13390,8.526860867697506e-05
test_13391,0.9999997995806876
test_13392,0.003021940027754433
test_13393,0.8656467939900906
test_13394,0.9985661405437615
test_13395,0.9999979635850677
test_13396,0.9931881437417079
test_13397,0.7627127720426181
test_13398,0.4666023481121054
test_13399,0.9963353180272859
test_13400,0.9998167472520937
test_13401,0.000957586254791137
test_13402,0.7854756369839089
test_13403,0.9596641026831679
test_13404,0.9985850020443893
test_13405,0.9938413925975836
test_13406,0.9991409107676391
test_13407,9.461464305502004e-08
test_13408,0.033950047875925274
test_13409,0.8574525304299393
test_13410,0.4809718829593866
test_13411,0.9996727111318062
test_13412,0.9786037131570365
test_13413,0.02025272309791606
test_13414,0.2949350791422387
test_13415,0.9807914777284622
test_13416,0.996241880612037
test_13417,0.17236448544167643
test_13418,0.0005197247939842836
test_13419,0.5436813422564953
test_13420,0.9998936580498273
test_13421,1.3979437526078662e-05
test_13422,2.496406104610011e-06
test_13423,0.4771918814980338
test_13424,0.9110903258121328
test_13425,0.007236751872275247
test_13426,0.08282361846476616
test_13427,0.9998236298848654
test_13428,0.999999680422643
test_13429,0.905876488071311
test_13430,0.044675984959013856
test_13431,0.9999657012993458
test_13432,0.0001051350890371562
test_13433,2.692807903980576e-05
test_13434,0.9972143174966063
test_13435,0.11212329015886983
test_13436,3.7563110841357874e-07
test_13437,0.0005475073484506504
test_13438,0.9997496634342606
test_13439,0.999993502761071
test_13440,0.9784934629295835
test_13441,0.8864327446977263
test_13442,0.9937395884939079
test_13443,0.5278035013391541
test_13444,0.9999995834229065
test_13445,0.9999969179225473
test_13446,0.03498831883226108
test_13447,0.08172507416756188
test_13448,0.0030073399905910375
test_13449,0.14459370969512592
test_13450,0.5256630519621892
test_13451,0.9442398711459604
test_13452,0.7447952263498535
test_13453,0.9438456644214717
test_13454,0.00035115070828577557
test_13455,0.010897220440165374
test_13456,0.9998985970973681
test_13457,0.571151128475342
test_13458,0.9273036415374246
test_13459,0.9990478243334544
test_13460,0.345722959272265
test_13461,0.026719000372243232
test_13462,0.9964120795331409
test_13463,0.09004405227693425
test_13464,8.592825169190699e-05
test_13465,0.23302336173161406
test_13466,0.9998266166551699
test_13467,3.000829787599716e-07
test_13468,0.3647253769150035
test_13469,0.9998505054706677
test_13470,0.03607264876334698
test_13471,0.9999999943722888
test_13472,0.9935317534615066
test_13473,0.999930593627254
test_13474,0.675838515412714
test_13475,0.9999997645438121
test_13476,0.0014180301748508157
test_13477,0.9894702433232941
test_13478,0.9999682013136595
test_13479,0.999976125163908
test_13480,0.9998351545638066
test_13481,0.958728102164906
test_13482,0.007521907666633743
test_13483,0.8029413581327228
test_13484,0.03435487093820404
test_13485,0.9506641372200857
test_13486,0.40009261445212774
test_13487,0.16492282036699418
test_13488,0.01660894951488276
test_13489,0.9999994699665721
test_13490,0.0016285224179710652
test_13491,0.019249657010735128
test_13492,0.9964281236165416
test_13493,0.9999221307829154
test_13494,4.6100344901499895e-06
test_13495,0.0003080054360107208
test_13496,0.9452203584435386
test_13497,0.004956941392422409
test_13498,0.9662850292571351
test_13499,0.11144011513129637
test_13500,0.9999927519010381
test_13501,0.00011558956190554818
test_13502,0.041900437024368194
test_13503,0.011604688311430177
test_13504,1.0273383806343566e-05
test_13505,0.0037756535826917923
test_13506,0.0030061270298902777
test_13507,6.949120972398438e-05
test_13508,0.9975984317775848
test_13509,1.4194548188571735e-06
test_13510,0.016190078097309744
test_13511,0.6510469861753533
test_13512,0.9846448520765886
test_13513,4.674975580057656e-06
test_13514,0.005991617475564251
test_13515,0.09892355444477452
test_13516,1.8002106372911952e-05
test_13517,0.025843806753466723
test_13518,3.000829787599716e-07
test_13519,0.0064246133290715695
test_13520,0.03886534797736799
test_13521,0.9983862571808283
test_13522,0.00020596919452319456
test_13523,0.9999985983556723
test_13524,0.9997766953445115
test_13525,0.9967910209187502
test_13526,0.00047570110659286776
test_13527,0.9992991286389514
test_13528,0.9999952267901272
test_13529,0.9883770965641834
test_13530,0.9639683014248963
test_13531,0.36311098842008444
test_13532,0.05109448229179833
test_13533,0.9904811437792312
test_13534,0.00018276666696283642
test_13535,0.9998692745879858
test_13536,0.042311425305431215
test_13537,2.3404048506849978e-06
test_13538,5.142140336314031e-05
test_13539,0.0005453057706245811
test_13540,0.5039999441068665
test_13541,0.9578831095759811
test_13542,2.2492539600855644e-06
test_13543,0.00033729937888990946
test_13544,0.9999344338306807
test_13545,0.6442749525003099
test_13546,0.9984119454558562
test_13547,1.6425864261591215e-06
test_13548,0.5423537340398368
test_13549,0.5879831583776948
test_13550,0.06066281884585174
test_13551,0.9880682219639635
test_13552,1.854635514062347e-06
test_13553,0.9756942695469961
test_13554,0.999999980395517
test_13555,0.0008108241092264907
test_13556,0.012346918608267955
test_13557,0.9999814156848732
test_13558,2.4321133427226675e-05
test_13559,1.407324774748701e-07
test_13560,0.07001947511388647
test_13561,0.06510280943028961
test_13562,0.5594286365130547
test_13563,0.7394515810765072
test_13564,0.9267857655740711
test_13565,0.9779133542870905
test_13566,0.8531374521392443
test_13567,0.9999965368361814
test_13568,0.539537983048099
test_13569,0.9999969618676879
test_13570,0.9468474664420559
test_13571,0.41542382889608825
test_13572,0.9818486152113308
test_13573,0.9763753042385978
test_13574,0.1649422248159526
test_13575,0.9990295587526045
test_13576,0.005965371420066666
test_13577,0.24415494450548275
test_13578,0.9545093224174602
test_13579,0.0018182264360921113
test_13580,8.739088146060508e-06
test_13581,0.7756198434959577
test_13582,0.9191750508878064
test_13583,6.548355728999874e-05
test_13584,0.9998546090725311
test_13585,0.9964464641963795
test_13586,0.9996842249908852
test_13587,0.027835424874648736
test_13588,0.8528017115528267
test_13589,0.9920351505905501
test_13590,0.3238307345397636
test_13591,3.8044319049859574e-08
test_13592,0.7817059502541204
test_13593,0.9993959472004146
test_13594,0.13470626770943597
test_13595,1.7237817841888463e-07
test_13596,0.0004900349114701574
test_13597,0.42614726795274865
test_13598,0.3568783054356993
test_13599,0.7384905008038022
test_13600,0.0725307883365328
test_13601,0.9987640412773257
test_13602,0.9905805623362954
test_13603,0.9971397896356546
test_13604,0.996252175949287
test_13605,0.4161235341270215
test_13606,0.9809946354478944
test_13607,0.08512830199137468
test_13608,0.0005169878889130698
test_13609,0.999934475265878
test_13610,0.8814490238855301
test_13611,0.9896421109491901
test_13612,0.9989050247939887
test_13613,0.9139795945055409
test_13614,0.9999999957745983
test_13615,0.9055222473667228
test_13616,0.000603151252699862
test_13617,0.7687676377521779
test_13618,0.0005903446512480519
test_13619,0.9618103574556538
test_13620,6.360628828083258e-05
test_13621,0.8564076657263184
test_13622,0.992682197747134
test_13623,2.164175544154447e-07
test_13624,1.112949216261692e-05
test_13625,0.5692693927007301
test_13626,0.3240436319977499
test_13627,5.627711205790486e-09
test_13628,0.14577670587348532
test_13629,6.42065678303756e-06
test_13630,0.00017965650204463301
test_13631,0.03812738158343904
test_13632,0.9759082162208342
test_13633,0.3472971781860061
test_13634,0.9788871216472161
test_13635,0.9526818867051152
test_13636,0.9999976596408813
test_13637,0.8347828317247558
test_13638,0.8267490973474684
test_13639,0.7952624630121663
test_13640,0.5185785793816559
test_13641,0.9041742896343681
test_13642,0.004585381527694481
test_13643,1.6214491127949522e-07
test_13644,6.052560110919974e-05
test_13645,0.9999999935982822
test_13646,0.9999052115999053
test_13647,0.9809163125531029
test_13648,0.026675299252483447
test_13649,0.048390219003812955
test_13650,1.4374496558568333e-06
test_13651,0.17385659939362996
test_13652,6.856240422541872e-05
test_13653,0.21547852023451805
test_13654,0.00033720407166719585
test_13655,0.005913951511933148
test_13656,0.7800733179913563
test_13657,0.03870610537938185
test_13658,0.987416518162099
test_13659,0.9106654075886953
test_13660,0.29619179231801734
test_13661,0.15117930166460786
test_13662,0.8607886791175062
test_13663,0.19755178415465074
test_13664,0.9999999998436943
test_13665,0.0014312139137475383
test_13666,0.9037926840268932
test_13667,6.782204612048981e-06
test_13668,0.00020856085965981455
test_13669,0.5654571003068003
test_13670,0.006589339338884514
test_13671,1.2107230207629153e-05
test_13672,0.09411426284870782
test_13673,0.025877277462249344
test_13674,0.3794784103777571
test_13675,0.47571433144284103
test_13676,0.5238514299972509
test_13677,0.00033587349847580885
test_13678,0.043674297660308364
test_13679,0.007138501638911881
test_13680,0.002616699125857042
test_13681,0.9999998573928317
test_13682,0.7418449334087556
test_13683,0.9471993647371082
test_13684,0.1844388689607873
test_13685,0.618564689287687
test_13686,0.04946166652585441
test_13687,0.9999838511471558
test_13688,0.9174646729302834
test_13689,0.9999936808684654
test_13690,0.5989953468974472
test_13691,0.999931983836779
test_13692,0.08747649590804978
test_13693,0.06603165744247308
test_13694,0.046052245218528534
test_13695,0.9999913498368513
test_13696,0.9995169874406955
test_13697,0.06210874625927057
test_13698,0.9999999987747162
test_13699,0.9164884323925707
test_13700,0.9999955925508616
test_13701,3.974082284450403e-07
test_13702,0.9999980344795797
test_13703,0.03211378869347367
test_13704,0.0012166720746606705
test_13705,0.9991426152072884
test_13706,0.1332830275685113
test_13707,0.00040107406770257934
test_13708,0.0014316199112555908
test_13709,0.557949099627693
test_13710,0.00193865601895879
test_13711,0.0009160345603753518
test_13712,0.14613811666765888
test_13713,0.8892098828534635
test_13714,0.0026554243749845794
test_13715,0.3375265200393803
test_13716,0.03668769391116565
test_13717,0.9999952488028622
test_13718,0.7065673053933224
test_13719,0.5647018384951521
test_13720,0.4820807633175649
test_13721,0.9995994458391371
test_13722,0.9413251471658487
test_13723,0.07903273753225076
test_13724,0.0046469622995531324
test_13725,0.9953255669011907
test_13726,0.008421233872330474
test_13727,0.9931411173172096
test_13728,0.0006144100024456356
test_13729,0.9576010006417709
test_13730,0.07330934699073274
test_13731,1.0734548102561963e-06
test_13732,0.9999881715020258
test_13733,0.9594210166969457
test_13734,0.17374334341552353
test_13735,0.9971143101878732
test_13736,0.8493642588441388
test_13737,7.495162233522353e-07
test_13738,0.9029489748449541
test_13739,0.8713300990587929
test_13740,4.439172241167592e-06
test_13741,0.20852952419807533
test_13742,0.004498797846680458
test_13743,2.6458280480779918e-05
test_13744,0.12993708590886577
test_13745,0.11876399601844857
test_13746,0.8027020276346839
test_13747,0.06953490216050279
test_13748,5.407576960648854e-08
test_13749,0.9138351125534695
test_13750,2.5361000644610146e-06
test_13751,0.994424433536658
test_13752,0.039624223488248324
test_13753,0.30598126694786076
test_13754,0.9997193967392207
test_13755,0.010386517623898486
test_13756,0.9973672267477145
test_13757,0.010468409488472144
test_13758,0.03408466572622863
test_13759,0.813103832937582
test_13760,3.029433332488107e-06
test_13761,0.0032149615348998433
test_13762,5.899828536902923e-07
test_13763,0.999998117956139
test_13764,0.933259826797853
test_13765,0.9998579845928065
test_13766,0.028807467105482442
test_13767,0.0833719801891523
test_13768,0.9741405111991965
test_13769,0.6900053720655626
test_13770,6.979923558396678e-06
test_13771,0.08542866994288827
test_13772,0.020910787240570994
test_13773,0.8233055512653954
test_13774,9.374895955487094e-05
test_13775,1.3897863270820503e-06
test_13776,0.91919820592969
test_13777,0.8931540383224372
test_13778,0.311322334244622
test_13779,0.7424273075669079
test_13780,0.9999984957070975
test_13781,0.00013741792789001182
test_13782,0.9952151638861862
test_13783,0.001671747476056982
test_13784,0.011359143938128926
test_13785,0.9999999927718799
test_13786,0.007382804973099593
test_13787,0.9442699955020892
test_13788,0.17328750606240687
test_13789,0.4777210480057829
test_13790,0.452924790195458
test_13791,0.0003811378227394853
test_13792,0.9990746363263853
test_13793,0.45742745599888246
test_13794,0.043511812441455376
test_13795,0.016574466461427805
test_13796,0.9989245005577098
test_13797,0.9238053426236383
test_13798,0.03877697479201524
test_13799,0.006096806500750846
test_13800,0.9998423794494944
test_13801,0.5683624863561972
test_13802,0.12970944917460211
test_13803,8.102000736736987e-09
test_13804,0.9966881443083841
test_13805,0.1921675929165779
test_13806,0.5328794044377843
test_13807,0.08526970627978221
test_13808,0.9934336708294048
test_13809,0.017797406747431292
test_13810,0.9966512015067311
test_13811,0.010754207626409872
test_13812,0.9622449478774923
test_13813,0.9999641129781959
test_13814,0.001800012880376727
test_13815,0.07326970747798915
test_13816,0.9996429930681375
test_13817,0.8816538272113158
test_13818,0.6680276126684159
test_13819,0.902621093456049
test_13820,0.9959081763350196
test_13821,0.037181203655106874
test_13822,0.0006888050170192725
test_13823,0.9999279427869683
test_13824,0.10957059772339592
test_13825,0.0005905989649964141
test_13826,0.9998957004720784
test_13827,0.992595115553737
test_13828,0.931692122003618
test_13829,0.999995655467253
test_13830,0.008776149877241275
test_13831,2.489715041019713e-05
test_13832,0.9994475837545482
test_13833,0.9886940826022835
test_13834,0.08403684601661782
test_13835,0.6033614654858389
test_13836,0.9371549617333536
test_13837,0.02296889721983548
test_13838,0.16676166036067522
test_13839,0.8949712115710178
test_13840,0.906504238660512
test_13841,4.199187340622477e-06
test_13842,0.9999956346081148
test_13843,0.26051130268437717
test_13844,0.0035815614552243222
test_13845,0.9999152010206876
test_13846,0.9687904614989553
test_13847,3.652511956235377e-06
test_13848,0.9265299507904928
test_13849,0.08846375991231584
test_13850,0.6697040650129118
test_13851,0.3772380137319082
test_13852,0.2763576249801453
test_13853,0.9999999855967714
test_13854,0.8775821343890496
test_13855,0.0008825162898000003
test_13856,0.1875732490401225
test_13857,0.9998904769407274
test_13858,0.8490972158037808
test_13859,0.9999960739839859
test_13860,0.4947301420870132
test_13861,0.9999995437490737
test_13862,0.9999993057920662
test_13863,0.9397155649463135
test_13864,0.0004011783393575419
test_13865,0.9998999790535731
test_13866,1.000002000002e-12
test_13867,0.059979275288353374
test_13868,7.440695845100756e-05
test_13869,0.9983623125443662
test_13870,0.61510321101675
test_13871,0.0018979722520374668
test_13872,0.025626974316247133
test_13873,0.9568177409168621
test_13874,0.9987046392214287
test_13875,0.0007864998651194525
test_13876,0.9968772526899139
test_13877,0.0005741614348694043
test_13878,0.9997268748554524
test_13879,0.4744417052324495
test_13880,0.999680812077694
test_13881,0.999958740245207
test_13882,0.026954222842506734
test_13883,0.9987983799262429
test_13884,0.0006732966702068557
test_13885,0.00028390191560517727
test_13886,0.09170986610149688
test_13887,0.741068868828345
test_13888,0.058280112014467096
test_13889,0.8793111581046691
test_13890,0.0001150959040852811
test_13891,0.9996206852632415
test_13892,0.9999990080123978
test_13893,0.14307975614333274
test_13894,0.00020025300797595237
test_13895,2.0570199999169496e-05
test_13896,0.9984312296532037
test_13897,0.010199715495272854
test_13898,0.7781795953158542
test_13899,0.9999730195501928
test_13900,0.9996979583104022
test_13901,0.06064520470002465
test_13902,0.0003875543327273017
test_13903,0.997598968258466
test_13904,0.9979134016251884
test_13905,2.317412754573837e-06
test_13906,0.9998735072378356
test_13907,0.9866430869252094
test_13908,0.0004005535406580931
test_13909,0.060447945311400776
test_13910,0.9999484332581221
test_13911,0.3963482214788867
test_13912,0.8954971638572855
test_13913,0.0010937419059281336
test_13914,0.006622285228347398
test_13915,0.057734671817558765
test_13916,0.90730134605115
test_13917,0.012633978079290523
test_13918,3.028349820250347e-07
test_13919,0.9999997240878489
test_13920,0.13176670176332173
test_13921,0.9922970039122939
test_13922,0.9544694555855341
test_13923,0.9999995736786912
test_13924,0.994009277198873
test_13925,0.9995069559260462
test_13926,0.6744327087997479
test_13927,0.00017979392219955262
test_13928,0.9218675058215199
test_13929,0.7852476103838177
test_13930,0.9480655777618255
test_13931,0.9943570550271947
test_13932,0.9963936454300528
test_13933,0.23087892676924762
test_13934,0.019868549455780628
test_13935,6.860430239986926e-05
test_13936,0.9998626421295153
test_13937,0.9999684006866124
test_13938,0.8948821748752007
test_13939,0.9978428030625922
test_13940,0.9895603567524971
test_13941,0.095811690664537
test_13942,1.9687555879663778e-05
test_13943,0.9826859627905209
test_13944,0.964247782463543
test_13945,7.115375830780911e-05
test_13946,0.10455955275759328
test_13947,0.9589584902953374
test_13948,5.155538861700935e-07
test_13949,0.0005618055387903756
test_13950,0.03746352676451545
test_13951,0.0003992020599259033
test_13952,0.8822219164142342
test_13953,0.998082574955608
test_13954,0.9232232678459448
test_13955,0.9999314799824836
test_13956,0.16910033348211112
test_13957,0.12324976188220688
test_13958,0.9999998893672029
test_13959,0.02719716305840454
test_13960,0.9996776590083563
test_13961,0.9999975509805055
test_13962,0.9992669838743323
test_13963,0.9993858503993079
test_13964,0.8176104799443071
test_13965,0.9275184358747542
test_13966,0.06965008570059864
test_13967,0.8630739238881404
test_13968,0.420807955935196
test_13969,0.0327857319631023
test_13970,6.574354206214119e-06
test_13971,0.5210207121460307
test_13972,1.9866998704463183e-05
test_13973,0.9999973833278977
test_13974,0.9278231906853331
test_13975,0.9999909155537888
test_13976,0.035256568021124306
test_13977,0.9968766334601511
test_13978,0.8969724452408067
test_13979,0.0009674667412794808
test_13980,0.1741432109292959
test_13981,0.05086802891165045
test_13982,0.01363811020934251
test_13983,0.9999590326814698
test_13984,0.7845739057428234
test_13985,0.9999961433333546
test_13986,0.028808578082920335
test_13987,0.005821507961253986
test_13988,0.9646284601796749
test_13989,0.999959935006352
test_13990,0.9945214820594424
test_13991,0.00011846278288987396
test_13992,0.990537287011684
test_13993,0.3863087880378041
test_13994,0.09297613982336612
test_13995,0.9625796944333534
test_13996,0.999586858176734
test_13997,0.0035306046383090707
test_13998,0.012690078808371088
test_13999,0.9998068115143549
test_14000,1.15612895986582e-08
test_14001,0.001982713393033779
test_14002,0.10349745618485943
test_14003,0.5540907797233381
test_14004,0.9487420250037097
test_14005,0.08697550992135346
test_14006,0.9965766352006684
test_14007,0.9999922425097715
test_14008,0.999917621376746
test_14009,0.911936388609234
test_14010,7.846034210961672e-07
test_14011,0.8904446468143493
test_14012,0.968058816846417
test_14013,0.9945134328936543
test_14014,0.07215325189993581
test_14015,0.9990087704050412
test_14016,0.9985532905292055
test_14017,0.003156958919760727
test_14018,0.00030582958427487287
test_14019,0.18500060343072092
test_14020,0.5365410579833415
test_14021,0.0015348028614473395
test_14022,0.9999960340431722
test_14023,0.024588718750973862
test_14024,0.10397607456625721
test_14025,0.9580630608161768
test_14026,0.0019463217549945627
test_14027,3.117453262834962e-05
test_14028,0.9990929260339567
test_14029,5.5236363362438125e-05
test_14030,0.9999982330594223
test_14031,0.7864238722733323
test_14032,9.330224480288993e-07
test_14033,7.771519273937367e-06
test_14034,8.423733374369059e-05
test_14035,0.00608466524092459
test_14036,0.008680717144074828
test_14037,1.9665149934772008e-05
test_14038,0.0006175354438810441
test_14039,0.8906981704503364
test_14040,0.029039056991421074
test_14041,4.267046001282017e-05
test_14042,0.9999720397461649
test_14043,0.9989108339662176
test_14044,0.3879002132218444
test_14045,0.23750379715888
test_14046,0.12400575680753494
test_14047,0.8978767825308765
test_14048,4.8392254217412165e-06
test_14049,0.07681141553532941
test_14050,0.08815465247077038
test_14051,0.0011141040186715486
test_14052,0.9914435905821782
test_14053,0.3270072439972563
test_14054,0.8210383093036424
test_14055,2.9427214099704955e-06
test_14056,0.0005197255041875226
test_14057,0.9829291749813274
test_14058,0.9991210967052556
test_14059,0.9576292527257224
test_14060,0.9998361404046174
test_14061,0.9839785254926277
test_14062,0.07541339781093212
test_14063,1.8062430174887777e-09
test_14064,0.9089532623440268
test_14065,0.787180086717133
test_14066,0.011361712416632499
test_14067,0.26221178490588143
test_14068,0.9974739284474489
test_14069,3.030581588617191e-05
test_14070,0.20404546791596537
test_14071,8.242489579497694e-05
test_14072,0.9998250585784508
test_14073,0.0027586623376474944
test_14074,0.9999751781857639
test_14075,0.28387516570753407
test_14076,1.1153806436215684e-06
test_14077,0.9995837867405126
test_14078,0.9499173336657579
test_14079,0.9949533001214584
test_14080,0.9991494169630307
test_14081,0.6475263875048818
test_14082,0.20427847746523928
test_14083,0.007806103832778825
test_14084,0.9983834374275495
test_14085,0.893174040521883
test_14086,0.4490529112453728
test_14087,0.9999997669693707
test_14088,0.9484937774372193
test_14089,0.623401364539396
test_14090,0.00041568325099492273
test_14091,2.8740435735772153e-05
test_14092,0.15322252148944404
test_14093,0.0018402574265786631
test_14094,0.982002154795587
test_14095,0.9852377471076361
test_14096,0.9721733180315797
test_14097,0.969691726143027
test_14098,0.9416596621025565
test_14099,0.02671473571861212
test_14100,0.23275034953046334
test_14101,0.8330300600157374
test_14102,0.5832645779117877
test_14103,0.35208598920131073
test_14104,0.9981965361262307
test_14105,0.0020273056295240857
test_14106,0.9479645879514755
test_14107,0.9995338066771856
test_14108,0.0003846955560925004
test_14109,0.1386934606684939
test_14110,4.045026658566751e-05
test_14111,0.9951706797990185
test_14112,0.6598199239198763
test_14113,0.00928970977690457
test_14114,1.6392670395613532e-05
test_14115,2.5010799024783776e-09
test_14116,0.9999987145283069
test_14117,0.6534693322394166
test_14118,2.1495797452410987e-05
test_14119,0.9999996057457564
test_14120,0.00153733758750891
test_14121,1.3229690001178273e-08
test_14122,0.9992034008703959
test_14123,0.9901485411098012
test_14124,6.548572756013476e-06
test_14125,0.994951684539608
test_14126,0.996758827460206
test_14127,0.8254998210469622
test_14128,1.0500550113649333e-05
test_14129,0.883616540706423
test_14130,6.571835898107595e-07
test_14131,0.09223884651865434
test_14132,0.8801647961746901
test_14133,0.00036956918028915224
test_14134,3.5666341215993905e-06
test_14135,0.2982344241935023
test_14136,0.33414686691502743
test_14137,0.00011985688531097556
test_14138,0.3143515731930907
test_14139,0.0932403332816316
test_14140,0.889222657110988
test_14141,0.8547644447429098
test_14142,0.003149477732654727
test_14143,1.0500452915416237e-05
test_14144,1.8062430174887777e-09
test_14145,0.0002516437947635941
test_14146,0.9966344225220847
test_14147,0.9996816440959432
test_14148,1.4737439221947933e-06
test_14149,0.9983749610267586
test_14150,0.003498505380966105
test_14151,0.7988943387717587
test_14152,0.3707590162032792
test_14153,0.003358472899837009
test_14154,0.39466058346715877
test_14155,0.5420752390133612
test_14156,0.001796106875244449
test_14157,0.003244338928794722
test_14158,0.9995304219807469
test_14159,0.001987802915866721
test_14160,0.08749861033478375
test_14161,0.0002208503002142471
test_14162,0.9203218348082985
test_14163,0.9197151191884687
test_14164,0.060562368213525015
test_14165,0.9126870281717783
test_14166,0.03688202526617444
test_14167,0.941604571793649
test_14168,4.0692663660917284e-07
test_14169,2.852414065699567e-05
test_14170,0.9999999589743912
test_14171,0.9879156748708844
test_14172,0.0035163575999921886
test_14173,6.942079338001436e-07
test_14174,0.5320071723690498
test_14175,0.9882681198327136
test_14176,0.016734386091185296
test_14177,0.015534237669294657
test_14178,0.00012002464389522829
test_14179,0.9998449425132127
test_14180,0.0007529846656811266
test_14181,0.05881832394447751
test_14182,0.10145119989876028
test_14183,0.9496427745384396
test_14184,0.018894305077946507
test_14185,0.942035871942484
test_14186,0.0008072169755654251
test_14187,0.0034744535829189724
test_14188,0.00477188478611698
test_14189,2.3286698706924024e-05
test_14190,0.9775627405536601
test_14191,0.999929402644208
test_14192,0.9999998255475295
test_14193,0.006306622621475469
test_14194,0.00994514687140602
test_14195,0.9967258200405041
test_14196,0.9999918166941074
test_14197,0.9841039020274407
test_14198,0.6233393206691352
test_14199,8.758672577743275e-07
test_14200,0.0013756867092927997
test_14201,0.000186183982627039
test_14202,0.0024796308904812
test_14203,0.5826672097296843
test_14204,0.20796296809833342
test_14205,0.9996135696760947
test_14206,0.985189798455124
test_14207,0.3448880852097291
test_14208,0.9495200888779274
test_14209,0.00021251714571576664
test_14210,0.9974731020025189
test_14211,1.0786592809461206e-06
test_14212,0.9031020819456015
test_14213,0.08229663629618522
test_14214,0.8958345913571579
test_14215,0.9996940798020009
test_14216,0.03036586317090416
test_14217,5.6437616605008445e-08
test_14218,0.0859919495089149
test_14219,0.9999325694033293
test_14220,5.7522518850483976e-05
test_14221,0.9137978717425997
test_14222,0.0019083965571367167
test_14223,0.009067158649382965
test_14224,1.147337208642156e-06
test_14225,0.9999836276370253
test_14226,0.06640771554544296
test_14227,0.9999992677003429
test_14228,8.136534063499442e-05
test_14229,0.9996293324965434
test_14230,0.9998854514121832
test_14231,0.1712097471038273
test_14232,0.0033323893237765237
test_14233,0.9997450722911849
test_14234,0.2464243697329086
test_14235,0.000727890974153181
test_14236,0.0001682872246480213
test_14237,0.9999998666748283
test_14238,0.00818963019296934
test_14239,0.4972600248525708
test_14240,3.4166170948406404e-06
test_14241,0.14480050405416822
test_14242,8.479897931238587e-05
test_14243,0.9999946856367569
test_14244,0.9998207562543311
test_14245,0.9161592800277032
test_14246,0.9999993428164102
test_14247,0.5840183815952437
test_14248,0.9997817433301521
test_14249,1.1062236859856298e-05
test_14250,0.9999998477866331
test_14251,0.9969634193720881
test_14252,0.9217870567277765
test_14253,0.9999909306386892
test_14254,0.9979929864967075
test_14255,6.410465389211125e-07
test_14256,0.0003754818151373326
test_14257,0.9945392591157195
test_14258,8.611715619247893e-05
test_14259,0.2617324664499409
test_14260,1.126411484807869e-05
test_14261,6.2184940663425724e-06
test_14262,0.9979734306920032
test_14263,0.4531780915042777
test_14264,0.9533144760721618
test_14265,0.0031168596767002818
test_14266,0.00023650331549644862
test_14267,0.9997043951968106
test_14268,0.0198533814175442
test_14269,0.09101047817279531
test_14270,0.05501007661984011
test_14271,3.3885009788070695e-05
test_14272,0.9997996017001235
test_14273,0.007728700526913577
test_14274,0.9979726943704759
test_14275,0.020313262296622198
test_14276,0.06352317438341591
test_14277,0.0006385810791360117
test_14278,0.8967792653291724
test_14279,0.9976746094674037
test_14280,0.9692280055128454
test_14281,0.9952410422945418
test_14282,0.022149458883653876
test_14283,9.616193228763811e-08
test_14284,0.9994916481186227
test_14285,0.8659477684079142
test_14286,0.9998890835807429
test_14287,0.8065373038591598
test_14288,0.8169082109233472
test_14289,0.9997789969108768
test_14290,0.11666528975060159
test_14291,0.9986173367468762
test_14292,0.0004238931019578853
test_14293,0.9235553456720402
test_14294,0.023824205042211177
test_14295,0.9999941395305504
test_14296,0.9999467067460704
test_14297,0.8434632453717055
test_14298,0.999999519776795
test_14299,0.10552653132071699
test_14300,0.4094547757255613
test_14301,0.0004923485344324462
test_14302,2.2567468330786613e-06
test_14303,0.9978678202068997
test_14304,0.3648954510197697
test_14305,0.005875554293215721
test_14306,0.9999653747287198
test_14307,0.9999806245593397
test_14308,0.9999197780140895
test_14309,2.3267428655141967e-08
test_14310,2.247238711659266e-10
test_14311,0.9999557938784666
test_14312,0.5283820810162184
test_14313,0.9908656101927585
test_14314,0.784105428978107
test_14315,3.611551007370142e-08
test_14316,0.051099246261545696
test_14317,0.738965079661915
test_14318,0.10533321271264384
test_14319,0.999999156658112
test_14320,0.0015114708776114197
test_14321,0.9997356769092531
test_14322,0.8397901705673794
test_14323,0.0057686156857540746
test_14324,0.9293699327553862
test_14325,0.032927205381101464
test_14326,7.41441275455602e-05
test_14327,0.0001404339431603044
test_14328,0.9999999022782212
test_14329,0.0011025697805117905
test_14330,0.07279303120592176
test_14331,0.4469402380037186
test_14332,0.999997876779237
test_14333,0.008845471656547102
test_14334,0.9919569365547991
test_14335,0.999662033648166
test_14336,0.9999903926536934
test_14337,4.38636386448461e-06
test_14338,0.018298891658991626
test_14339,0.998436986106198
test_14340,0.8386559706199427
test_14341,0.9993679044229634
test_14342,0.02104168577671475
test_14343,0.921180989156209
test_14344,0.06441791867720896
test_14345,0.017285269746125626
test_14346,0.45808392256422903
test_14347,0.9999999951006086
test_14348,0.003091511347043707
test_14349,0.9997049291216414
test_14350,4.674975580057656e-06
test_14351,0.0004831274111506828
test_14352,1.8736889575797788e-05
test_14353,0.9901875268294316
test_14354,0.018365240456297702
test_14355,0.5273444925615582
test_14356,0.7225358599432472
test_14357,2.732857416370984e-07
test_14358,0.955141311515969
test_14359,0.9997815914665199
test_14360,0.9917634902144283
test_14361,0.00015949243377853207
test_14362,0.9999294881649986
test_14363,0.12608870215685974
test_14364,0.9983138589835623
test_14365,0.189759539075942
test_14366,0.9575472526652987
test_14367,0.9994478300726232
test_14368,0.9558794928945555
test_14369,0.9974978936052991
test_14370,0.9999270335373586
test_14371,0.9875544387309062
test_14372,0.06584968581984699
test_14373,0.018429178509241296
test_14374,0.45388847388078285
test_14375,0.053625065156625074
test_14376,0.06561246834160302
test_14377,6.450071619152443e-05
test_14378,0.9501581987791767
test_14379,0.00016842051224658268
test_14380,0.6270121062280074
test_14381,2.7613858083186718e-05
test_14382,0.04267660834604291
test_14383,0.9285747525610215
test_14384,1.1012203796144586e-05
test_14385,0.9342930881279528
test_14386,0.0032490916967040217
test_14387,0.8711958834350164
test_14388,0.0015474951044381598
test_14389,9.795270629189223e-06
test_14390,0.9892793492426927
test_14391,0.19024264017831974
test_14392,0.9999280292023468
test_14393,0.610000772246094
test_14394,0.9999968203419066
test_14395,0.6865655905336266
test_14396,0.9999380037197768
test_14397,0.9997948421156451
test_14398,0.9978791401320292
test_14399,0.9987909588705025
test_14400,0.9923344449593453
test_14401,0.403311225946347
test_14402,0.06901802338243203
test_14403,0.9988332970827328
test_14404,0.345472450236368
test_14405,0.9999985805451811
test_14406,0.9589654185969256
test_14407,0.5448394636623036
test_14408,0.4651324998786714
test_14409,0.9997211252620514
test_14410,0.03398090584599827
test_14411,5.595949871640092e-07
test_14412,0.9902164136153401
test_14413,0.8914213200340673
test_14414,1.570623909289763e-05
test_14415,0.5215699655873028
test_14416,0.9979379713606324
test_14417,0.00018193474943179128
test_14418,0.030820815377028053
test_14419,2.4815727265371807e-08
test_14420,5.33690142123197e-07
test_14421,0.9961905264944216
test_14422,0.02804028923856211
test_14423,0.641840408296242
test_14424,1.6927713138500017e-05
test_14425,0.11975486494684164
test_14426,0.013482884911342332
test_14427,0.9921441247269823
test_14428,0.08650043765445456
test_14429,0.9998142355710115
test_14430,0.003244973165469356
test_14431,0.972075951287781
test_14432,2.9120857625822636e-05
test_14433,0.9999909308192703
test_14434,0.9999353360011757
test_14435,0.0851239478000227
test_14436,0.495855074809292
test_14437,0.9793979439295605
test_14438,0.9999987595407012
test_14439,0.04604183839478155
test_14440,0.06706242990243433
test_14441,0.9999319840866095
test_14442,0.6137824896400641
test_14443,0.9930963208636199
test_14444,0.5633635368746638
test_14445,0.02803918978046761
test_14446,0.30321912821628505
test_14447,0.9999998943100133
test_14448,0.10487553306993713
test_14449,0.49063582888652746
test_14450,0.9421814881482458
test_14451,0.9888051984009827
test_14452,0.16277144561968077
test_14453,0.9997485205320092
test_14454,0.0017259017652033399
test_14455,0.957493479673107
test_14456,0.9938395831641398
test_14457,0.3548258168220576
test_14458,0.888200617572882
test_14459,8.097278664275524e-06
test_14460,0.0205064332479049
test_14461,0.0009980984672107328
test_14462,0.9999711239201039
test_14463,0.3845223892236192
test_14464,0.9999971512126868
test_14465,0.9998889761995609
test_14466,0.009707775774572668
test_14467,0.8793595909399212
test_14468,0.5030549479518516
test_14469,0.1931234624425738
test_14470,0.8587943221224608
test_14471,0.022592111748048743
test_14472,6.63363171133768e-08
test_14473,0.22136043722498358
test_14474,0.835161199114747
test_14475,0.9808273215198038
test_14476,0.9983428026856977
test_14477,0.9969759264665519
test_14478,0.9997783075459761
test_14479,0.29839652601978117
test_14480,0.59800512026681
test_14481,0.45954640721845086
test_14482,0.031391480391176334
test_14483,0.17345044128260093
test_14484,0.9999999411717275
test_14485,0.04827836163271885
test_14486,8.459032301989991e-06
test_14487,0.9997436700690754
test_14488,0.3178645852986861
test_14489,1.000002000002e-12
test_14490,0.11845785435195717
test_14491,0.9944449441992805
test_14492,0.4497227419191299
test_14493,6.081461484371782e-06
test_14494,0.03363027356677162
test_14495,2.8120269084512196e-07
test_14496,3.3981199921607124e-06
test_14497,0.9202842572756198
test_14498,0.994622190994938
test_14499,0.001256921586965335
test_14500,0.05049564568900607
test_14501,0.0005932776640493381
test_14502,0.8564643264114737
test_14503,0.5146618245938569
test_14504,0.3789382727002082
test_14505,0.0030650523591458645
test_14506,4.557170330270973e-09
test_14507,0.9999215008598712
test_14508,0.05154926427493139
test_14509,0.0015169199386913105
test_14510,0.8930390448092057
test_14511,0.9999962411786131
test_14512,0.9999983251277743
test_14513,0.198307086347582
test_14514,5.426050810802748e-05
test_14515,0.04074290135899232
test_14516,0.9999299568269274
test_14517,4.883685195411721e-05
test_14518,0.9997984348056579
test_14519,0.9841101548931853
test_14520,0.18123149463280405
test_14521,0.9998961165128153
test_14522,0.06559768465908067
test_14523,0.9475014479953241
test_14524,0.47750140790823375
test_14525,0.9999291888667313
test_14526,0.0019631479143614812
test_14527,0.8999711869626141
test_14528,0.980794975803911
test_14529,0.0011969946634900529
test_14530,0.9304842874428408
test_14531,0.5067947051843178
test_14532,0.000550695419382258
test_14533,0.0005642906911214972
test_14534,0.9982158115276275
test_14535,2.2753730061630996e-05
test_14536,0.9999999985942954
test_14537,5.055245019211694e-05
test_14538,0.027378604404695178
test_14539,2.7693675081730823e-05
test_14540,0.8363062164464505
test_14541,8.113617503527979e-05
test_14542,0.999617744963087
test_14543,2.220345167898907e-05
test_14544,0.07624542506428325
test_14545,0.923632630272492
test_14546,0.8603723491722086
test_14547,0.8022872543015765
test_14548,0.8929515051738791
test_14549,0.11420364308848126
test_14550,0.9999261184910685
test_14551,0.9992336425078042
test_14552,0.2687687968730192
test_14553,0.999575035069444
test_14554,0.02328658014200704
test_14555,0.08826798527356466
test_14556,0.9018304528215768
test_14557,0.9377981591367538
test_14558,0.05536764817524704
test_14559,1.1742070774680623e-05
test_14560,0.009933260472012841
test_14561,0.999993489851112
test_14562,0.9999995930733634
test_14563,0.9508439450281729
test_14564,0.004152904180748202
test_14565,0.9668374282403128
test_14566,0.11430514283790026
test_14567,0.9920440493553999
test_14568,0.999934639649496
test_14569,0.028201970664815227
test_14570,0.9999282447534762
test_14571,0.0446584635947036
test_14572,0.09486534202061234
test_14573,0.9999821474149999
test_14574,0.9978150741286507
test_14575,0.000666358169260042
test_14576,0.5017199763436929
test_14577,0.9999999284024342
test_14578,1.1845945636909456e-05
test_14579,5.395702522897246e-06
test_14580,0.454082230969526
test_14581,0.9999274239623424
test_14582,0.9997676777058572
test_14583,0.9999779153175024
test_14584,0.9006945214365473
test_14585,0.9956164618984726
test_14586,0.14631901876086817
test_14587,0.501534994800115
test_14588,0.8274464794460415
test_14589,0.19822467146174166
test_14590,0.9999906867604763
test_14591,0.9999993223564074
test_14592,0.9990842866714515
test_14593,0.6127875369118911
test_14594,0.9998419284797501
test_14595,0.9973286592497593
test_14596,0.0012550249603280306
test_14597,0.04592890159926611
test_14598,1.3791703478388254e-05
test_14599,0.998821229684543
test_14600,0.9999046650687969
test_14601,0.9999999270557373
test_14602,0.9040947744427248
test_14603,0.45545872785932284
test_14604,0.9145604333273057
test_14605,0.09375625235528802
test_14606,0.4830249018730159
test_14607,0.008454774226736296
test_14608,0.9984698341333538
test_14609,0.25342860140905077
test_14610,0.014825952813989256
test_14611,0.10998721956767336
test_14612,0.026275514175073702
test_14613,0.999937241753142
test_14614,0.9998715450974316
test_14615,0.8014383757923178
test_14616,0.0716869593298616
test_14617,0.928633262997961
test_14618,0.9984231015329251
test_14619,0.9166709359146648
test_14620,0.9806749439413374
test_14621,0.9999841936026062
test_14622,0.9988440292116618
test_14623,0.9999998276342051
test_14624,0.9819111432290615
test_14625,0.995852175133327
test_14626,0.9999998910372094
test_14627,0.9426254878102936
test_14628,0.01235028585557993
test_14629,0.9963872641927142
test_14630,2.2517086706729835e-10
test_14631,0.9037575298591999
test_14632,0.00014134538806288662
test_14633,0.9849032295275654
test_14634,0.09430633343429373
test_14635,0.8116821090859593
test_14636,0.006193040635370193
test_14637,0.578716130345101
test_14638,0.9147498805989869
test_14639,1.4079403887238986e-09
test_14640,0.05544933575720165
test_14641,0.00018935180907871213
test_14642,0.0005644145059889721
test_14643,0.9988199463851193
test_14644,0.004100105125671426
test_14645,0.4802376979665684
test_14646,0.6022625954570681
test_14647,0.0015794676329707728
test_14648,0.0033781919927444418
test_14649,0.9115496016579803
test_14650,0.997104201919431
test_14651,0.6494863382476821
test_14652,0.08775533890966111
test_14653,0.9702718967118912
test_14654,4.046266731061715e-06
test_14655,0.013719694236689556
test_14656,6.433414111267833e-06
test_14657,0.9995153809597771
test_14658,0.023273828761406233
test_14659,0.23505243129033462
test_14660,0.13297780515852772
test_14661,0.0020744173656304845
test_14662,0.9998928145144558
test_14663,0.7229133979284486
test_14664,0.982646459377261
test_14665,0.0014730106155536632
test_14666,0.9997160980843949
test_14667,0.1965911055733011
test_14668,0.9908253557387731
test_14669,0.17495789385363125
test_14670,0.9996217968056288
test_14671,0.18464206096700395
test_14672,0.9972000248221158
test_14673,0.5331933534870431
test_14674,0.9628852617581085
test_14675,0.9558968883903525
test_14676,0.999995943675368
test_14677,0.10279795921806775
test_14678,0.9998997238312551
test_14679,0.9776020696016422
test_14680,0.06147557322586455
test_14681,0.13237711473515829
test_14682,0.9999993057920662
test_14683,7.248930646267146e-05
test_14684,0.9999483235744563
test_14685,0.6909662523789919
test_14686,0.003316018730334179
test_14687,0.18689269356888055
test_14688,0.7729139640580585
test_14689,0.05004507895645598
test_14690,0.5226882908970705
test_14691,0.9471329852269798
test_14692,4.9614811309153705e-06
test_14693,0.8730562125661944
test_14694,0.5002100169566028
test_14695,0.8236449282170337
test_14696,0.9952226218276011
test_14697,0.0011530699730370787
test_14698,0.7275394347058352
test_14699,0.9999997547306457
test_14700,0.9378375628239262
test_14701,0.1014172891827782
test_14702,0.999999680422643
test_14703,0.7685694072461389
test_14704,0.9999669922796072
test_14705,0.4363351917294955
test_14706,0.4906957754856187
test_14707,0.0012645222107494486
test_14708,0.0004379418291718189
test_14709,0.9979927409008404
test_14710,0.9999050630545863
test_14711,0.001694811076703554
test_14712,0.038789018776326165
test_14713,0.9870868698831664
test_14714,0.9838154468944368
test_14715,0.4407544197621762
test_14716,0.9523271784493148
test_14717,0.6343294649262188
test_14718,1.077950310359618e-05
test_14719,0.4876119140101836
test_14720,0.999734669492079
test_14721,0.9999961727726259
test_14722,0.9921643677790644
test_14723,0.9999951386242024
test_14724,0.995721953313886
test_14725,0.9128481288936194
test_14726,0.9952656675988729
test_14727,0.6281436804666587
test_14728,0.00015595216855523121
test_14729,0.13862622641772546
test_14730,0.9999993264784388
test_14731,0.9998437276361158
test_14732,0.9041204986268684
test_14733,0.9999832790881186
test_14734,0.003809129140561416
test_14735,0.9329131758650215
test_14736,0.1259865388155653
test_14737,0.9972479999534309
test_14738,2.6413910900419504e-08
test_14739,0.6009060957495407
test_14740,0.9999507014759286
test_14741,8.271409572258351e-08
test_14742,0.02071717102837353
test_14743,0.9999997835685682
test_14744,0.999986245734458
test_14745,0.9299072765958761
test_14746,0.7588865024272282
test_14747,0.9047064745224737
test_14748,0.03908414046615005
test_14749,0.5430499289835038
test_14750,0.05129771418090729
test_14751,0.00011526022792428958
test_14752,0.0001116704873102688
test_14753,0.00284339334670423
test_14754,0.9903933639317364
test_14755,0.121017277973445
test_14756,0.9940061574586972
test_14757,0.941420101583523
test_14758,0.9999878927697924
test_14759,0.011208819090672518
test_14760,0.5052448558378556
test_14761,0.5626768384053734
test_14762,1.6297831967352454e-06
test_14763,0.5020999815838886
test_14764,0.9999998738817488
test_14765,4.73321650495403e-08
test_14766,0.9999989829017865
test_14767,0.9999814155552901
test_14768,0.9982497318422634
test_14769,0.9801055606386799
test_14770,0.8763275298645953
test_14771,0.8800442030738859
test_14772,0.06448565048437424
test_14773,1.3586761075685663e-05
test_14774,0.9923901502758871
test_14775,0.026755269735210904
test_14776,0.4969150419580377
test_14777,0.9220653185050914
test_14778,0.8931490485878447
test_14779,0.1812656012414299
test_14780,0.9999988579990187
test_14781,0.08665860840579995
test_14782,0.8592016123018853
test_14783,2.3457334190260635e-05
test_14784,0.12224427201119847
test_14785,0.8623679927863025
test_14786,0.00036370517295029127
test_14787,0.10847524362151435
test_14788,0.8537623908279552
test_14789,0.0007785275238930795
test_14790,0.16681373090419063
test_14791,0.999965464093647
test_14792,0.5640648592142191
test_14793,0.9999904550116925
test_14794,5.2106569565214064e-06
test_14795,0.6575982553296075
test_14796,0.6390284971011022
test_14797,0.9465365334591865
test_14798,0.9999970572272905
test_14799,0.08505006409939153
test_14800,6.834577360842427e-06
test_14801,0.027143306151230038
test_14802,5.670996630821e-07
test_14803,0.4142157695559319
test_14804,1.1656065069812358e-05
test_14805,2.6276777448010487e-05
test_14806,8.805680722882065e-07
test_14807,0.8156368778891687
test_14808,0.5217746570821333
test_14809,0.9999282878755945
test_14810,0.2265781368183915
test_14811,0.9403144593933784
test_14812,0.999823834986841
test_14813,0.9011050493301155
test_14814,0.999915154061248
test_14815,0.9954612698489768
test_14816,1.3199718796878591e-05
test_14817,0.6247839968854978
test_14818,0.8908931629977822
test_14819,0.9999365151110002
test_14820,0.05362833740754039
test_14821,0.006416737338000466
test_14822,0.933513932988926
test_14823,0.15671248740360333
test_14824,0.823745633195847
test_14825,0.1459422843856867
test_14826,0.6729927560027437
test_14827,0.9999159964722846
test_14828,0.06008089221813671
test_14829,0.9482911263243833
test_14830,0.13082460324565381
test_14831,0.9937130770371276
test_14832,0.15730014343021717
test_14833,0.01674164531283891
test_14834,0.9927483675510184
test_14835,9.056939535584498e-05
test_14836,0.989991705781597
test_14837,0.0011492682579838976
test_14838,0.001177853659221666
test_14839,0.11702669879466447
test_14840,0.0002454642441492447
test_14841,0.9089713999468032
test_14842,0.9998990075058402
test_14843,0.015709120060286307
test_14844,0.3929651518679766
test_14845,0.9998303786598358
test_14846,0.9999995022684184
test_14847,0.9999913350183683
test_14848,0.9963559447824855
test_14849,0.9999999782397824
test_14850,0.02766412173445169
test_14851,0.7760672250941144
test_14852,0.00045378320383556494
test_14853,6.044674907842326e-05
test_14854,0.035806984884932884
test_14855,0.9972877737381853
test_14856,0.003658927835421326
test_14857,0.9965265341809993
test_14858,0.9636553568461028
test_14859,0.9988276383204511
test_14860,0.9999991427823143
test_14861,0.9676747354502812
test_14862,0.9999493753162889
test_14863,3.847890268795961e-05
test_14864,0.04821101564297592
test_14865,0.9989615270851808
test_14866,0.004786797591086829
test_14867,0.08378257627436961
test_14868,0.4757891817956315
test_14869,0.999999980395517
test_14870,0.0002188653580875968
test_14871,0.9540205898183187
test_14872,0.8460358977434763
test_14873,0.0073607689631428426
test_14874,0.16635526699299885
test_14875,0.7237482788550558
test_14876,0.010720028946914605
test_14877,2.9169746160734204e-06
test_14878,0.9999721997212077
test_14879,0.9739539999272223
test_14880,0.9373943980613864
test_14881,0.027138987814074037
test_14882,8.05426635758238e-06
test_14883,0.9999202335388041
test_14884,0.45908371200779935
test_14885,0.9934022002248297
test_14886,0.9386257296083896
test_14887,0.014945540612274646
test_14888,0.9354263972656796
test_14889,0.0005998077225992921
test_14890,0.5779455874716974
test_14891,0.898034734136276
test_14892,0.03281593257667841
test_14893,0.0786263328998474
test_14894,0.9932144539578006
test_14895,0.8299076853914163
test_14896,3.7879958649483337e-06
test_14897,0.3044729550883981
test_14898,0.9950402510112604
test_14899,0.06050952647316847
test_14900,0.2532781374408917
test_14901,0.01058700795841974
test_14902,0.00046518120310991973
test_14903,0.9985805537636251
test_14904,0.9323826445209212
test_14905,0.9999999435694665
test_14906,0.9996676307984117
test_14907,0.0016313572880810362
test_14908,0.0008201775327614187
test_14909,0.000310736054811503
test_14910,0.2531521135429772
test_14911,0.9990743142727504
test_14912,0.9963899511557188
test_14913,0.9796043486809887
test_14914,0.9828246047603074
test_14915,0.0009677964566884388
test_14916,0.9820307495178648
test_14917,0.9036003857490519
test_14918,0.13541113856892997
test_14919,4.365329357784257e-06
test_14920,0.010232323580259708
test_14921,0.0003933048333291042
test_14922,0.0024069462337310927
test_14923,8.269694442208979e-08
test_14924,0.9987368091779608
test_14925,0.9999501303068095
test_14926,0.005383679645903955
test_14927,0.13411812569203765
test_14928,0.9943931595211437
test_14929,0.0004325103488955913
test_14930,0.22240654988946826
test_14931,0.9999641433240746
test_14932,0.47949860626151314
test_14933,0.10451024248272837
test_14934,0.3415096911347793
test_14935,0.008912873589655172
test_14936,0.8258234184935067
test_14937,0.8671476079140862
test_14938,0.010528529605116679
test_14939,1.7324140949235704e-05
test_14940,0.4952651131759562
test_14941,0.8830181837907308
test_14942,0.9957873445668972
test_14943,0.045165176448632216
test_14944,0.46355852919929946
test_14945,0.0011730940274113086
test_14946,0.0014442582840591234
test_14947,0.93183059195308
test_14948,0.9379216654938889
test_14949,0.8601051800597507
test_14950,0.9903495890071204
test_14951,6.115947956053075e-05
test_14952,0.010264991811543212
test_14953,0.9724685390883374
test_14954,9.028578256686291e-09
test_14955,0.018275955098645585
test_14956,0.0064436204224787574
test_14957,0.5812268635476618
test_14958,8.525798163744879e-07
test_14959,0.04403942750450246
test_14960,0.9995902354137791
test_14961,0.9999981725712497
test_14962,0.9991745178364708
test_14963,0.5054898395517115
test_14964,4.3235370908549695e-06
test_14965,0.9999995403563093
test_14966,0.9917196735525282
test_14967,0.01137263317014353
test_14968,2.723416993069244e-08
test_14969,2.502586016356008e-07
test_14970,4.051498040179459e-05
test_14971,2.4099713973985804e-06
test_14972,0.8695562190936059
test_14973,0.05188478863065569
test_14974,0.9999623332820748
test_14975,0.9997809062726032
test_14976,0.0011870339896900529
test_14977,2.7111993578924947e-05
test_14978,0.3267572447731995
test_14979,1.5026474874943666e-07
test_14980,0.9999292316994908
test_14981,0.019684317294181717
test_14982,0.8522502353891651
test_14983,0.9999187263103686
test_14984,3.7915601296838464e-05
test_14985,0.5125180232368083
test_14986,0.9259687866770681
test_14987,0.00016366286901302391
test_14988,0.0010713121826906877
test_14989,0.9998059531738792
test_14990,0.32446961595902407
test_14991,0.9995964232649461
test_14992,0.6221748005470629
test_14993,0.9994878714898577
test_14994,0.8999783978510216
test_14995,0.26301848789358195
test_14996,0.9755762589374041
test_14997,0.0004742238449643092
test_14998,0.9998861608027997
test_14999,0.3636866143238718
test_15000,0.862667482361159
test_15001,0.9986498648460423
test_15002,0.005055601224956629
test_15003,0.00023200834711111363
test_15004,0.3336474208595538
test_15005,0.08087761225979519
test_15006,0.03665278918656828
test_15007,0.4661239818074107
test_15008,0.9911911702564247
test_15009,0.003936910080429075
test_15010,0.001049990749590724
test_15011,1.854635514062347e-06
test_15012,0.001522799127941241
test_15013,0.999725935405795
test_15014,0.5208709145079257
test_15015,0.7395876043629515
test_15016,0.06364300507126495
test_15017,0.41580547071633
test_15018,0.9245280839869551
test_15019,0.4403685944363053
test_15020,0.9970437576432926
test_15021,0.03884524905794506
test_15022,0.0004885339287340742
test_15023,0.9997303623805701
test_15024,0.9133633751212995
test_15025,0.00811060030152389
test_15026,0.012069684948301232
test_15027,0.00013532674336035825
test_15028,6.227665611157006e-05
test_15029,0.9835893229185554
test_15030,0.10892471419855738
test_15031,0.050241019260043825
test_15032,0.00036807354160682163
test_15033,3.7782778437061566e-06
test_15034,0.987162164526746
test_15035,0.9989463842805003
test_15036,0.00341977900138458
test_15037,0.061131233672456514
test_15038,0.9999774863009493
test_15039,0.014209379508169917
test_15040,0.9732436615714856
test_15041,0.06452229005902378
test_15042,0.9999975822255717
test_15043,8.659076509523075e-05
test_15044,0.6165617540809104
test_15045,1.2212610551063455e-05
test_15046,0.0004338106134745834
test_15047,0.9975184539001424
test_15048,0.9999969091481005
test_15049,0.9998541770929441
test_15050,0.9999993709658329
test_15051,0.9999712051190373
test_15052,0.6499291685093775
test_15053,0.03548295633472501
test_15054,0.0014627073974544207
test_15055,3.195942239165652e-07
test_15056,0.9974766898788396
test_15057,0.7871503152863288
test_15058,0.9497495698483145
test_15059,0.9999921018984838
test_15060,0.48415397334818794
test_15061,0.9370287283593026
test_15062,0.999230426505927
test_15063,0.9551676581344462
test_15064,0.07617028565816959
test_15065,0.9209714340491245
test_15066,0.22979693333323362
test_15067,0.8159052899025655
test_15068,0.23928346664884545
test_15069,0.015461842369552664
test_15070,0.9409929093604152
test_15071,0.08917567383692511
test_15072,0.7506869940256474
test_15073,4.5461461067913094e-05
test_15074,0.0354829487814788
test_15075,2.1969322237661635e-06
test_15076,0.9996381730013749
test_15077,0.7913489482533174
test_15078,0.0066955664106692365
test_15079,0.2592846185707388
test_15080,0.11479519492002836
test_15081,0.7239599806299314
test_15082,0.5581272550831915
test_15083,0.9903460880520439
test_15084,0.6721603818340676
test_15085,0.9995021908830879
test_15086,0.02109160304842645
test_15087,0.9843985741279202
test_15088,0.7805993155191708
test_15089,0.004783656634654197
test_15090,0.02889571433119919
test_15091,0.998761408461223
test_15092,0.9999903458443075
test_15093,0.001128207294085535
test_15094,0.9064950269083444
test_15095,0.009936235730879435
test_15096,0.08318535922577648
test_15097,0.9999996999170212
test_15098,0.023360269291710586
test_15099,0.9998978769941935
test_15100,0.5006800290777698
test_15101,0.00010450833260988549
test_15102,0.9999655234283312
test_15103,0.013519816314492786
test_15104,0.9905592244164966
test_15105,0.9600345505040514
test_15106,0.9521537767403155
test_15107,0.10643165391298604
test_15108,0.001910532657920453
test_15109,0.7983957543691577
test_15110,0.7854083542321516
test_15111,0.6593584749483038
test_15112,0.900591716267566
test_15113,0.5040149637536779
test_15114,0.9985216161270358
test_15115,0.9839573049976957
test_15116,0.9999995834421663
test_15117,0.8300162321633754
test_15118,0.5217547179066113
test_15119,0.0007384486382802757
test_15120,0.03001790616130982
test_15121,0.0015568377480894818
test_15122,0.4953151181448631
test_15123,0.13774839938635736
test_15124,7.279886172225089e-07
test_15125,0.185255983560682
test_15126,0.001190902632261026
test_15127,0.990866173768912
test_15128,0.006369609748002116
test_15129,0.07993306042775372
test_15130,7.152329723609463e-07
test_15131,0.630920597208095
test_15132,0.42722947365965647
test_15133,0.999925593041549
test_15134,0.9722355777159631
test_15135,0.9998778388065224
test_15136,0.9999968291887902
test_15137,0.4668714308713631
test_15138,0.9999998554830524
test_15139,0.008470495174985713
test_15140,2.7066678935459214e-06
test_15141,0.9091231123765581
test_15142,0.9999999657631058
test_15143,0.1745836589133255
test_15144,1.6554783209216186e-06
test_15145,0.9999841334732735
test_15146,0.9985409939114003
test_15147,0.0094015789232611
test_15148,0.4440661333197337
test_15149,0.503594948083925
test_15150,0.5905403700306994
test_15151,0.9996970579018755
test_15152,0.00013861974089947034
test_15153,0.005395013707332471
test_15154,0.999064285772448
test_15155,0.003397978482848287
test_15156,0.08057040608595216
test_15157,0.999999905385357
test_15158,1.2002309626464006e-05
test_15159,0.0432509086461608
test_15160,0.5593246957649248
test_15161,0.9896433300257614
test_15162,0.6891279108737863
test_15163,2.177758351718563e-05
test_15164,0.9908639092190362
test_15165,0.009679067152480602
test_15166,5.93464339456389e-05
test_15167,0.546106551285744
test_15168,0.3025577989002049
test_15169,7.361962415326802e-05
test_15170,0.08493710614326724
test_15171,0.8487899478222599
test_15172,1.4135173038789228e-06
test_15173,0.0004373969656328309
test_15174,0.01894197567530894
test_15175,0.9920816619543184
test_15176,0.9997231916005869
test_15177,0.04844545302083606
test_15178,0.09208361334827521
test_15179,0.02989447350937065
test_15180,0.9997967526622953
test_15181,7.562668848254802e-06
test_15182,0.9774983742960006
test_15183,0.001755028561290343
test_15184,0.9947801537000797
test_15185,0.7257101619689579
test_15186,0.5564093440441837
test_15187,0.4452253466469781
test_15188,0.9995516400498309
test_15189,0.9991387381422981
test_15190,4.2254017248014295e-09
test_15191,1.4396770966195376e-05
test_15192,0.2724310924044317
test_15193,0.003126156681339495
test_15194,0.3311543609691134
test_15195,1.4834018071069638e-07
test_15196,0.36781410579698104
test_15197,0.9699466057835673
test_15198,1.8454314395732708e-05
test_15199,0.08014865811320145
test_15200,2.8984795158368056e-05
test_15201,0.9683456218132
test_15202,0.9999997904926619
test_15203,1.0241108130365919e-05
test_15204,0.9358361812530531
test_15205,0.939611867685386
test_15206,0.9999682011437103
test_15207,0.9068929711538538
test_15208,0.09808887349181729
test_15209,4.588531568644407e-06
test_15210,0.09297841090601124
test_15211,0.357408461256703
test_15212,0.001390459210852612
test_15213,0.9999728356123119
test_15214,0.9994758565110833
test_15215,0.8729064213406004
test_15216,0.9982953812663299
test_15217,0.49194552110188133
test_15218,0.9989080185226358
test_15219,0.9676268355226513
test_15220,0.032168675246182284
test_15221,0.0001351480187965353
test_15222,0.9999997596549834
test_15223,0.406526293649696
test_15224,0.0008826737985124928
test_15225,0.31276398701830654
test_15226,0.9785533109328328
test_15227,3.092082445761725e-05
test_15228,0.9361005472580114
test_15229,0.011256030062995016
test_15230,0.9999458517025658
test_15231,0.9999999038380677
test_15232,0.9498954097642461
test_15233,0.34848759502614624
test_15234,0.3695489069377497
test_15235,8.356905202404372e-06
test_15236,0.9996426003235477
test_15237,0.06768902782266371
test_15238,0.9999957181771806
test_15239,0.4733838909044547
test_15240,0.9999533002824053
test_15241,0.9644802930384007
test_15242,0.00014644237199725474
test_15243,0.0017385132206662551
test_15244,1.9934333682504228e-05
test_15245,0.9999635348494068
test_15246,0.5231425660317204
test_15247,0.9993572984734063
test_15248,0.5164854998756633
test_15249,0.06568655017517401
test_15250,0.9999772943215771
test_15251,0.9999989472369547
test_15252,0.8742727443968937
test_15253,0.9711780282693374
test_15254,0.007656854700467719
test_15255,2.226761110974562e-06
test_15256,9.160513590821034e-06
test_15257,0.7879757540686182
test_15258,2.1410628072569032e-07
test_15259,0.1379930471479823
test_15260,0.7367993816656635
test_15261,0.8000263991454464
test_15262,0.3460571072550038
test_15263,0.960443531753825
test_15264,0.04019758234383356
test_15265,0.0007596564753752879
test_15266,0.9382127965455888
test_15267,0.025262551626829853
test_15268,4.361783230462541e-07
test_15269,0.9913993501431055
test_15270,0.9999999931913511
test_15271,0.08530887537548558
test_15272,0.9820071999355174
test_15273,0.5032049982340778
test_15274,0.07908882569286159
test_15275,1.8977864388127672e-05
test_15276,0.4850983346376249
test_15277,0.05575510077813209
test_15278,0.9999997107832399
test_15279,0.9952902239966193
test_15280,0.912490331162058
test_15281,2.3267428655141967e-08
test_15282,0.9334093717060589
test_15283,0.914073651913693
test_15284,0.5824517179694934
test_15285,0.27418429661968363
test_15286,0.14273170230798565
test_15287,0.5174746763507261
test_15288,8.159845094831381e-07
test_15289,4.484855296304326e-05
test_15290,0.9934935534990023
test_15291,0.02646063301735491
test_15292,0.0031398275530245255
test_15293,0.27018823365065797
test_15294,0.9999988202214599
test_15295,0.4741672640154628
test_15296,0.9999966296135518
test_15297,0.9998760814530326
test_15298,2.286978911748676e-06
test_15299,0.009748865105476576
test_15300,0.0007780861611771146
test_15301,0.003577885280940585
test_15302,0.000605600277093488
test_15303,0.4575169407342019
test_15304,0.8939120464395318
test_15305,0.9999834436799884
test_15306,0.9998758534571801
test_15307,0.9044592861231086
test_15308,0.011174438959735696
test_15309,0.999876819608764
test_15310,0.020921829492637597
test_15311,0.0012506700839286422
test_15312,2.047878417032654e-05
test_15313,0.045237231656942004
test_15314,0.3229841630113442
test_15315,0.5963194443426026
test_15316,0.9964564422542852
test_15317,0.10643912832811275
test_15318,7.0331362073743e-06
test_15319,0.02228113160168631
test_15320,0.00042196646191849544
test_15321,0.9789601583898907
test_15322,0.02729967442895073
test_15323,0.9997630212455103
test_15324,0.9970839291489072
test_15325,0.9999986570715492
test_15326,0.8722032440413979
test_15327,0.703611635473999
test_15328,7.089658315123957e-05
test_15329,0.9999357847059132
test_15330,0.0034784022629381077
test_15331,0.9984987667806938
test_15332,0.9996445594779738
test_15333,1.4834018071069638e-07
test_15334,0.8818663949380563
test_15335,0.04633388455890771
test_15336,0.9998649703551555
test_15337,0.9250537625324133
test_15338,0.0003151305238341816
test_15339,0.4327667342264895
test_15340,0.9815691123611672
test_15341,0.8961909956870853
test_15342,0.010237159255092644
test_15343,0.0001666280603509901
test_15344,0.9999987202114965
test_15345,0.999738522187275
test_15346,0.07321026715539883
test_15347,0.91699027378085
test_15348,8.293393748442296e-05
test_15349,0.9994517582499842
test_15350,0.3729355571158969
test_15351,5.606918902982745e-05
test_15352,0.01996239142864268
test_15353,0.9460065308155584
test_15354,0.9830804506590227
test_15355,0.898887451816317
test_15356,3.0033078278408664e-06
test_15357,0.10056978884419968
test_15358,0.24851477123333393
test_15359,0.9997765407671917
test_15360,0.9999359878738088
test_15361,0.9250135648643835
test_15362,0.003208348717800256
test_15363,0.02843282411876911
test_15364,0.9967721047419484
test_15365,0.0008908733852916596
test_15366,0.4361968594961385
test_15367,0.9999289321044873
test_15368,0.8182702499143986
test_15369,0.8642428236742786
test_15370,0.22192313808268715
test_15371,0.41421574041318787
test_15372,1.570623909289763e-05
test_15373,0.004901051805095623
test_15374,0.8754411754696145
test_15375,0.02808533056341304
test_15376,0.9988584978086399
test_15377,0.9998936583634768
test_15378,0.9336705898630562
test_15379,0.968909858676382
test_15380,0.9971433327125565
test_15381,0.9995783539891511
test_15382,0.0610887358802258
test_15383,0.001957371370686537
test_15384,0.021503726065030815
test_15385,0.07659530092372152
test_15386,0.9628214000895938
test_15387,0.9194043748983228
test_15388,0.9923574667649834
test_15389,0.9526425733895586
test_15390,0.034562741980896886
test_15391,0.9998602935461521
test_15392,0.10792126760259194
test_15393,0.5248196822983403
test_15394,0.025835454063488198
test_15395,0.9999997522423077
test_15396,1.1348857264738235e-05
test_15397,0.9102841550117782
test_15398,0.9640718272605151
test_15399,0.02410280795068482
test_15400,0.9999692192630586
test_15401,0.9478442376175993
test_15402,0.878659105748098
test_15403,0.49879998141482235
test_15404,0.9341187719830172
test_15405,0.9990673637345518
test_15406,0.6963660804376501
test_15407,0.9874879622247815
test_15408,0.19664816707327784
test_15409,0.9987542439982953
test_15410,0.5024849917021833
test_15411,0.9989384220116598
test_15412,0.9992169002032415
test_15413,0.999985641372263
test_15414,0.9943069719162393
test_15415,0.20450793801697623
test_15416,0.003479061270240834
test_15417,0.9934944880077781
test_15418,0.9999989523478011
test_15419,0.8984398205042998
test_15420,0.983703813134444
test_15421,0.6397204455758114
test_15422,0.14871322278630755
test_15423,0.12872024075825922
test_15424,0.9999997858937193
test_15425,0.9695187655782557
test_15426,0.9987417505458851
test_15427,0.9999993468996635
test_15428,0.9597298684745033
test_15429,0.13787069985091624
test_15430,0.5897355463674427
test_15431,0.9999901099860674
test_15432,1.1776644556528909e-05
test_15433,0.013026905166874358
test_15434,0.9999843535830717
test_15435,0.9881401208681772
test_15436,0.03913659023918466
test_15437,0.8823014213179934
test_15438,0.03860459110085137
test_15439,0.9966788479940654
test_15440,0.048446989632661634
test_15441,0.9893642322834734
test_15442,0.3338169125358
test_15443,0.08548968446420215
test_15444,0.0446117838333436
test_15445,0.999734836864124
test_15446,0.9996001742360026
test_15447,0.12047373308676913
test_15448,0.8010796111165833
test_15449,0.0035552029635051597
test_15450,0.9846563322894493
test_15451,7.590300778801498e-06
test_15452,0.9654871254660158
test_15453,0.8599435634522785
test_15454,0.032126909624009006
test_15455,0.9999929934558567
test_15456,0.9779276047892458
test_15457,0.08621529287709709
test_15458,0.09935328948258178
test_15459,0.4604769372077562
test_15460,0.5418514208439182
test_15461,0.9623475329060726
test_15462,0.9848569316980441
test_15463,0.00195568720068653
test_15464,0.0620390005793253
test_15465,0.9968766334601511
test_15466,0.5335321729609983
test_15467,0.48936120907567665
test_15468,0.9936557191177092
test_15469,0.38717400186061396
test_15470,0.630958494338355
test_15471,0.11839934279269707
test_15472,3.619065059201213e-05
test_15473,0.04274334825709564
test_15474,0.024424752522587384
test_15475,0.4016065117681154
test_15476,0.06070162106605926
test_15477,0.9183003622850355
test_15478,0.9999999719330247
test_15479,0.9852930612421819
test_15480,0.15830241408828014
test_15481,0.9896512411223062
test_15482,0.18847466316017675
test_15483,0.9999825498026742
test_15484,0.023502125790851352
test_15485,0.9565326967863205
test_15486,0.23104977584274508
test_15487,1.6088065670257957e-05
test_15488,0.05610895549302063
test_15489,0.08276163127280584
test_15490,0.05886852403110486
test_15491,0.00028207652890076273
test_15492,0.9999663499203852
test_15493,0.03947389806461786
test_15494,0.9176991119052565
test_15495,0.0004940873048814918
test_15496,0.07492010115504688
test_15497,0.9829984084495932
test_15498,0.7910468205702963
test_15499,0.9321183015852004
test_15500,3.089284822453571e-05
test_15501,0.9999883611388246
test_15502,0.9478988331577953
test_15503,0.8984228658744179
test_15504,0.9999981521546084
test_15505,0.9969783649507687
test_15506,0.795215066152883
test_15507,1.3941743593789839e-05
test_15508,0.900040778799869
test_15509,0.03817904019860411
test_15510,0.023146475832466554
test_15511,0.9505367863111224
test_15512,0.011734497292415472
test_15513,0.7485157917838383
test_15514,0.9999082632530143
test_15515,0.9899157493504607
test_15516,0.9997182709671651
test_15517,0.2311585546812986
test_15518,2.100733394551036e-05
test_15519,0.9998384294363831
test_15520,0.006583231132847993
test_15521,0.9999021096536208
test_15522,0.8441243563653215
test_15523,4.5625092631092626e-07
test_15524,0.05564303955477399
test_15525,0.002065741931303012
test_15526,0.999999947075926
test_15527,0.9999982728309219
test_15528,0.000410186424614371
test_15529,3.744967151209286e-05
test_15530,0.9909350960685402
test_15531,0.008727533507673147
test_15532,0.11622563654385124
test_15533,0.0017716278898034974
test_15534,4.178180853427099e-05
test_15535,1.0246711792341556e-07
test_15536,0.00044990608477864767
test_15537,0.9999990377358867
test_15538,0.46923916086507605
test_15539,0.0004936239657795821
test_15540,3.7853395496454066e-05
test_15541,0.9999600312237342
test_15542,0.0002624801277327782
test_15543,0.00025641265389854097
test_15544,0.9774049985205728
test_15545,0.623587392741965
test_15546,0.1876775548890312
test_15547,5.687023445058002e-05
test_15548,1.4981799149388404e-06
test_15549,0.2953493521633209
test_15550,0.999614793494318
test_15551,4.0057479470701127e-07
test_15552,0.00020332031427895906
test_15553,0.9974292525999189
test_15554,0.16229054840612714
test_15555,0.8814357149100789
test_15556,0.48817662819484803
test_15557,3.2607547547438946e-06
test_15558,3.547676896673074e-06
test_15559,0.8203502173799768
test_15560,0.9976983071743697
test_15561,0.446226383312694
test_15562,0.9973858340791523
test_15563,0.999912982450892
test_15564,4.0057479470701127e-07
test_15565,0.01081527500235123
test_15566,0.9999983957104468
test_15567,0.33140105132599534
test_15568,0.9584564469303912
test_15569,0.0010147899764228344
test_15570,0.9999729406627111
test_15571,0.176876043658894
test_15572,0.002594509580673238
test_15573,0.9990942020515243
test_15574,0.9062160635142742
test_15575,0.0018779224645552857
test_15576,0.9997760018396129
test_15577,0.516765290271994
test_15578,0.9996489466056161
test_15579,0.8384228384886366
test_15580,0.9998207558446854
test_15581,1.4834018071069638e-07
test_15582,0.8264896480056224
test_15583,0.004867692129314596
test_15584,0.00020280757859283724
test_15585,0.9999722796933888
test_15586,0.9992117229941392
test_15587,0.0037598347471868077
test_15588,0.014668131956463954
test_15589,0.9955205273286202
test_15590,0.00014440459343095742
test_15591,0.11637560037855679
test_15592,0.9131808261934544
test_15593,0.9999498794249545
test_15594,0.5112085860390112
test_15595,0.017837550474620545
test_15596,0.9391465338918348
test_15597,0.8864820126320166
test_15598,0.2971664251794731
test_15599,0.3323748669915705
test_15600,0.5533572608985053
test_15601,0.999889512895121
test_15602,2.4333718088778337e-06
test_15603,0.000552046789849571
test_15604,0.24927265450578104
test_15605,0.00042357125298241873
test_15606,0.2729868841949739
test_15607,0.936790228620019
test_15608,0.03155400992629402
test_15609,0.9970800466791155
test_15610,0.07453891592584674
test_15611,0.717927221286859
test_15612,0.9999750269468849
test_15613,0.8529287983867364
test_15614,0.052398629945824976
test_15615,0.30679640546469666
test_15616,0.0029427206245263952
test_15617,0.6845867212578481
test_15618,0.0020759073598407857
test_15619,0.9987756703206483
test_15620,0.013495662814774262
test_15621,0.989056966611393
test_15622,5.178600983656848e-05
test_15623,5.362686971047029e-05
test_15624,0.08641703070989443
test_15625,0.01520772958515329
test_15626,0.9977807246655189
test_15627,0.9972650418291127
test_15628,6.24370567986494e-05
test_15629,2.0269591180757635e-07
test_15630,0.00023721665831861522
test_15631,0.9999981589727917
test_15632,0.9086107169511861
test_15633,0.9912906593614034
test_15634,1.9378488450565547e-07
test_15635,0.0001349106155775183
test_15636,0.9967654698426095
test_15637,0.9981859333719406
test_15638,0.9999678868055788
test_15639,0.009800084597019025
test_15640,0.993221145619501
test_15641,0.9900012539147077
test_15642,0.9877324739502366
test_15643,0.9984241722078043
test_15644,0.0011255217685362249
test_15645,0.999481227842673
test_15646,0.9999869099852601
test_15647,1.899974098533764e-05
test_15648,0.03287758866021286
test_15649,0.07190811857062138
test_15650,0.9999937815059337
test_15651,0.026697681221360257
test_15652,0.99997163761908
test_15653,2.2517086706729835e-10
test_15654,0.997533200584607
test_15655,0.03008431776702988
test_15656,0.8209164081070384
test_15657,0.32880492165605557
test_15658,0.9999791313829023
test_15659,0.0003639028269948592
test_15660,0.012291047587962059
test_15661,4.664044973012384e-06
test_15662,0.4224029630172047
test_15663,0.8530618766444955
test_15664,9.461464305502004e-08
test_15665,0.9403668159109362
test_15666,0.9999897265200588
test_15667,0.0007813279302402094
test_15668,0.999999560524127
test_15669,0.9999931259709232
test_15670,0.47804062530470853
test_15671,0.977501262583029
test_15672,0.9999999759669684
test_15673,0.03528938837178423
test_15674,0.15341469850082157
test_15675,0.9830496107266794
test_15676,0.00028713328538289545
test_15677,0.3110013563911464
test_15678,0.9863883065392508
test_15679,0.9995468829197918
test_15680,0.9783622225038253
test_15681,0.24177668048925258
test_15682,0.26430325577533154
test_15683,0.5331136279128386
test_15684,0.8470159438273238
test_15685,5.064446898134798e-08
test_15686,0.3401339353145166
test_15687,0.9867177811525306
test_15688,0.79607823652853
test_15689,0.012738761765399016
test_15690,0.08423544327737488
test_15691,4.624227947576365e-08
test_15692,1.2602797262569149e-05
test_15693,0.9582215354365998
test_15694,0.010680948691756963
test_15695,0.15374358214246417
test_15696,0.9419655610493258
test_15697,0.9965350765811778
test_15698,2.3061764113346275e-07
test_15699,0.9628657243245543
test_15700,8.131937177096265e-05
test_15701,0.9996525322168688
test_15702,0.9514301671707498
test_15703,0.4761635349981228
test_15704,0.05642032925085468
test_15705,0.42790370837108843
test_15706,0.9999693593626305
test_15707,0.9988967224051984
test_15708,0.7456759146546762
test_15709,0.9749113030417075
test_15710,0.9970431549331562
test_15711,0.9998287711524347
test_15712,5.671221400433631e-07
test_15713,0.6547919543851825
test_15714,0.2324853264975771
test_15715,0.9999229368531545
test_15716,0.05415277338945784
test_15717,0.6791893443054936
test_15718,0.826995021403837
test_15719,0.0015867646604323714
test_15720,0.9946815243550097
test_15721,0.9997231921128504
test_15722,0.9993303816336326
test_15723,0.9999871998459411
test_15724,0.95787184846052
test_15725,0.9469822316174779
test_15726,0.9749482442116518
test_15727,0.5411998158052362
test_15728,0.012762802027671839
test_15729,0.031372664467312995
test_15730,0.016984518807681454
test_15731,0.005603835729609021
test_15732,0.983052050106256
test_15733,0.6646239508684768
test_15734,0.10948434997046695
test_15735,0.5257229549464308
test_15736,3.585667592542612e-05
test_15737,0.9723543807318006
test_15738,0.294329351701362
test_15739,0.9865483191902796
test_15740,0.22390217919123054
test_15741,0.9999690790079815
test_15742,0.9995816606611703
test_15743,0.9999509151221144
test_15744,0.040434673722188764
test_15745,0.8307159956923384
test_15746,0.99999939064815
test_15747,0.9583614635918039
test_15748,0.10188759037774128
test_15749,0.9999907785848852
test_15750,0.5294793512918644
test_15751,0.9998228115108201
test_15752,0.8504999579053479
test_15753,0.9245704628676092
test_15754,9.583338336232251e-05
test_15755,0.9045736089687306
test_15756,0.03466884154949068
test_15757,0.9612430960739293
test_15758,0.4997000098498428
test_15759,0.16668358163477853
test_15760,0.8615402260297887
test_15761,0.9968735307525154
test_15762,0.9427803841580278
test_15763,0.2711952081614025
test_15764,0.9991432337220099
test_15765,0.8711343226483647
test_15766,0.19938010855324756
test_15767,0.9535316470502031
test_15768,0.0001339617249921038
test_15769,0.0022143866199841825
test_15770,0.8469726159722042
test_15771,6.53100336469546e-07
test_15772,0.6405059342622682
test_15773,0.00012938403195044296
test_15774,0.9913104801182075
test_15775,0.9874192399351343
test_15776,2.3727144138152082e-05
test_15777,0.18821689625536894
test_15778,0.10253943297993558
test_15779,0.00424050706410646
test_15780,0.14829943937683923
test_15781,0.12254812150943939
test_15782,0.6779067025325487
test_15783,0.9855079619558781
test_15784,0.09651466378115549
test_15785,0.17413655314619092
test_15786,0.9107974805916937
test_15787,0.003789436244443007
test_15788,0.11023407096765005
test_15789,0.0008054174770154874
test_15790,0.9991091266147083
test_15791,0.9985890412136543
test_15792,0.9265954286147513
test_15793,0.6602949998088573
test_15794,0.9362552337649117
test_15795,8.940965665823343e-05
test_15796,0.12097147943985397
test_15797,0.06261998604138774
test_15798,0.2996813945795857
test_15799,0.1623642341032648
test_15800,0.8050883581408462
test_15801,0.999693536908158
test_15802,0.2127752380864843
test_15803,0.4524331015902047
test_15804,2.4177744282878463e-06
test_15805,0.5389905559915515
test_15806,9.099634163743034e-06
test_15807,0.9999750270973026
test_15808,0.705295914189693
test_15809,0.32020616924839446
test_15810,0.0002829446820263248
test_15811,0.8651788294137679
test_15812,0.02149997840019997
test_15813,0.9658955426089267
test_15814,0.5968831389419781
test_15815,0.0005572235501806559
test_15816,0.9997976312552104
test_15817,0.06554031261528125
test_15818,0.3108230551005523
test_15819,0.9952379103945374
test_15820,0.0018568166374363954
test_15821,0.9993874092751865
test_15822,0.8124441114336903
test_15823,5.587955051787317e-05
test_15824,0.19935853763270187
test_15825,0.27826669121219966
test_15826,0.008812155117748823
test_15827,0.9988842939773492
test_15828,0.9066814735311515
test_15829,0.9645461918713208
test_15830,0.0013432467831767298
test_15831,1.2300761198106852e-05
test_15832,0.9999999069200891
test_15833,0.7726135732674226
test_15834,0.4198123567367427
test_15835,0.03441081787484232
test_15836,0.9922486401624648
test_15837,0.9999156225026496
test_15838,0.09624949912344143
test_15839,0.998998036660272
test_15840,0.9999924510869523
test_15841,1.0027379904983808e-10
test_15842,0.9998170946977528
test_15843,0.22406274536608162
test_15844,0.12250199183118428
test_15845,0.9998783466156292
test_15846,0.10629458553100044
test_15847,0.035553954936577085
test_15848,0.45088904534687974
test_15849,0.6402049589631748
test_15850,0.030545964645517405
test_15851,0.5349621326265526
test_15852,2.857222248087261e-06
test_15853,0.8595257621375827
test_15854,0.8983622830079251
test_15855,0.9193286760955889
test_15856,0.5952838442717505
test_15857,6.531244602472108e-07
test_15858,0.8630855245435366
test_15859,0.9987497088084482
test_15860,7.538646354692742e-07
test_15861,0.9831937950467112
test_15862,0.7850343982789566
test_15863,0.6296112652410634
test_15864,0.9239940310081742
test_15865,0.9999996213269661
test_15866,0.9999958725543184
test_15867,0.9999949936763521
test_15868,0.9679898412302654
test_15869,3.4953585554004965e-05
test_15870,0.1951246909281517
test_15871,0.9714884923693242
test_15872,0.00020061742429666198
test_15873,0.23930719688311305
test_15874,0.00318102916620991
test_15875,2.2084541129089733e-05
test_15876,0.045532014530199866
test_15877,2.9449179140890407e-05
test_15878,0.9363442829927996
test_15879,0.14658158311354116
test_15880,0.060555323098677845
test_15881,6.378854420053569e-08
test_15882,0.8206520786998818
test_15883,0.00717790602251766
test_15884,0.9594540335723272
test_15885,0.9405010775652984
test_15886,9.880085649964199e-05
test_15887,0.9834575697467495
test_15888,0.12271651614166876
test_15889,0.5290155096104502
test_15890,0.5687962698425696
test_15891,0.8897404405223033
test_15892,0.954591935702688
test_15893,0.014374605446586808
test_15894,0.00033246323612882365
test_15895,0.999980735428861
test_15896,0.7154213230291518
test_15897,0.9562090104216994
test_15898,0.3137474675280466
test_15899,5.572323172290933e-06
test_15900,0.9998640773469092
test_15901,0.7233076783851504
test_15902,0.03714730930954461
test_15903,0.4704259171976153
test_15904,0.006828629951123239
test_15905,0.9318987851192558
test_15906,0.029656476253476505
test_15907,0.9987570748806358
test_15908,0.008659837271164199
test_15909,0.9566846772925442
test_15910,0.9999242269316923
test_15911,0.13554949427297036
test_15912,0.9145648103049413
test_15913,0.9989840237070368
test_15914,0.9925911011566169
test_15915,3.055663275219834e-05
test_15916,8.27952760593713e-05
test_15917,0.0006079257626509881
test_15918,0.00010068509211607567
test_15919,0.999876536125534
test_15920,0.9544118262886396
test_15921,0.9516787574325517
test_15922,0.0647956144756671
test_15923,0.9961860275486873
test_15924,0.3219712654975454
test_15925,0.5625137651776065
test_15926,0.9998091608211218
test_15927,0.9999998040160577
test_15928,0.8616628352731225
test_15929,0.9999991566306929
test_15930,0.0815492165274078
test_15931,0.343442702642501
test_15932,0.8988850322407725
test_15933,0.9572538151876131
test_15934,0.05216380397384018
test_15935,0.999993579343217
test_15936,0.4916255685554298
test_15937,0.9327704587156094
test_15938,0.9999995504968481
test_15939,0.9938055987185478
test_15940,0.9999688254673716
test_15941,0.9865851414305505
test_15942,1.5538694172823396e-06
test_15943,0.9964501244809983
test_15944,0.00037256929263322457
test_15945,0.9715505742846917
test_15946,0.02026626920145324
test_15947,1.0273383806343566e-05
test_15948,0.9999983186250622
test_15949,0.9992929833111334
test_15950,0.015748746830899527
test_15951,5.373594452565199e-07
test_15952,0.9161786768584538
test_15953,0.06916518277058831
test_15954,0.8427061195106909
test_15955,0.21860725192368155
test_15956,0.00013084219086577942
test_15957,0.000682469872830966
test_15958,0.8942476105945555
test_15959,0.9655630678666692
test_15960,0.6699002724998149
test_15961,0.9868545394522146
test_15962,0.9997096169867753
test_15963,0.3127818549530401
test_15964,0.9997684623973894
test_15965,0.06695553365420945
test_15966,0.9830739613144688
test_15967,0.00520254755341876
test_15968,3.634322306634333e-05
test_15969,0.22739800019732448
test_15970,0.9762513560087798
test_15971,0.01658007453738828
test_15972,0.16054707487145173
test_15973,0.013010917092617667
test_15974,0.371632990413793
test_15975,0.33312991399767317
test_15976,0.6398427715995431
test_15977,0.7778980228396289
test_15978,0.8982822665580608
test_15979,0.8264230998935472
test_15980,0.029848834368192082
test_15981,0.9999526398037136
test_15982,0.0006373873942448372
test_15983,0.999978621043716
test_15984,0.9999515521873165
test_15985,0.002960457354764809
test_15986,0.06978461940700639
test_15987,1.8683349124403237e-06
test_15988,0.9913538867848292
test_15989,0.0017113252056919323
test_15990,0.9966682542464567
test_15991,0.9991552678979746
test_15992,0.2934631346051723
test_15993,0.9315116777360396
test_15994,3.060494577462543e-10
test_15995,0.8316365885699867
test_15996,0.45041749914541335
test_15997,0.0027868477194588855
test_15998,0.07044809942403428
test_15999,0.9299246191768852
test_16000,5.1094611974413435e-05
test_16001,0.5985003086966053
test_16002,9.427387692777422e-07
test_16003,0.9368010742739304
test_16004,0.00011762979018483364
test_16005,0.000310553372315012
test_16006,0.8198748350860657
test_16007,0.8919253196919759
test_16008,0.32454216088336946
test_16009,3.601269360615232e-09
test_16010,0.7100426530372774
test_16011,0.04054458937518037
test_16012,0.04016886389209311
test_16013,0.9960950803448017
test_16014,0.056334396163190005
test_16015,1.0257335639343423e-05
test_16016,0.6162452581708552
test_16017,0.007888110807071178
test_16018,0.9999999855931937
test_16019,0.00038286365422143424
test_16020,0.9626346505150394
test_16021,0.9999999992441131
test_16022,0.9480319247768318
test_16023,1.5104183664001895e-06
test_16024,0.00048049282494029235
test_16025,0.012861992956200507
test_16026,0.9523347761687807
test_16027,0.9098343616263141
test_16028,0.024927845799907946
test_16029,0.007100196477538325
test_16030,0.0012196579372657414
test_16031,0.10515493362304072
test_16032,0.9666693671589104
test_16033,1.783151181783985e-05
test_16034,0.9999556252621913
test_16035,0.00678984491571566
test_16036,2.798685521094685e-05
test_16037,0.06115072014071283
test_16038,0.0095879942507906
test_16039,0.00017419499410552136
test_16040,2.4021810174107743e-06
test_16041,0.999999977494723
test_16042,0.9966188892681572
test_16043,0.9999706329940007
test_16044,0.9070192769327131
test_16045,0.9999107831799691
test_16046,0.0005662830873639391
test_16047,0.5180291602019222
test_16048,0.9999514107477767
test_16049,0.7828134009293009
test_16050,0.2088610538873585
test_16051,0.7539205263017251
test_16052,3.3970328011947674e-07
test_16053,0.9781011354810092
test_16054,0.07864495448626938
test_16055,3.7684561948903656e-06
test_16056,0.9997553425335695
test_16057,0.7883025117903744
test_16058,0.04349888724284366
test_16059,0.999992368114937
test_16060,0.4048426065174101
test_16061,0.7996302137949869
test_16062,0.05751430011977042
test_16063,0.7831931257573659
test_16064,0.9852055398749502
test_16065,0.9999994291179496
test_16066,0.4851083117686028
test_16067,0.9990519125364707
test_16068,0.0018760386950455205
test_16069,0.2993303303399202
test_16070,0.7946531357417534
test_16071,0.8952726715777001
test_16072,0.9994856228161247
test_16073,4.906821987674016e-07
test_16074,0.010134070517746587
test_16075,0.9999627669242805
test_16076,0.8012303492170242
test_16077,0.9999979992109034
test_16078,0.5792459627110859
test_16079,0.6386235645078953
test_16080,0.9728319307788289
test_16081,0.8849723645828382
test_16082,0.3635167479308174
test_16083,0.10368628795484217
test_16084,0.00010367562998523946
test_16085,5.725368945808014e-05
test_16086,0.9999843734190693
test_16087,0.994258381858249
test_16088,0.9411730035558876
test_16089,0.018493253832013664
test_16090,0.4362067800750668
test_16091,0.9990455315037012
test_16092,0.32332364376358524
test_16093,0.00894361035607254
test_16094,0.9999999998436943
test_16095,0.7804706963425384
test_16096,0.9999838714223842
test_16097,0.0030776501251709647
test_16098,0.5948119973381827
test_16099,0.9997893540821708
test_16100,0.01945612314166279
test_16101,0.00046192526595167325
test_16102,0.9999774863009493
test_16103,0.04448792584556236
test_16104,0.09138702233661719
test_16105,0.4953800829888382
test_16106,0.9954042609252532
test_16107,0.9999853343389843
test_16108,0.01231122179217204
test_16109,0.9999914383044604
test_16110,0.0022763015821260922
test_16111,0.8723284899312912
test_16112,0.9999616153663043
test_16113,0.985801597431914
test_16114,0.09278803189480374
test_16115,0.0010006184010341054
test_16116,0.004490457679339499
test_16117,0.9999964239248226
test_16118,0.8095506346261353
test_16119,0.9186179501352614
test_16120,0.06092238409635011
test_16121,0.9939784992063017
test_16122,0.1622104878297412
test_16123,0.9999951938392726
test_16124,0.9999329444629943
test_16125,0.9586780318511002
test_16126,0.07613172913138831
test_16127,0.9999862644342052
test_16128,0.15275507959189596
test_16129,0.0059064377781485105
test_16130,0.9999412388503511
test_16131,0.09513747499934422
test_16132,0.9997559065120735
test_16133,0.003896157414549628
test_16134,0.9859343591540087
test_16135,0.9996903581217275
test_16136,0.9999343931180668
test_16137,0.9999999504698718
test_16138,0.8549265472597756
test_16139,0.9999918741248666
test_16140,0.1826942106393767
test_16141,0.005762079081375337
test_16142,0.013266752121504995
test_16143,0.9948212869466211
test_16144,0.8460638801930336
test_16145,0.23093715774615386
test_16146,0.004313545237120605
test_16147,7.489074297387551e-05
test_16148,0.055586214842819656
test_16149,0.24895808034314554
test_16150,0.10506092421149793
test_16151,0.8354648403328422
test_16152,0.002056096648628287
test_16153,0.9998172329192807
test_16154,0.06617299298380537
test_16155,0.9998849040959147
test_16156,0.987277026851257
test_16157,0.10376728428398978
test_16158,0.0030249871075979937
test_16159,0.5635907670070424
test_16160,0.3739776318363379
test_16161,0.9852527050623433
test_16162,0.9470746688771426
test_16163,6.450439853303482e-07
test_16164,0.49463514034254
test_16165,0.030582976066602756
test_16166,7.046490991971885e-06
test_16167,0.018781045283882976
test_16168,1.4859392455427371e-05
test_16169,0.9970785534914696
test_16170,0.9927319859556719
test_16171,0.19009204970213056
test_16172,0.09677083909848536
test_16173,0.9931218759369256
test_16174,5.8761149648822226e-05
test_16175,0.7732180261599034
test_16176,0.417435629032901
test_16177,0.0006240722055323647
test_16178,0.00048209493939724513
test_16179,0.0073772961914182
test_16180,0.11155293296623385
test_16181,0.9998041590458879
test_16182,0.0005969853514632351
test_16183,0.015394241369350367
test_16184,0.7396905695583729
test_16185,0.9999918884721188
test_16186,0.012968561603142716
test_16187,0.00137290112874661
test_16188,0.32756662605540043
test_16189,0.9999926023848738
test_16190,0.5294444247759638
test_16191,0.49000100943389263
test_16192,0.8048540098749283
test_16193,0.9999793383154565
test_16194,0.0760708641411868
test_16195,0.9999925886051569
test_16196,6.239687720542142e-05
test_16197,0.999940222439445
test_16198,4.802537603489224e-05
test_16199,0.9080486733840297
test_16200,0.23011468121080403
test_16201,6.069059930344094e-06
test_16202,0.9854664637372514
test_16203,0.9975266534887048
test_16204,0.9994539606417118
test_16205,0.8928163683777095
test_16206,0.9999999975004105
test_16207,0.9065940343594332
test_16208,0.9999271637111091
test_16209,0.6095285754426666
test_16210,0.9999968826440543
test_16211,0.9999998959228792
test_16212,0.9981560170518776
test_16213,0.9534867589603185
test_16214,1.0734548102561963e-06
test_16215,0.8888493541505972
test_16216,0.9314223146454844
test_16217,4.50283413845909e-06
test_16218,0.9959304587030171
test_16219,0.9995366175243305
test_16220,0.9114471622098633
test_16221,0.9247358077757345
test_16222,0.9674552198150723
test_16223,0.3230384814304687
test_16224,0.9999673401440969
test_16225,0.9865865584368865
test_16226,0.9963464827913295
test_16227,0.0031973433414003477
test_16228,0.28432119131750155
test_16229,0.7306370820737554
test_16230,0.9963142908861233
test_16231,0.88504291132378
test_16232,0.03767612658389166
test_16233,4.7075847197621e-06
test_16234,0.46226884561999976
test_16235,0.9050695725478118
test_16236,3.3062271389987007e-06
test_16237,0.9999637786793739
test_16238,0.02654340446652261
test_16239,0.028569216814369254
test_16240,0.9899079521125573
test_16241,0.036304791038804546
test_16242,0.4891412845912288
test_16243,0.900218250463215
test_16244,0.027211177211318445
test_16245,0.9977038171734527
test_16246,0.6316694988304882
test_16247,9.01335292735211e-05
test_16248,0.9999853728396916
test_16249,3.9936920544136874e-05
test_16250,0.896495180985709
test_16251,0.11174286638204826
test_16252,8.27486217878579e-05
test_16253,0.5870941192821711
test_16254,0.834934882137417
test_16255,0.0018645409851736341
test_16256,0.005614564916060271
test_16257,0.2966636332208656
test_16258,3.819663324146758e-05
test_16259,0.9999956973454255
test_16260,0.022256288806473113
test_16261,0.9150346533285472
test_16262,0.999999999999
test_16263,0.9448221314007668
test_16264,2.536147676396338e-06
test_16265,0.9988961905948379
test_16266,0.9981604414369407
test_16267,0.0793258925464737
test_16268,0.9999999843696323
test_16269,0.027835424874648736
test_16270,0.9990670403465156
test_16271,0.9999905324874082
test_16272,0.9999380037197768
test_16273,0.9999999999438198
test_16274,0.9995434370183135
test_16275,8.102000736736987e-09
test_16276,6.40118839427252e-05
test_16277,0.9008163499826842
test_16278,1.0572506469444038e-09
test_16279,3.6647063791274656e-07
test_16280,0.9999687973625099
test_16281,0.9362443193951742
test_16282,0.9617135098368581
test_16283,9.330224480288993e-07
test_16284,0.12495672714459446
test_16285,0.9071018771804261
test_16286,0.11277028554996392
test_16287,0.9999998040160577
test_16288,0.00020848647976987207
test_16289,0.9331306620487148
test_16290,0.007012738885095886
test_16291,0.6151608352197451
test_16292,0.9645867107023898
test_16293,0.9999999837372479
test_16294,0.0003625186503575022
test_16295,0.8133049678418398
test_16296,0.4749407675154688
test_16297,0.8624959916150154
test_16298,0.9669964737818028
test_16299,0.5778375640892808
test_16300,7.755509003231197e-05
test_16301,0.016909813253533357
test_16302,0.10974321693298278
test_16303,0.9999874685956798
test_16304,0.4405664392986306
test_16305,0.9968726003506658
test_16306,0.9665387089398444
test_16307,0.9999976442497222
test_16308,0.9999217709513926
test_16309,0.9995991344334015
test_16310,5.7033561818838396e-06
test_16311,0.9703185194032887
test_16312,0.0006593230152413635
test_16313,0.10053125055216776
test_16314,0.9999995769457658
test_16315,0.051531721858191305
test_16316,0.5018349824153333
test_16317,0.999268550835249
test_16318,0.9939825213134711
test_16319,3.412111884160054e-05
test_16320,0.9994446271390419
test_16321,0.9233659976963187
test_16322,0.10950970289367887
test_16323,0.3863760686904874
test_16324,0.9958161869627052
test_16325,0.6038985564939647
test_16326,0.8469075739013155
test_16327,0.0010685251408668664
test_16328,0.0030094660336514455
test_16329,0.00040745225751442026
test_16330,0.9999747233800712
test_16331,5.675531616499225e-05
test_16332,0.7501702711187568
test_16333,0.0020214263964882496
test_16334,0.934265277724229
test_16335,0.9999444989740096
test_16336,0.0012077400540847494
test_16337,0.2719768187752549
test_16338,0.9996897205473186
test_16339,0.9924694766213262
test_16340,0.9978981840704008
test_16341,0.9180733593762203
test_16342,0.9999941760111958
test_16343,0.9996246195361543
test_16344,0.8840502773507959
test_16345,0.041323353073488785
test_16346,0.9992282284855609
test_16347,0.08271036633332345
test_16348,0.9564379023285587
test_16349,0.9999864873903348
test_16350,0.1522822661316881
test_16351,0.7767928507855397
test_16352,7.429538603133873e-08
test_16353,0.9999959637786349
test_16354,0.1155457621019085
test_16355,0.998460972190616
test_16356,0.01085588787966363
test_16357,0.19051593304357925
test_16358,0.00012862904809596545
test_16359,0.9802872678590422
test_16360,3.6955660478368545e-05
test_16361,3.3888628048704225e-06
test_16362,0.9999557263906028
test_16363,0.2293787853234082
test_16364,0.30238594962279963
test_16365,0.9803901573728954
test_16366,0.5037699402004371
test_16367,0.9113914787996167
test_16368,5.142140336314031e-05
test_16369,4.306839053341973e-05
test_16370,0.049111159410827936
test_16371,0.8312831047517002
test_16372,0.9999939679948603
test_16373,0.41106477825096355
test_16374,0.0008922957357819001
test_16375,0.9319991457628256
test_16376,0.934801355250095
test_16377,0.9996168315457654
test_16378,0.642544573372806
test_16379,0.007778187234306351
test_16380,0.04557487201053547
test_16381,0.2016765764489762
test_16382,0.00016326938903384107
test_16383,0.625241396015162
test_16384,0.9935294273967313
test_16385,0.0006057302887241952
test_16386,0.5222789222362793
test_16387,0.9994458601248982
test_16388,0.7451582850135325
test_16389,0.9999835459656135
test_16390,0.9861725127315654
test_16391,0.49743004350517467
test_16392,0.9999999987736727
test_16393,0.10495458944884649
test_16394,0.8526806253345391
test_16395,0.0002618112003064138
test_16396,0.9999248453477311
test_16397,4.0064993648000626e-05
test_16398,0.9990597373058996
test_16399,0.21813569395502594
test_16400,0.004326528007836998
test_16401,0.9795444587150478
test_16402,0.9991529603541135
test_16403,0.9997113763938518
test_16404,0.9999643552015508
test_16405,1.5104918008548111e-06
test_16406,6.005681849365498e-08
test_16407,0.999262411470715
test_16408,0.487157109438009
test_16409,9.721314236178707e-07
test_16410,0.02150466304237202
test_16411,0.15303048442025305
test_16412,0.0035638652305387507
test_16413,0.002480178476757824
test_16414,0.9425487910620244
test_16415,0.9999999114400707
test_16416,0.00925659091348547
test_16417,3.606918868059128e-05
test_16418,0.002516965723414576
test_16419,0.00014013079839790804
test_16420,0.0012658543463382604
test_16421,0.9102010406136392
test_16422,0.8987520740987094
test_16423,0.9999999038288201
test_16424,0.35683139313274176
test_16425,0.0012957457352867406
test_16426,0.0404305496204888
test_16427,0.7380113756696992
test_16428,0.11323562666449631
test_16429,0.9998478002928421
test_16430,0.995787710844488
test_16431,0.6191678757857985
test_16432,0.9953383460159236
test_16433,0.02853257478879007
test_16434,0.13892446814048837
test_16435,0.03318324562948491
test_16436,0.11803538107535698
test_16437,0.33589478684832585
test_16438,0.9964544506545967
test_16439,0.999999771768526
test_16440,0.99997436647131
test_16441,0.09414432784317216
test_16442,0.9982238091586195
test_16443,0.0015992527893492832
test_16444,0.9366997422229586
test_16445,0.8337161788989751
test_16446,0.05951112596750979
test_16447,0.9997370177238952
test_16448,0.011827639041760533
test_16449,0.9999999387166968
test_16450,0.41319412736250727
test_16451,0.06626233988668714
test_16452,3.985883863657377e-06
test_16453,0.9955560253141816
test_16454,0.00024781294323691233
test_16455,0.9386718874342111
test_16456,0.943123290947474
test_16457,0.041910265501765666
test_16458,1.1907039047315324e-06
test_16459,0.17818722760433814
test_16460,3.8510164456844114e-05
test_16461,0.9999961531981473
test_16462,0.0690695948108677
test_16463,0.9997462242302877
test_16464,0.9302403772405112
test_16465,0.8797921130888788
test_16466,0.9189073480245045
test_16467,0.8814729587398034
test_16468,0.9854909267994316
test_16469,0.855472160845181
test_16470,0.9301499803165506
test_16471,0.031974465274994104
test_16472,0.015896880847905408
test_16473,0.18095198820822664
test_16474,0.9217148020413762
test_16475,0.0185651595332897
test_16476,5.237157236837418e-05
test_16477,0.04287985416174046
test_16478,0.9999340632662536
test_16479,0.49547508683325003
test_16480,0.9999994951898921
test_16481,1.7324015873899202e-05
test_16482,0.7435001065880051
test_16483,0.025591643567799128
test_16484,0.9982162697571272
test_16485,0.0003708671092144535
test_16486,0.9927880045979037
test_16487,0.4973050253623872
test_16488,0.00022046742670161316
test_16489,1.3035443985322321e-05
test_16490,0.9821724904910767
test_16491,0.4759539089903194
test_16492,0.06056060426235936
test_16493,0.0006877011186631268
test_16494,0.001346984254499898
test_16495,0.385770745558605
test_16496,0.999882591680415
test_16497,0.0047008284519757726
test_16498,0.3227987141619985
test_16499,0.2097279413001014
test_16500,0.012976886435515774
test_16501,0.9990247568840587
test_16502,2.7190760926226202e-05
test_16503,0.12432591922643449
test_16504,6.007326677865175e-09
test_16505,0.9998317123787429
test_16506,0.01705044693206979
test_16507,0.4888114037954816
test_16508,0.9997334064367215
test_16509,2.8443283004410154e-05
test_16510,0.11225457465788065
test_16511,0.8477238985693042
test_16512,0.00250430463482648
test_16513,0.3244288476450448
test_16514,1.6331543372095298e-05
test_16515,0.9923911686401123
test_16516,0.9998910635874216
test_16517,0.006824314319399772
test_16518,0.9991192125177386
test_16519,0.9999996860479669
test_16520,0.503279948710689
test_16521,0.1912915751678536
test_16522,0.9901715884195932
test_16523,0.9997669708777043
test_16524,0.0498418012208233
test_16525,0.09949915975914439
test_16526,0.9325013951827533
test_16527,3.6812701288610203e-06
test_16528,1.1587428377725156e-05
test_16529,0.7923457077489767
test_16530,0.00472847840527978
test_16531,0.9912735711047092
test_16532,0.9985463281368084
test_16533,1.5538694172823396e-06
test_16534,0.9999987706930177
test_16535,0.8154509378549479
test_16536,3.7489672458141275e-06
test_16537,0.6511400982036503
test_16538,0.9326124902705291
test_16539,0.9952738625270116
test_16540,0.10072158966023978
test_16541,0.0084683235457491
test_16542,0.4314748209151006
test_16543,0.9406560262354294
test_16544,0.21060415208542352
test_16545,0.08269540820078596
test_16546,0.9996864290892643
test_16547,0.6582685302295145
test_16548,0.4557469885948643
test_16549,0.1605215941815659
test_16550,0.9999999201507876
test_16551,0.9999992109475169
test_16552,0.999354098581379
test_16553,0.019070613386297865
test_16554,0.008264814883302439
test_16555,0.14469858551651724
test_16556,0.996858614971567
test_16557,0.9999979778902346
test_16558,0.999899570660566
test_16559,0.99999953695096
test_16560,1.6748722257333188e-06
test_16561,0.843466368062433
test_16562,0.6544626265067138
test_16563,0.00013946498725540162
test_16564,0.9998772165336576
test_16565,0.9719630025133286
test_16566,2.3021932899185503e-06
test_16567,0.9064765880033133
test_16568,0.3560952669059437
test_16569,0.0019015231120994638
test_16570,0.842363020803904
test_16571,0.9343523514455366
test_16572,0.2570073724054558
test_16573,3.2970965190235297e-06
test_16574,0.18924224182318178
test_16575,2.096104347740361e-05
test_16576,1.0734548102561963e-06
test_16577,0.0010060048974962186
test_16578,0.9879329793963949
test_16579,0.0306872536168676
test_16580,2.632865934533756e-05
test_16581,0.00010671081425678309
test_16582,0.5090992664182403
test_16583,0.9999870734610451
test_16584,0.9988492854375589
test_16585,1.0582161397562083e-05
test_16586,0.5203316138980857
test_16587,0.8307258331865719
test_16588,0.024484388925225344
test_16589,0.9558968797583998
test_16590,0.030950053402292368
test_16591,0.9999370807242297
test_16592,0.029672390321372272
test_16593,0.006745469200238619
test_16594,0.03727256079836751
test_16595,0.4967650513635593
test_16596,0.07135502220336803
test_16597,0.34113091674195445
test_16598,0.9517032545712664
test_16599,0.6280153858386678
test_16600,0.9885546149101618
test_16601,1.4374496558568333e-06
test_16602,0.9845934784465625
test_16603,0.7463964977717338
test_16604,0.9961052413624202
test_16605,7.287975326380053e-05
test_16606,0.028772866859655525
test_16607,0.09569482978276521
test_16608,0.9999963858647233
test_16609,0.9987941155946257
test_16610,0.01124644926732545
test_16611,0.4950551407712946
test_16612,0.012359727449210323
test_16613,0.99999972143312
test_16614,0.9864915564273747
test_16615,0.006567271407008377
test_16616,0.0006656798092601565
test_16617,8.054128453844737e-05
test_16618,3.382606824203535e-05
test_16619,0.0033950536751514585
test_16620,0.9999697498897784
test_16621,0.9049742363453712
test_16622,0.8064736585901274
test_16623,0.742988527555097
test_16624,0.803137729400763
test_16625,0.06683375397205217
test_16626,0.0019861046623429923
test_16627,0.00012477395475343257
test_16628,0.07462909024936876
test_16629,0.1301931136442579
test_16630,0.003164453570786581
test_16631,0.00020655959085721896
test_16632,0.7687870461139097
test_16633,1.235365712482307e-05
test_16634,0.24895401902551795
test_16635,0.04957988348251036
test_16636,0.9979569737563987
test_16637,0.09920752154973721
test_16638,0.9999498434714318
test_16639,0.9993198636608933
test_16640,0.8681198581780618
test_16641,0.5016949724139101
test_16642,0.9826398719218058
test_16643,0.9960820883016313
test_16644,0.9999559284972797
test_16645,0.9995469940011017
test_16646,0.9998308462343916
test_16647,0.9988122288059382
test_16648,0.0965780594690616
test_16649,0.8867514280587344
test_16650,0.07919691104052881
test_16651,5.762674303332541e-08
test_16652,0.00010289782471580199
test_16653,0.9999919028066224
test_16654,0.9997106735031215
test_16655,2.632850485824299e-05
test_16656,0.9145974709257504
test_16657,0.9999996860479669
test_16658,0.9119031053641607
test_16659,0.546921265411464
test_16660,0.9992705443751484
test_16661,0.0017498146343495869
test_16662,0.9342300569635961
test_16663,0.009022678371449735
test_16664,0.999993502761071
test_16665,0.00030955123919366756
test_16666,0.9999923123807531
test_16667,0.00013807837027077113
test_16668,0.9994720199729445
test_16669,2.8912327339518198e-08
test_16670,0.041340057345043466
test_16671,0.8062048311466616
test_16672,0.9999995538319255
test_16673,1.635194675375267e-05
test_16674,0.39051482921739517
test_16675,0.40310715933835467
test_16676,0.4997249841898068
test_16677,0.5572214052501743
test_16678,0.6273498171883513
test_16679,0.09746865748458572
test_16680,0.3998259128413975
test_16681,0.0004847340908463581
test_16682,0.9985928724720237
test_16683,0.12858606068165906
test_16684,0.02291637770523049
test_16685,2.112300906540257e-05
test_16686,0.004083551484808166
test_16687,0.999941316294955
test_16688,0.5585182196198822
test_16689,0.9718398706000579
test_16690,0.9764800984653834
test_16691,0.6827916421594569
test_16692,0.9994685296021253
test_16693,0.32251828685150996
test_16694,0.9796930708007107
test_16695,5.919011681860176e-05
test_16696,0.000721368383164541
test_16697,0.0010398435266779494
test_16698,0.7891959487060406
test_16699,0.009121371913964465
test_16700,0.7147471047287365
test_16701,0.010616622920959247
test_16702,0.05838681565866378
test_16703,0.9980344417628969
test_16704,0.007418953735721875
test_16705,0.9092407578439221
test_16706,0.9978063862712466
test_16707,0.5155362816811373
test_16708,0.9087764159397254
test_16709,0.9999939926836455
test_16710,4.806035037567263e-05
test_16711,0.6504183668978921
test_16712,0.4822505637669364
test_16713,0.1421913214349424
test_16714,0.0018598571622141678
test_16715,0.00014409709143247461
test_16716,0.08650263634261252
test_16717,0.5170849730053158
test_16718,0.013826049178086752
test_16719,0.5121532306224846
test_16720,6.873057727880862e-05
test_16721,0.9920680909293526
test_16722,0.9999181747925852
test_16723,0.9984809828207423
test_16724,0.12972349579140421
test_16725,0.11707952625149119
test_16726,0.004159801040452714
test_16727,0.9999807132542212
test_16728,0.003957020645170561
test_16729,0.30083672141752466
test_16730,0.7971752957750445
test_16731,0.054060761688746364
test_16732,0.2381817240434535
test_16733,8.758825634652596e-05
test_16734,0.9919348120705986
test_16735,1.1129291991484632e-05
test_16736,0.679527740727707
test_16737,0.9999776775997917
test_16738,0.8670250493954108
test_16739,0.8657643647036678
test_16740,0.9994970515419906
test_16741,0.00010581631028482395
test_16742,0.04112468886558594
test_16743,0.0001824895581924275
test_16744,0.9999361911984737
test_16745,3.6716906017372575e-06
test_16746,0.26483045952142875
test_16747,0.6067596567101823
test_16748,0.9411885743041636
test_16749,0.5616538193746041
test_16750,0.0002866949466241455
test_16751,0.999999156658112
test_16752,0.055169542854430764
test_16753,0.9999998149384991
test_16754,6.834655680456266e-06
test_16755,0.0044741774093209116
test_16756,0.9999984335918586
test_16757,0.0003595608384992138
test_16758,0.9638620268304492
test_16759,0.5083644199685697
test_16760,0.8527139253412942
test_16761,0.9999821260751474
test_16762,0.5803837999090596
test_16763,0.9065387743416299
test_16764,0.000785168174018994
test_16765,0.9029206985696026
test_16766,0.9998226750620332
test_16767,0.0028827221354586546
test_16768,0.009681408521031455
test_16769,0.6358649000464965
test_16770,0.9810432752113972
test_16771,0.5345337028927339
test_16772,0.0003506654362073676
test_16773,0.997507501419026
test_16774,0.9990437268318269
test_16775,0.0017777871879823264
test_16776,0.07317858099168459
test_16777,0.9999861333786794
test_16778,0.03763143973282634
test_16779,0.0033885625003199048
test_16780,0.9999989727876438
test_16781,0.37349694506024184
test_16782,0.9975933215393591
test_16783,0.8933538239179613
test_16784,0.9995686796171941
test_16785,0.9999952596923161
test_16786,0.05111352090858682
test_16787,0.535604763943948
test_16788,0.5183688072364919
test_16789,0.9999761989209053
test_16790,0.002381731489299407
test_16791,4.356858407178112e-05
test_16792,0.999999931058166
test_16793,0.0029400178451445586
test_16794,0.9157969597775327
test_16795,4.524134697711284e-06
test_16796,0.939680431901772
test_16797,0.06900273530977297
test_16798,0.7891255771706016
test_16799,0.9997119027211916
test_16800,0.8832635479259838
test_16801,0.9999958111082161
test_16802,0.9998891909089056
test_16803,0.01248148864077045
test_16804,0.9999988579990187
test_16805,0.8939941563795729
test_16806,0.9999360285650217
test_16807,0.9900881179213724
test_16808,2.629364289166456e-07
test_16809,0.0004399059974296507
test_16810,5.995064367358956e-06
test_16811,0.9912531524242122
test_16812,0.10084215327553384
test_16813,0.06912120146769468
test_16814,0.48406406830379706
test_16815,0.6787966369909383
test_16816,4.8421628202781046e-08
test_16817,0.9999949259314772
test_16818,0.030985039289487905
test_16819,0.9954707929800333
test_16820,0.0009543053239623291
test_16821,0.8239369674263279
test_16822,0.9017378791226177
test_16823,0.981517009960957
test_16824,0.9998995197803263
test_16825,0.8164036923494509
test_16826,0.9840397147136952
test_16827,0.020965110522813548
test_16828,0.028997575207380485
test_16829,0.078345082562962
test_16830,0.0004031596849323281
test_16831,0.999983320343701
test_16832,0.9972259567548369
test_16833,0.060145754586057976
test_16834,0.9917293012892253
test_16835,0.9998873562114663
test_16836,0.10499662916000518
test_16837,0.9427072244417375
test_16838,0.9997789969108768
test_16839,0.6658852324552932
test_16840,0.9719893477176995
test_16841,0.9276935223167243
test_16842,0.7969503064397908
test_16843,1.5746144714717214e-05
test_16844,0.9999999960919649
test_16845,1.7324015873899202e-05
test_16846,6.663999549014229e-05
test_16847,0.4981900214839968
test_16848,0.9975882086093899
test_16849,0.9961506251036757
test_16850,0.18861758407647525
test_16851,0.015355919538646857
test_16852,0.011741043541640413
test_16853,0.09668383632691212
test_16854,0.03158587081934086
test_16855,0.00018290571616456236
test_16856,0.6709672469774285
test_16857,0.9990326995702192
test_16858,0.9531462982355521
test_16859,0.0003201138267975833
test_16860,0.9989356466540233
test_16861,0.010820268179179275
test_16862,7.659726669626116e-06
test_16863,0.9999996026105825
test_16864,0.0016591785997374518
test_16865,0.00027982433132984634
test_16866,0.019750944652502093
test_16867,0.8740989979978635
test_16868,0.9729255451402178
test_16869,0.9993667151482308
test_16870,0.9801332378813086
test_16871,0.9999934385428825
test_16872,0.8929640156330022
test_16873,0.00119625552209219
test_16874,0.4204352035348332
test_16875,0.0012218979401248467
test_16876,0.8925808435865915
test_16877,3.3357100419214955e-05
test_16878,2.9889780079709888e-05
test_16879,0.8617241245113761
test_16880,0.9956823778726991
test_16881,0.010473922829909303
test_16882,0.018347362689543734
test_16883,0.9999329861257888
test_16884,0.9778943242456337
test_16885,0.08494145444555144
test_16886,0.8633058437032983
test_16887,0.9988871417287335
test_16888,0.9160170634632748
test_16889,0.9997758474750734
test_16890,0.9984675172035405
test_16891,0.4579346917221489
test_16892,0.9999253294757836
test_16893,0.8783485193574933
test_16894,0.9867585461199977
test_16895,0.006772172149646379
test_16896,0.9992020581273754
test_16897,0.03869941392160828
test_16898,0.24336092234577567
test_16899,0.14249106943825685
test_16900,0.000513666818635935
test_16901,2.0868617097731002e-05
test_16902,0.0031264692474846623
test_16903,0.9909958618021669
test_16904,0.9994001922774007
test_16905,0.00012712619680635282
test_16906,0.462622348137728
test_16907,0.9999777488938725
test_16908,0.01676583854435639
test_16909,0.9167503107827406
test_16910,0.04504331194159557
test_16911,0.13164196960820557
test_16912,0.9203406194742103
test_16913,0.483234709728006
test_16914,0.06087288720372205
test_16915,0.9999752538558445
test_16916,0.9999874508463305
test_16917,4.6642621073111214e-07
test_16918,0.6961674375871008
test_16919,0.42804153676082884
test_16920,0.8375812960243834
test_16921,0.9942414083457572
test_16922,0.1530583526815178
test_16923,0.061819313388597
test_16924,0.9751600131835668
test_16925,0.1256831391087266
test_16926,0.0008069173594642406
test_16927,0.0009729230331908584
test_16928,0.2995804412042087
test_16929,0.015648629122512983
test_16930,0.19927590722902447
test_16931,0.9998859431183942
test_16932,1.1570275571658025e-05
test_16933,0.9993028853040307
test_16934,0.8942550704228016
test_16935,0.15266848382345913
test_16936,0.9885158826497672
test_16937,0.7375731973315371
test_16938,0.06488749884472537
test_16939,0.9482623646324868
test_16940,0.9983149688367687
test_16941,0.9162927681681968
test_16942,0.023427193052398657
test_16943,0.6409195638060871
test_16944,1.0070342107534304e-06
test_16945,7.538646354692742e-07
test_16946,0.9671731924909346
test_16947,5.06306687740748e-10
test_16948,0.016266061752866573
test_16949,0.998992309500296
test_16950,0.9374411376285822
test_16951,0.7195752529800947
test_16952,0.9812905051256684
test_16953,0.9999938936972477
test_16954,0.00044780838312565594
test_16955,0.9577943634591064
test_16956,1.1029097542270655e-08
test_16957,0.4520209478326244
test_16958,0.9999781755063043
test_16959,0.3043448369239048
test_16960,0.9999999889709025
test_16961,0.15062345312882344
test_16962,0.013731175102413257
test_16963,0.9541186009939085
test_16964,0.003195772571939208
test_16965,0.6898940861210672
test_16966,5.318206280611735e-05
test_16967,0.22040405352427536
test_16968,1.3364919951843916e-05
test_16969,0.5738428825951731
test_16970,8.79224256967768e-05
test_16971,0.9696053206761273
test_16972,0.05947627470565259
test_16973,0.7694432448451776
test_16974,0.6841248846670757
test_16975,6.081461484371782e-06
test_16976,0.09464241942621505
test_16977,0.027753520566385272
test_16978,0.9985366758433549
test_16979,0.15384915416995268
test_16980,0.9977838122279512
test_16981,0.9171571528144422
test_16982,0.02117031066708743
test_16983,0.9999898390706844
test_16984,6.16847975760665e-06
test_16985,0.0016263454449603255
test_16986,0.039560529292722045
test_16987,0.005390394420446535
test_16988,0.0603810997499296
test_16989,0.3394790788922499
test_16990,0.020905259196579346
test_16991,0.18903969392555642
test_16992,0.9999987651563594
test_16993,0.1931411258808961
test_16994,0.0006481726807597728
test_16995,0.9327046673432797
test_16996,0.9544280787048262
test_16997,0.6342396269307146
test_16998,0.00012176662295143395
test_16999,0.9996772864832796
test_17000,0.8882340363845358
test_17001,0.4103766784323446
test_17002,0.9999970053926952
test_17003,2.5528306225394327e-07
test_17004,0.9999789695015002
test_17005,0.5576322922394978
test_17006,0.7460953396882981
test_17007,0.8857469091620671
test_17008,0.9108668314898342
test_17009,1.625895082128221e-08
test_17010,7.15362744016156e-06
test_17011,0.4793837747132763
test_17012,0.5847914855771358
test_17013,0.40169386554664266
test_17014,1.7177491398198383e-05
test_17015,0.49734501922046614
test_17016,0.21228059390084647
test_17017,0.6730973218335693
test_17018,0.017455822681325707
test_17019,0.006208480197712246
test_17020,0.9883731900538972
test_17021,0.9999970915994228
test_17022,0.0006163617514589472
test_17023,0.05701065809429846
test_17024,0.9992298402241092
test_17025,0.0025291097079730572
test_17026,0.11973882659606551
test_17027,0.9885035986922439
test_17028,0.999212760578098
test_17029,0.08849047350502379
test_17030,0.9978290899251274
test_17031,0.14683532535757912
test_17032,0.8904953619286057
test_17033,0.9826341079098277
test_17034,0.0003832708904250024
test_17035,0.9177118795855311
test_17036,0.9981527544130173
test_17037,0.0756193641596253
test_17038,0.9138635718506609
test_17039,0.04744524188570309
test_17040,0.11437803972959779
test_17041,0.7497662690738974
test_17042,0.027239218628797184
test_17043,0.008339326069464739
test_17044,0.26512125491820693
test_17045,0.10346070524911018
test_17046,0.9999985565268169
test_17047,0.996976536642604
test_17048,0.5608826279167831
test_17049,0.9836545751779739
test_17050,0.5126129880341519
test_17051,0.7174268426899153
test_17052,1.03217967766476e-05
test_17053,0.6212480938189843
test_17054,0.9999810001279787
test_17055,0.08396784981416348
test_17056,0.9999902517885216
test_17057,0.8789530726772409
test_17058,0.00031946532738682436
test_17059,0.00250430463482648
test_17060,0.2806977111394187
test_17061,5.860396954106477e-06
test_17062,0.9990702773438246
test_17063,0.9880761488558231
test_17064,9.789064706199275e-05
test_17065,0.51269797320398
test_17066,0.9047600638302002
test_17067,0.9855131377123527
test_17068,0.0033491230951730303
test_17069,0.9790330437390468
test_17070,0.07483574161024872
test_17071,0.995648558077125
test_17072,0.9771593749810695
test_17073,0.45959118791510906
test_17074,0.9999923958229396
test_17075,0.9673107745113183
test_17076,0.520186774384051
test_17077,0.9987891006408088
test_17078,0.4812715821225138
test_17079,0.9336724559609435
test_17080,0.6119169497427298
test_17081,0.0007492289701047014
test_17082,0.999611933972472
test_17083,0.204697446583754
test_17084,0.8189150741630009
test_17085,2.8281755438549663e-05
test_17086,0.9927195562764183
test_17087,0.9924496924346159
test_17088,0.9966717888328069
test_17089,0.07422484841608826
test_17090,0.10557369330620041
test_17091,0.038898844371157704
test_17092,0.05864031575202874
test_17093,0.5930354665025871
test_17094,0.0025788430144631
test_17095,0.988635718767643
test_17096,0.3812533843614284
test_17097,0.9998520671366163
test_17098,0.7267308551441084
test_17099,0.999143388775369
test_17100,0.018635521031526835
test_17101,0.02329443193319736
test_17102,0.9999671952831648
test_17103,2.5122554762613583e-06
test_17104,0.9818858141094338
test_17105,0.9999973425922325
test_17106,0.999946335922851
test_17107,0.023683154766935128
test_17108,0.06054827849102396
test_17109,0.8052799851047667
test_17110,0.9985409939114003
test_17111,0.9330969424492015
test_17112,0.9997232781661829
test_17113,0.8182087897345379
test_17114,0.9229086966821667
test_17115,0.73992535498757
test_17116,0.7215122959606798
test_17117,0.0036874101949001784
test_17118,0.8248715870857593
test_17119,0.9575854376755788
test_17120,0.853783525297927
test_17121,0.897131249026887
test_17122,0.9999999998436943
test_17123,8.849671330179953e-05
test_17124,0.013650974064804682
test_17125,0.9969004647881716
test_17126,0.5089093228275771
test_17127,0.45153438873061014
test_17128,0.17131544910184093
test_17129,0.9993851992866137
test_17130,0.5852218960401997
test_17131,0.0670924620975603
test_17132,0.8750954604275042
test_17133,0.13182906885576118
test_17134,2.7190760926226202e-05
test_17135,0.16684299920375567
test_17136,0.980498892055241
test_17137,0.21960493793022678
test_17138,0.4975200149954109
test_17139,0.10913215189923584
test_17140,0.35146517571855107
test_17141,0.5011650010032819
test_17142,0.9995971538888401
test_17143,0.9999998959324997
test_17144,0.00547851541597383
test_17145,2.2718601803335533e-06
test_17146,0.9999996860479669
test_17147,0.999997920366166
test_17148,0.0701930498252711
test_17149,0.434493535609979
test_17150,0.0002453029716958161
test_17151,0.9485877553176216
test_17152,0.0017917474661824592
test_17153,0.0005752909147773365
test_17154,1.909653803161733e-06
test_17155,0.00031402946253351644
test_17156,0.009372248127254224
test_17157,0.971528405460243
test_17158,0.5385574945789091
test_17159,0.0005681526633734131
test_17160,0.9922455462086909
test_17161,0.8703944240847525
test_17162,0.0002453034530248871
test_17163,0.9986852854157325
test_17164,0.9721558305549055
test_17165,0.9060290472788042
test_17166,0.0030222450231390287
test_17167,0.003949254018501805
test_17168,0.9067205888600314
test_17169,0.9999935794191154
test_17170,0.06867285167035977
test_17171,1.0845790247222986e-05
test_17172,0.9071867420244046
test_17173,0.9741049451973665
test_17174,0.9948262098145716
test_17175,0.15363801519585235
test_17176,0.05319966654119937
test_17177,0.9318400588480841
test_17178,0.41710264127187024
test_17179,0.8928038325021919
test_17180,0.9383696251379321
test_17181,0.9999991288209523
test_17182,0.0016020576557371367
test_17183,0.9706108661097279
test_17184,0.052200757272543814
test_17185,0.9999847300594673
test_17186,0.40224248664121526
test_17187,0.9293544341982929
test_17188,0.047904107134251264
test_17189,0.00011318644603248388
test_17190,0.04564140443934328
test_17191,0.04388043494171207
test_17192,0.35651251080118157
test_17193,0.20182490274396844
test_17194,0.9754639836848229
test_17195,0.00015201028168481377
test_17196,0.05736940471126307
test_17197,0.09626826790783834
test_17198,0.0005192490715839961
test_17199,0.0027039099868330255
test_17200,0.9084675588729937
test_17201,0.0005187714478034434
test_17202,0.0009533217170792686
test_17203,0.9999999969746468
test_17204,0.9124129239384339
test_17205,0.00010555367602765853
test_17206,0.9961185367232691
test_17207,0.0010837222760662236
test_17208,0.9999982596110488
test_17209,0.008665880463008107
test_17210,0.09663447617643134
test_17211,0.00796275286946208
test_17212,0.9988232471381518
test_17213,0.5700675468040879
test_17214,0.9834351515932214
test_17215,0.9999988364826734
test_17216,0.04250085004650216
test_17217,0.10583186237401036
test_17218,0.004231334990675939
test_17219,0.0017602481220535845
test_17220,0.037044437014609806
test_17221,0.14371764957437752
test_17222,0.9998847397720757
test_17223,0.021881846276369812
test_17224,3.26309226158618e-05
test_17225,0.28274434920030606
test_17226,0.07469926976775833
test_17227,0.9993915569152201
test_17228,0.9998413483514662
test_17229,0.9999992720113827
test_17230,0.9488388822986598
test_17231,0.9623777442626356
test_17232,0.0013139375869116292
test_17233,0.09147334634875745
test_17234,0.34323443227303324
test_17235,0.9993702771058
test_17236,7.757490228492204e-06
test_17237,0.999701185973162
test_17238,9.439157960048963e-05
test_17239,0.9739812980136962
test_17240,7.755509003231197e-05
test_17241,0.0036891076574805276
test_17242,0.9999395927749808
test_17243,3.9111283996969146e-07
test_17244,0.864534099565415
test_17245,0.003144805543909592
test_17246,0.10409407407457838
test_17247,0.0015047810448506195
test_17248,0.012329399887457662
test_17249,0.978685713620244
test_17250,0.0406822479727046
test_17251,0.9999599029078656
test_17252,0.9997354252402076
test_17253,0.72987885302238
test_17254,0.0030252922714084063
test_17255,0.9999341869055987
test_17256,0.03149151964808436
test_17257,0.2530627206591682
test_17258,0.4984750187098857
test_17259,0.9958767939829438
test_17260,0.0015312185554310419
test_17261,0.9999684574129805
test_17262,0.9090121778115862
test_17263,0.7006213700787386
test_17264,0.9911645338580044
test_17265,0.9999999998436943
test_17266,2.77313709082048e-06
test_17267,0.04792085838028439
test_17268,0.0025304902962169583
test_17269,0.00011779628082140113
test_17270,0.6436468948678804
test_17271,1.2252837168870277e-09
test_17272,0.9977750573166752
test_17273,0.9998207558446854
test_17274,0.47308954154169663
test_17275,0.12027767152815885
test_17276,0.9999527443258105
test_17277,0.997830110189646
test_17278,0.1141828317536653
test_17279,0.036756283206335394
test_17280,0.5310151274563251
test_17281,0.030416594567836554
test_17282,0.425581789683388
test_17283,0.0010889900000944247
test_17284,0.9991722372254153
test_17285,0.9999994215154021
test_17286,0.9990086039239449
test_17287,2.98591944606064e-06
test_17288,0.8225684797647473
test_17289,0.15149001622763353
test_17290,2.1542540129367215e-05
test_17291,0.6880932952551924
test_17292,0.9844858069037777
test_17293,0.007173466473506993
test_17294,0.89190265562038
test_17295,0.17345708423082604
test_17296,0.8503196949975257
test_17297,0.9414528766726911
test_17298,0.0029583503420333905
test_17299,0.8174290792342129
test_17300,0.07171824459841125
test_17301,0.9641789923830382
test_17302,8.993676388136732e-06
test_17303,0.061616121264291134
test_17304,0.12177855390863034
test_17305,0.5175995221808439
test_17306,0.8767801942359807
test_17307,0.9979176317853911
test_17308,0.5047749086282246
test_17309,0.014396719496619153
test_17310,0.998814252243882
test_17311,3.86654411998374e-06
test_17312,0.9994289724105878
test_17313,0.9982944868224316
test_17314,0.9993325552157165
test_17315,0.9119785936042781
test_17316,0.0003917600803328731
test_17317,0.83906749045774
test_17318,0.825189189474102
test_17319,0.9764682552529503
test_17320,0.9999983509355729
test_17321,0.9888649581339899
test_17322,0.0010389858878027266
test_17323,0.9877405340327255
test_17324,0.00011635932603982116
test_17325,0.022125651708904355
test_17326,0.9994869252316949
test_17327,0.006427853096712939
test_17328,0.34748774818078276
test_17329,0.017749794595771543
test_17330,0.007495584849949941
test_17331,0.3209370355094642
test_17332,0.8602608247443181
test_17333,0.9277583569254427
test_17334,0.050681621362304655
test_17335,0.9970029778987851
test_17336,0.6291080215354273
test_17337,0.00015346663920544015
test_17338,0.9996286321418475
test_17339,0.03622388962743521
test_17340,0.12126532015356223
test_17341,6.808365676354766e-06
test_17342,0.06981347386841862
test_17343,5.1649023249033215e-06
test_17344,0.9993437768087364
test_17345,0.9991962299831122
test_17346,0.9993955599488437
test_17347,9.13955554503119e-05
test_17348,0.999815074886247
test_17349,0.03991367613095296
test_17350,0.08898562994297658
test_17351,0.8190582058242319
test_17352,0.9999990957955687
test_17353,0.9999892864813477
test_17354,0.9922584335507626
test_17355,0.07211006980742359
test_17356,0.368249954859218
test_17357,0.8681652513168633
test_17358,0.0009709361531963452
test_17359,0.9981986055039755
test_17360,0.8595169155633496
test_17361,0.9997206936480457
test_17362,0.0001281076630505055
test_17363,0.0007243418954605531
test_17364,0.09044295197648734
test_17365,0.09687203111281076
test_17366,0.09776901118625167
test_17367,0.9996329218045849
test_17368,0.02747286005274249
test_17369,0.995184088139776
test_17370,0.6626759015191445
test_17371,0.9995807022166603
test_17372,0.5611940836957964
test_17373,0.03253396232937458
test_17374,0.8856349524708274
test_17375,0.0003729702178327516
test_17376,0.9997655529651566
test_17377,0.00018899889460486795
test_17378,0.07205906978825478
test_17379,0.7987607290792906
test_17380,0.9998541767243952
test_17381,8.28875197181309e-05
test_17382,0.8704646100060116
test_17383,0.9531011899863594
test_17384,0.8643610874894866
test_17385,0.01633032651554215
test_17386,7.322741105308249e-07
test_17387,0.9999909307289799
test_17388,2.103202642547828e-08
test_17389,0.004454528871501897
test_17390,0.7152453179705531
test_17391,0.001209970608650753
test_17392,0.0026670727735740277
test_17393,0.44035865833939053
test_17394,6.826772903664616e-05
test_17395,9.256830167357643e-05
test_17396,0.9999943921374054
test_17397,7.777932417963338e-05
test_17398,0.9930295490800858
test_17399,0.5663897926846091
test_17400,4.883685195411721e-05
test_17401,0.9988201300714248
test_17402,0.9997850008845334
test_17403,0.7277960629671605
test_17404,0.997446505188844
test_17405,0.8425582268875447
test_17406,0.017871049599891733
test_17407,0.7079144739077524
test_17408,0.00035251282831813525
test_17409,0.8008749556088548
test_17410,0.8451301851589665
test_17411,0.9999363125523512
test_17412,0.05688855678783683
test_17413,0.9813309483373955
test_17414,0.17469387900228467
test_17415,0.06103383787529865
test_17416,0.999944574882562
test_17417,0.9999877522305101
test_17418,0.07667478114169159
test_17419,0.032371964666769275
test_17420,0.9366417992465735
test_17421,0.8169630695064761
test_17422,0.46266719084704744
test_17423,0.9932430964324203
test_17424,0.06768714939438929
test_17425,0.8675176777445336
test_17426,0.9999973098352716
test_17427,0.9189938234594653
test_17428,0.13293220461931976
test_17429,0.0063318665257097095
test_17430,0.9997775401880626
test_17431,2.7454888804105295e-05
test_17432,0.05678694619123278
test_17433,0.3506255457084943
test_17434,0.21515275297760103
test_17435,0.9949916488578141
test_17436,0.00017433065988441978
test_17437,0.20598277860354977
test_17438,0.9979839541928218
test_17439,0.022356718844129524
test_17440,4.292294351443602e-06
test_17441,0.9997889805171052
test_17442,3.2066478538198e-06
test_17443,0.9999659675851784
test_17444,0.006569147719750316
test_17445,0.058944715366620715
test_17446,0.8285755026544285
test_17447,0.24672136335081135
test_17448,0.9718981845889764
test_17449,0.897592105167099
test_17450,0.8255365092793894
test_17451,0.09098103146877161
test_17452,0.0013495443547472884
test_17453,0.9999979707439717
test_17454,0.9020604741977736
test_17455,0.04887011159583591
test_17456,0.08355670668403267
test_17457,0.9356644087957734
test_17458,0.24419888545291435
test_17459,0.6510563366086328
test_17460,0.009951690546155963
test_17461,0.9999217714878822
test_17462,0.0019012859945178424
test_17463,0.0011483638652761616
test_17464,0.0020773979324108663
test_17465,0.05228916984277939
test_17466,0.3384792591625866
test_17467,0.9999840331620888
test_17468,0.9999982129834804
test_17469,0.0007390206290746998
test_17470,0.0007760276250431672
test_17471,0.9523104680832978
test_17472,0.6798164086600824
test_17473,0.9980293774798107
test_17474,0.990939607897223
test_17475,0.14921004480143238
test_17476,0.9764287264388019
test_17477,0.09620495494568902
test_17478,0.00017089289277383396
test_17479,0.005637353344692393
test_17480,0.9996885332043496
test_17481,0.621974220803207
test_17482,0.4502140084451776
test_17483,0.3018222049138763
test_17484,0.0061013036475238095
test_17485,0.9999914971453276
test_17486,0.06373750508061733
test_17487,0.5210306826811932
test_17488,0.002437449359279006
test_17489,0.9834255287621537
test_17490,0.00013189769969348603
test_17491,0.26709012383348796
test_17492,0.07682978267390839
test_17493,0.998345878958878
test_17494,0.48245040999917166
test_17495,0.004732380620370921
test_17496,0.04809635460448667
test_17497,0.020795034902552974
test_17498,0.15808781313837678
test_17499,0.9901822156833558
test_17500,4.168399829337559e-06
test_17501,0.39578223064033846
test_17502,2.5403753897127056e-05
test_17503,0.9688220976471997
test_17504,0.015540412191517066
test_17505,0.0073943409534926565
test_17506,3.3981199921607124e-06
test_17507,0.9802392686460273
test_17508,0.9999116468943866
test_17509,0.9744519665909738
test_17510,0.0002904701832107043
test_17511,0.9814031035436581
test_17512,0.1826668338304951
test_17513,0.9994255871709823
test_17514,0.9142135385349149
test_17515,0.9999970486539748
test_17516,0.07142718938243296
test_17517,0.9199748980895093
test_17518,0.004199497985364586
test_17519,5.619781614873708e-06
test_17520,0.08040867177027568
test_17521,0.9999999526678349
test_17522,0.9018257002225504
test_17523,0.0053782312513959134
test_17524,0.8152648525429813
test_17525,0.29181641460642843
test_17526,0.9999821687419994
test_17527,0.011647647201934072
test_17528,0.961343338882498
test_17529,0.0796865009852253
test_17530,0.9999765671432345
test_17531,0.02038296643917373
test_17532,0.4793638028816425
test_17533,0.9999996395555307
test_17534,0.9984128050138127
test_17535,0.8905131254796032
test_17536,0.9999852570692979
test_17537,0.3133986439782556
test_17538,0.9972543606067138
test_17539,0.569515786858145
test_17540,0.013853430869776827
test_17541,0.9996670641305672
test_17542,0.9995466613760796
test_17543,0.9999968292420472
test_17544,0.0994919864925824
test_17545,0.7862821396285925
test_17546,0.9954890517126864
test_17547,0.0013596126020307784
test_17548,0.9994760961667262
test_17549,1.7029168460194165e-07
test_17550,0.5918663352136316
test_17551,0.0002890629403753822
test_17552,0.9998965842795147
test_17553,0.0663499060282184
test_17554,0.7138485438707822
test_17555,0.23018055453534192
test_17556,0.0003781020647753875
test_17557,0.9999984210026217
test_17558,0.9999526046596863
test_17559,0.9999975900286026
test_17560,2.142557065771375e-05
test_17561,0.010918545553963245
test_17562,3.707364033338947e-08
test_17563,0.877742138746681
test_17564,0.0521509473675775
test_17565,0.0011521618330573948
test_17566,0.056947889116547384
test_17567,0.9923082917989828
test_17568,0.7027110923142917
test_17569,0.016121417628640028
test_17570,0.4949351656381348
test_17571,0.00028871155009732396
test_17572,0.9999752535563912
test_17573,0.9523727535614062
test_17574,0.0016666680585031362
test_17575,0.04364119446675586
test_17576,0.9126472576282418
test_17577,0.9942939802711578
test_17578,0.050885421995553064
test_17579,0.22655122848530942
test_17580,0.02460189896225482
test_17581,0.01229373262689024
test_17582,0.9523560530514287
test_17583,0.2226199092485835
test_17584,0.9979293043509256
test_17585,0.9927929512867435
test_17586,4.624227947576365e-08
test_17587,0.08544608693698436
test_17588,0.0519072060271864
test_17589,0.9223861009145871
test_17590,0.08324111267026342
test_17591,0.8504938407339893
test_17592,0.0311076828780014
test_17593,0.9997804487119177
test_17594,4.517143043024295e-08
test_17595,0.9944235793855012
test_17596,0.9971812937218196
test_17597,0.9246067673281657
test_17598,0.23014568737759647
test_17599,0.997977105754398
test_17600,0.5856229184765444
test_17601,0.5028999799979963
test_17602,0.45598063534501426
test_17603,0.002366776712818136
test_17604,0.002621485663769006
test_17605,4.781496526485791e-05
test_17606,6.808648871869901e-09
test_17607,0.0004501268105857568
test_17608,0.28972366772738667
test_17609,0.9929882390513035
test_17610,0.8212955437671627
test_17611,0.9999944040437132
test_17612,0.38518483166225587
test_17613,0.8669110088209214
test_17614,0.836132352618415
test_17615,0.007118352471110061
test_17616,0.9999859641504316
test_17617,3.362070591016396e-05
test_17618,1.5846430972188313e-05
test_17619,0.9722552197485169
test_17620,0.9968930451848178
test_17621,0.40121334745009957
test_17622,0.056819108199632276
test_17623,0.8190922783676294
test_17624,0.9436555029919187
test_17625,0.9999953792272879
test_17626,0.0061233766457859376
test_17627,0.7912863370664691
test_17628,0.9133435796199186
test_17629,0.9997846229220789
test_17630,0.938175337496794
test_17631,0.8076879722140665
test_17632,0.001965798207558358
test_17633,0.9999999482152193
test_17634,0.0063208421589286004
test_17635,0.5240560574588615
test_17636,0.07933838710731751
test_17637,0.00030267113279611163
test_17638,0.9509615460505864
test_17639,0.7478346709144903
test_17640,0.827632175244603
test_17641,4.614729988918608e-05
test_17642,0.9954448548111499
test_17643,0.012220569726266896
test_17644,0.8289256092185359
test_17645,0.9985337949769788
test_17646,0.8597112187547713
test_17647,5.762674303332541e-08
test_17648,0.9450198162514907
test_17649,0.12375437812499773
test_17650,0.0862525470971752
test_17651,0.986590096352838
test_17652,0.08821242034560861
test_17653,0.07837193826242608
test_17654,2.0593120168592017e-05
test_17655,1.0027379904983808e-10
test_17656,0.9530199312602936
test_17657,0.9946752751894984
test_17658,0.7155543629615402
test_17659,0.0056973576425913
test_17660,0.9995016087734863
test_17661,0.8244531749244097
test_17662,0.17658349901129522
test_17663,0.99999998677031
test_17664,1.7870165197026662e-06
test_17665,0.00010930951829791353
test_17666,0.0328497745188022
test_17667,0.9991181126596044
test_17668,0.06631822514361814
test_17669,0.559596820591225
test_17670,2.2569301234988488e-09
test_17671,0.1346832735657155
test_17672,0.9858914014585208
test_17673,0.0011000938014889292
test_17674,0.0005209172271894695
test_17675,0.9999999995994935
test_17676,0.9999494116545652
test_17677,0.9993626133958874
test_17678,1.606770853460664e-05
test_17679,0.9686555430387809
test_17680,0.0004972266677890192
test_17681,0.018361834611011905
test_17682,0.9988914055862425
test_17683,0.9809694218975911
test_17684,0.8776933489621387
test_17685,0.9991746680700787
test_17686,0.415854384433163
test_17687,0.07222199480819493
test_17688,0.00030836876274511316
test_17689,0.99999940231176
test_17690,0.05926052227378936
test_17691,0.4687605489747182
test_17692,0.8384963187389988
test_17693,0.9832123684212366
test_17694,0.9804565002302038
test_17695,0.9966663271625095
test_17696,0.9999996212902414
test_17697,0.9999746725045381
test_17698,0.05387869855692424
test_17699,0.06676450598821548
test_17700,1.4434731830970948e-06
test_17701,0.9926822036932375
test_17702,0.0836254945330392
test_17703,1.937517598907286e-05
test_17704,2.6823179802954437e-05
test_17705,1.9665149934772008e-05
test_17706,0.984909295034251
test_17707,0.004368589251087988
test_17708,0.999986283009945
test_17709,0.0026895978327786756
test_17710,0.9996243172394854
test_17711,0.0437477476799839
test_17712,0.005018024539201263
test_17713,1.3291381624520522e-05
test_17714,4.6526883792894034e-05
test_17715,0.048120798090369774
test_17716,0.00029329736786637493
test_17717,0.9738835946595759
test_17718,0.10227886722732393
test_17719,1.5152099219603011e-05
test_17720,0.034566488273264286
test_17721,0.27701029346735273
test_17722,0.013553959692766793
test_17723,0.7978348888326461
test_17724,0.9298764119600139
test_17725,0.00012724132170131072
test_17726,0.9999351725088726
test_17727,0.867560329478722
test_17728,0.7294679167521946
test_17729,0.8872400719404138
test_17730,0.9007040790833684
test_17731,0.36072668368756655
test_17732,0.9855855766419239
test_17733,0.9999936428634666
test_17734,0.02340552174554523
test_17735,0.710289276227704
test_17736,0.9999552870540769
test_17737,0.024056742798004103
test_17738,0.12307276759567905
test_17739,0.999854238633911
test_17740,6.2670183069711316e-12
test_17741,0.9697641930984805
test_17742,0.0007930272532358591
test_17743,0.9995793158559554
test_17744,0.9989293846789923
test_17745,0.0741369754415078
test_17746,0.0880103213795365
test_17747,0.16323061275533404
test_17748,0.3646167285050513
test_17749,0.9313480966907126
test_17750,0.00016868685262010392
test_17751,0.366025165104019
test_17752,0.16120999043323944
test_17753,0.7509169161580458
test_17754,0.0046775361736716954
test_17755,0.40157248585620353
test_17756,0.14951835763308519
test_17757,0.9937181117195224
test_17758,0.003079190612731388
test_17759,0.9999922145225562
test_17760,0.6002856163803842
test_17761,0.49888998406804114
test_17762,0.0004089228393209205
test_17763,0.009646315281739619
test_17764,0.059877764782334225
test_17765,0.9999966755281452
test_17766,1.6169921939493368e-06
test_17767,0.013841177125875346
test_17768,0.9999771257006818
test_17769,0.00032280612815839473
test_17770,0.9941697217063682
test_17771,0.4659744758979084
test_17772,0.9564479673739961
test_17773,0.14201638531574926
test_17774,3.379618290249404e-06
test_17775,0.20365267662572223
test_17776,0.8436952920549041
test_17777,0.008932425111344722
test_17778,0.07760978614463106
test_17779,5.264109565075071e-07
test_17780,0.9999989829017865
test_17781,1.678276848606967e-05
test_17782,0.9999595172870381
test_17783,2.0949368478211581e-07
test_17784,0.9302096034132457
test_17785,0.9995244121443883
test_17786,0.7490786916347478
test_17787,0.49429021020311936
test_17788,0.9990836441483036
test_17789,0.08604884118639686
test_17790,0.09362480401581555
test_17791,0.8930890713164953
test_17792,5.618317394787086e-05
test_17793,0.23385893286505338
test_17794,0.0009750770870634221
test_17795,0.00037517960232580377
test_17796,0.03331477945747623
test_17797,0.9994370769997816
test_17798,0.041826112754020234
test_17799,0.006020608931787955
test_17800,0.8904877722014967
test_17801,0.0006368581205954839
test_17802,0.3836540565876413
test_17803,0.07655050644105278
test_17804,0.7894180625232933
test_17805,0.9995551629302954
test_17806,0.9998510681903179
test_17807,1.2968419145963267e-06
test_17808,0.22015393016256823
test_17809,0.047457360344906656
test_17810,1.612845696830359e-05
test_17811,0.014883044676457189
test_17812,0.1313984354927618
test_17813,0.2254643559519613
test_17814,0.7374863780094297
test_17815,0.9999813721192974
test_17816,0.9783772387484093
test_17817,0.000252872385961182
test_17818,0.3705833687921001
test_17819,0.999933608748931
test_17820,1.0086967310241198e-07
test_17821,0.9994532272684507
test_17822,0.008130188078885688
test_17823,6.306488648899809e-06
test_17824,0.9976417456864108
test_17825,1.8721059059903048e-07
test_17826,0.007316800373196612
test_17827,0.8961590731826241
test_17828,0.9998210997777772
test_17829,0.6511028655198966
test_17830,0.9293389335378299
test_17831,0.0001734510087342628
test_17832,0.017259813250782748
test_17833,0.9649286989040223
test_17834,0.10239084118989943
test_17835,0.9999999998436943
test_17836,0.3891949153401443
test_17837,0.636436055439241
test_17838,0.9593067282682
test_17839,0.9999997522571565
test_17840,0.9836617275369923
test_17841,0.46210456801449024
test_17842,0.998340602345005
test_17843,0.002436637343637081
test_17844,0.0036009849853757526
test_17845,0.33381232461749627
test_17846,0.003419452592440604
test_17847,0.9979817553701358
test_17848,0.9991534217614264
test_17849,0.11666791328814217
test_17850,0.007094802721114181
test_17851,0.9648493740227083
test_17852,0.8767066356337525
test_17853,0.9999860394158481
test_17854,8.367758768506293e-05
test_17855,0.024049733514625384
test_17856,0.999999924332883
test_17857,1.15612895986582e-08
test_17858,0.8718577496323853
test_17859,0.3577651861618822
test_17860,0.06798950693757876
test_17861,0.8969797873480544
test_17862,0.9999959537332689
test_17863,0.0404209440839728
test_17864,0.05078267226223539
test_17865,0.9679815064187494
test_17866,0.019906047121762298
test_17867,0.2797513894035927
test_17868,0.10357592180571949
test_17869,0.0006832948112377472
test_17870,0.9928117269990872
test_17871,0.903970723177431
test_17872,0.030132472412361232
test_17873,0.9998722394406283
test_17874,0.0021556756553309853
test_17875,0.9999763465283489
test_17876,0.013540437072155178
test_17877,0.18688229397757758
test_17878,0.10804449103167857
test_17879,0.955028544009175
test_17880,0.04591702532269122
test_17881,0.5817708465428115
test_17882,0.014610786333604376
test_17883,0.8449024803752267
test_17884,0.9160817292723046
test_17885,0.9996465124735259
test_17886,0.0007669424846217053
test_17887,0.9999999904922281
test_17888,0.12237716557716088
test_17889,0.9999987427845749
test_17890,0.9999963379336472
test_17891,0.9996001736163829
test_17892,0.8024374943992983
test_17893,0.9999920310742834
test_17894,0.5243905052746353
test_17895,0.02329051168949624
test_17896,0.5885984069748315
test_17897,1.7282016333612704e-05
test_17898,0.9756741185198069
test_17899,0.11259734638911803
test_17900,0.9170758750363984
test_17901,0.011552090521386412
test_17902,0.11196638342821777
test_17903,0.9999999923424768
test_17904,0.9998263459183302
test_17905,0.032061351830225335
test_17906,0.9999972933321064
test_17907,0.8815448092457105
test_17908,0.17801839893028715
test_17909,0.9707969163284412
test_17910,0.00017589268087017627
test_17911,0.00022430694417064766
test_17912,0.9980611029354098
test_17913,0.8749828348533041
test_17914,0.06118618586683375
test_17915,0.908597097802607
test_17916,2.83866821411882e-07
test_17917,9.834491368744244e-05
test_17918,0.007409901887505827
test_17919,0.003370427031939952
test_17920,0.10529605114815446
test_17921,0.9990275743815769
test_17922,0.9993374356599718
test_17923,0.7123236567975175
test_17924,0.06259841065413398
test_17925,0.04437297845052109
test_17926,0.0007102391438059641
test_17927,0.4684963294115566
test_17928,0.9204678602010384
test_17929,0.08897669425176491
test_17930,0.9978670663882991
test_17931,0.9943819969534063
test_17932,0.0820115930026471
test_17933,0.9988409425820908
test_17934,1.6214491127949522e-07
test_17935,0.14369078834626947
test_17936,0.9999973343974571
test_17937,0.6030372288748858
test_17938,6.429660423662613e-05
test_17939,0.996190180049977
test_17940,0.986196266462511
test_17941,0.26087404898848354
test_17942,0.9999990669775519
test_17943,0.9882452055460624
test_17944,0.9999929802058433
test_17945,0.05159074024059485
test_17946,0.22026382796281999
test_17947,0.038176385944519935
test_17948,0.11373068311028563
test_17949,0.5012899913778983
test_17950,0.9970946713243053
test_17951,0.2449462653595327
test_17952,0.080400289438782
test_17953,0.9989396362497551
test_17954,0.058472966234403255
test_17955,0.00029161777805845846
test_17956,0.9999832584410633
test_17957,0.00011874100348739953
test_17958,0.06935083775237735
test_17959,1.997960111635682e-05
test_17960,8.559019030719878e-09
test_17961,0.5413540249623037
test_17962,0.035337406982959944
test_17963,0.9997177496401631
test_17964,0.7304193372105484
test_17965,0.9999883783299276
test_17966,0.973739256874996
test_17967,0.7956705577369324
test_17968,0.011131232185365283
test_17969,0.006532141796262293
test_17970,0.0002457069777972666
test_17971,0.9999663500952671
test_17972,0.0009860521586367338
test_17973,0.9810441390400272
test_17974,0.0007301673359408543
test_17975,0.00016399068310806413
test_17976,0.6276303646031615
test_17977,0.03910968649986988
test_17978,0.9175520941341183
test_17979,0.9884245498283688
test_17980,0.28470744581015583
test_17981,0.7139775759416525
test_17982,0.9990743142727504
test_17983,0.9737181493430802
test_17984,0.0005785631275053108
test_17985,0.04319368607423986
test_17986,0.0017131154539826753
test_17987,0.005160675349434635
test_17988,0.9916875230978565
test_17989,0.9997928487031553
test_17990,0.0020588124895869107
test_17991,0.9998348255386907
test_17992,0.9980296177679016
test_17993,0.036770532339950195
test_17994,0.036425709482241206
test_17995,6.42155367259163e-05
test_17996,0.9999707425949542
test_17997,0.003850766709911478
test_17998,0.43431582708929806
test_17999,0.5067597220789711
test_18000,0.5375917391222437
test_18001,0.01590314000898479
test_18002,0.9999998398665254
test_18003,0.9960128836959693
test_18004,0.3637999007953617
test_18005,0.7864499638045027
test_18006,0.9088285890287108
test_18007,0.9204928857571274
test_18008,0.9999952049229341
test_18009,0.9995637999743847
test_18010,0.005453979597895996
test_18011,0.9960306005766901
test_18012,0.006365002006756217
test_18013,0.8380039832369769
test_18014,6.332312618453391e-05
test_18015,2.8281595264823977e-05
test_18016,0.41653469624240475
test_18017,0.0002532827646627876
test_18018,0.15852985948809412
test_18019,0.0006336825871046084
test_18020,0.2465206455512304
test_18021,0.4594867102698672
test_18022,0.9999027643228228
test_18023,0.9997796851716001
test_18024,0.41105500293990693
test_18025,0.035983112431630146
test_18026,0.8216269329120984
test_18027,0.0007184012931104953
test_18028,0.8139145624206379
test_18029,0.4775263741221391
test_18030,0.6384492750760483
test_18031,0.9995143463631706
test_18032,0.005257850508064344
test_18033,0.8854239089633406
test_18034,0.9926642339352783
test_18035,0.6585180378989633
test_18036,0.9743948545530614
test_18037,0.4603326015357872
test_18038,0.3718705675325004
test_18039,0.9588406239778362
test_18040,0.9999998378670987
test_18041,0.9575826145630184
test_18042,0.999999998193757
test_18043,9.685394429721584e-06
test_18044,0.9983923195459923
test_18045,0.006262692326481444
test_18046,0.4645745606577715
test_18047,0.027339660318148964
test_18048,0.12175150487870355
test_18049,0.9991679750933924
test_18050,0.9530620649480904
test_18051,0.00010202010646914428
test_18052,0.0002090069820797224
test_18053,0.0036619737591887954
test_18054,0.09314838713805285
test_18055,0.997020836185636
test_18056,0.3546339091653779
test_18057,0.3210995178429068
test_18058,0.9999112634859639
test_18059,0.44835350742805613
test_18060,0.5705453750526706
test_18061,0.9999855458615257
test_18062,0.9997726751097562
test_18063,0.02870712087373894
test_18064,0.999792552523988
test_18065,0.9957425852273667
test_18066,0.07570629347719389
test_18067,0.9376314619692888
test_18068,0.027271595343949066
test_18069,0.6552138755524539
test_18070,0.9991836017493743
test_18071,0.0007896123516276762
test_18072,0.006732142968419319
test_18073,0.4398343663992315
test_18074,0.007378293812474247
test_18075,0.999999429140501
test_18076,0.9957455300021266
test_18077,1.3779788174223532e-06
test_18078,0.9999354584219902
test_18079,0.9915457681333399
test_18080,0.9989534542276493
test_18081,0.951824166930262
test_18082,0.9966518448972345
test_18083,0.9652936662743912
test_18084,0.9975359281923821
test_18085,0.12720736488297152
test_18086,0.9998663345417523
test_18087,0.007594558119091505
test_18088,0.9995581252642294
test_18089,0.08805470629170982
test_18090,0.010930471072873026
test_18091,0.9847343181933599
test_18092,0.999752430376486
test_18093,0.01703822894266973
test_18094,0.0701235880399861
test_18095,0.3486876838176185
test_18096,0.7446646228842819
test_18097,0.9999999943722888
test_18098,0.9907257160275643
test_18099,0.9999821259480859
test_18100,0.09458210045572107
test_18101,0.13813295867231606
test_18102,0.9881493380940023
test_18103,0.7052915501733747
test_18104,0.7611788373106996
test_18105,0.9999986160885974
test_18106,0.6594461777395932
test_18107,0.2682337800405354
test_18108,0.000844424313781778
test_18109,4.0692663660917284e-07
test_18110,0.9739151408972679
test_18111,0.4974250070126823
test_18112,0.30432277073597935
test_18113,0.002985208661866026
test_18114,0.8854708468429539
test_18115,0.9886985634344644
test_18116,0.9999250213397107
test_18117,0.5298533634989359
test_18118,0.00021840898688569368
test_18119,0.0610975823602219
test_18120,0.100139262284975
test_18121,0.983598889388301
test_18122,0.03444315477689047
test_18123,0.985510913991035
test_18124,0.08316393548067459
test_18125,0.9999994772422343
test_18126,0.9499235978829911
test_18127,0.08804361869601092
test_18128,0.03868872499382323
test_18129,0.0012006940121258706
test_18130,2.306319669699979e-07
test_18131,0.9996544623722665
test_18132,3.31012358710083e-07
test_18133,0.09441287147959086
test_18134,0.16983579514298172
test_18135,0.18547003063764086
test_18136,0.1929716018441368
test_18137,6.005681849365498e-08
test_18138,0.02165468733870585
test_18139,0.06700990196411073
test_18140,5.525388414608427e-08
test_18141,0.38216808986474543
test_18142,8.855105537250164e-08
test_18143,0.9983688623724346
test_18144,4.360187481349135e-05
test_18145,0.9999893358113955
test_18146,0.9997612726558134
test_18147,0.0015893449896944392
test_18148,0.02327775316566454
test_18149,0.9250437233495029
test_18150,0.9962576608259622
test_18151,0.8825159528147056
test_18152,0.9554800442852048
test_18153,8.251748054557613e-05
test_18154,0.9997679916528889
test_18155,0.9999995571942848
test_18156,0.0012807524457983794
test_18157,0.0539130953278048
test_18158,0.6086077809305727
test_18159,0.11303124408039297
test_18160,0.9094328831270546
test_18161,0.7029385464194402
test_18162,0.10005760252719938
test_18163,8.102000736736987e-09
test_18164,0.926969867295197
test_18165,0.47524516698727665
test_18166,0.11210527016385526
test_18167,0.9999981248373553
test_18168,0.9602835125237758
test_18169,0.9323354904399431
test_18170,0.9281486871476208
test_18171,0.9096833526833832
test_18172,0.06508807496693499
test_18173,0.9999994366477316
test_18174,0.9999982793827141
test_18175,0.04835495578009644
test_18176,0.9998777819050322
test_18177,0.999999563821677
test_18178,0.7801301221843951
test_18179,0.9973346343921758
test_18180,0.046035891023119634
test_18181,0.6351659362432368
test_18182,0.966171921738793
test_18183,0.8590924562869459
test_18184,0.9721525525411948
test_18185,0.9998513809632618
test_18186,3.5951650314677623e-06
test_18187,4.5177767402771596e-08
test_18188,0.00767119449931014
test_18189,0.15472022431773755
test_18190,0.9999999993747613
test_18191,0.5510859763249983
test_18192,0.9992729618049349
test_18193,0.6803708763696988
test_18194,0.007165085568392158
test_18195,0.9999448766424729
test_18196,0.9588489459024725
test_18197,0.9859190780118932
test_18198,0.449519294046178
test_18199,0.9251441855215922
test_18200,0.04124826833069472
test_18201,0.9999635960209778
test_18202,0.9151497147130457
test_18203,0.45254732938783737
test_18204,0.9786671017789884
test_18205,0.5123131376615597
test_18206,0.005571286615818047
test_18207,0.8829759296094455
test_18208,0.4487205313396942
test_18209,0.9999975115232951
test_18210,0.9868048396471283
test_18211,0.003215906296677724
test_18212,0.001919088527898766
test_18213,0.26512125491820693
test_18214,0.003963385465204084
test_18215,0.8759860292181452
test_18216,0.03138089777866193
test_18217,0.014643535916255904
test_18218,0.9999966571783576
test_18219,0.2909620887128147
test_18220,0.9999964238682516
test_18221,0.007606791825021133
test_18222,1.856268113494286e-05
test_18223,7.288731258157447e-06
test_18224,0.9481472285684571
test_18225,0.9997708858877736
test_18226,0.9970961635516427
test_18227,0.8162800172640309
test_18228,0.9999763220813223
test_18229,0.10620492840033424
test_18230,0.9999991052538557
test_18231,0.2774599160865974
test_18232,0.04217181214994551
test_18233,0.8488545050345813
test_18234,0.0724304017775882
test_18235,0.9577985976707182
test_18236,0.0007271795828886615
test_18237,0.3720939400724005
test_18238,0.9999818049476941
test_18239,0.9995569196055878
test_18240,0.5007850224902355
test_18241,0.835099781182227
test_18242,1.3642370149152957e-05
test_18243,0.0007334455626722436
test_18244,0.9994943535925496
test_18245,0.833137467570453
test_18246,0.9985938786358919
test_18247,0.3211491918155679
test_18248,0.8347019047988583
test_18249,0.0016001158413517888
test_18250,0.012584160303484379
test_18251,0.19920044665207404
test_18252,0.9998518799569628
test_18253,0.9988323850474801
test_18254,2.70687426787671e-07
test_18255,0.013311785826631384
test_18256,1.625895082128221e-08
test_18257,7.026342292266386e-08
test_18258,0.82176883967174
test_18259,0.029297702674270558
test_18260,0.9996387652170394
test_18261,0.9985906534718135
test_18262,0.00243176672539931
test_18263,0.866408454619762
test_18264,8.377088567426149e-05
test_18265,0.010473922829909303
test_18266,0.07001754544665877
test_18267,0.6067693265348199
test_18268,0.9938069593646298
test_18269,1.2572154250953579e-06
test_18270,0.9482655650973493
test_18271,0.038247995626159534
test_18272,0.024314795969561074
test_18273,0.003550208727169442
test_18274,0.001878861926587317
test_18275,0.06385757489783601
test_18276,0.006066710199453587
test_18277,9.330224480288993e-07
test_18278,8.27055198499088e-08
test_18279,0.8618349574083926
test_18280,0.9999923958229396
test_18281,4.263733428876157e-05
test_18282,0.494025205293613
test_18283,0.017543543994140248
test_18284,0.7881837237179055
test_18285,0.9999894013414748
test_18286,0.06316817388898095
test_18287,0.08617803550741676
test_18288,5.911215304817703e-05
test_18289,0.9890896149781306
test_18290,0.99978838228375
test_18291,0.08558126305183343
test_18292,0.32808995948628294
test_18293,0.5286165293122327
test_18294,0.9481264225943947
test_18295,0.9999933091542204
test_18296,0.023217936073108143
test_18297,2.9724146684715446e-05
test_18298,0.8612509955840455
test_18299,3.9077714411163425e-05
test_18300,0.7442195658989805
test_18301,0.09892832933799812
test_18302,0.020382064414801282
test_18303,0.020079840417283407
test_18304,3.224172422227891e-07
test_18305,0.8507258995121874
test_18306,0.01197675897500119
test_18307,0.08975178669574857
test_18308,0.010475759766131403
test_18309,0.5819471673664217
test_18310,0.9999990766434464
test_18311,0.001637687455633724
test_18312,0.001047750575427824
test_18313,0.9999999666835918
test_18314,0.07897045028326038
test_18315,0.004744878376323129
test_18316,0.604237112589857
test_18317,0.6002419766925728
test_18318,0.9891403536293695
test_18319,0.07897045028326038
test_18320,0.5051598963157203
test_18321,2.4568856321849214e-06
test_18322,0.9305590933056264
test_18323,0.815867459563417
test_18324,0.8903380290627736
test_18325,0.5499398067422293
test_18326,0.9998430866190713
test_18327,0.0036942066877447494
test_18328,0.010902863411654943
test_18329,0.9274554054569978
test_18330,5.373375669219646e-07
test_18331,0.9999918453921148
test_18332,0.001448141981822728
test_18333,0.12516832857389928
test_18334,0.9579675256957315
test_18335,3.54034049367811e-05
test_18336,1.074663289809309e-05
test_18337,0.9992302799574839
test_18338,0.9301499688475413
test_18339,0.11073136904736434
test_18340,0.9997740711188089
test_18341,6.344455476654792e-06
test_18342,4.413868581867013e-05
test_18343,0.9999969003084834
test_18344,0.8129025987816039
test_18345,0.03547788077499944
test_18346,1.798068947450613e-05
test_18347,0.9860381708580702
test_18348,0.07955923351598979
test_18349,0.5059797711607672
test_18350,0.9998703252820577
test_18351,0.07209044367823148
test_18352,0.42532121394757244
test_18353,0.029169328536624975
test_18354,0.237724411545494
test_18355,0.999193231979527
test_18356,0.0014149967511255172
test_18357,0.9999891542097528
test_18358,0.01965593217842238
test_18359,0.017453345376730683
test_18360,0.9968364847246695
test_18361,0.9999962120623641
test_18362,0.09770037109979199
test_18363,0.9999999007152138
test_18364,0.27824972273516346
test_18365,0.9908321716439645
test_18366,0.9933243376585023
test_18367,0.00017311322697843027
test_18368,0.9999961137218673
test_18369,0.9851162022514167
test_18370,0.9999861896699068
test_18371,0.09124400401919533
test_18372,0.5767524288322429
test_18373,0.02827916122050821
test_18374,0.9885900594396413
test_18375,0.998032995953148
test_18376,0.0595913131072942
test_18377,0.9997569524645641
test_18378,0.2633870057557475
test_18379,0.9964204432642584
test_18380,0.011298234967158415
test_18381,0.9974631467857282
test_18382,0.06533702584951555
test_18383,0.9999780102142454
test_18384,0.1777686821191829
test_18385,0.9964067226935864
test_18386,0.9982199292273366
test_18387,0.24102619655353483
test_18388,0.9995937019840921
test_18389,0.664146516088875
test_18390,0.9999359474117822
test_18391,0.0002639035835538249
test_18392,0.203849021376199
test_18393,0.4998300373603327
test_18394,0.035526048495858956
test_18395,0.032985340684895476
test_18396,0.06795166100039812
test_18397,0.9999992417743531
test_18398,0.969761884284896
test_18399,0.995721586072053
test_18400,0.014323818457515304
test_18401,0.8150614586991177
test_18402,0.9250598000178919
test_18403,0.9997990182534766
test_18404,0.9325334256166635
test_18405,0.10540506332084287
test_18406,0.5557803466691116
test_18407,0.9992783483003467
test_18408,0.9999357844632741
test_18409,0.0002517252472200348
test_18410,0.9991633933809816
test_18411,0.7864984086884952
test_18412,0.614368592095344
test_18413,0.9638633176820185
test_18414,0.04352905542507102
test_18415,8.712069164045917e-07
test_18416,0.9997838668750942
test_18417,1.993693321698796e-06
test_18418,0.8335992618349789
test_18419,0.9965317898529041
test_18420,0.4772567791947803
test_18421,0.04035372005985997
test_18422,0.6014730820280406
test_18423,0.9997019006808383
test_18424,0.999890209635797
test_18425,0.30928717354118
test_18426,0.999999905385357
test_18427,0.9048508970739609
test_18428,8.296067121513926e-07
test_18429,0.00034988902986402015
test_18430,0.8257500660612919
test_18431,0.9999901730739053
test_18432,0.043248034470219646
test_18433,0.999931983836779
test_18434,0.9998339010614291
test_18435,0.9999860016962836
test_18436,0.9994415391500993
test_18437,0.33640929997816704
test_18438,0.10074810092378966
test_18439,0.9995557128931906
test_18440,0.49017592729941856
test_18441,0.8381543076517686
test_18442,0.9989481111842946
test_18443,0.0003286952337021974
test_18444,0.00014025179932808558
test_18445,0.9969591438671561
test_18446,0.8877505974751306
test_18447,0.12161365609574906
test_18448,0.0006066330794945715
test_18449,5.048101079270601e-07
test_18450,0.6614424547982909
test_18451,0.00721298320203138
test_18452,0.45828284649279716
test_18453,0.9999023614603294
test_18454,0.0013864576272902057
test_18455,0.9998971021752842
test_18456,0.9950985496963811
test_18457,0.4404328703489324
test_18458,0.9961575799987359
test_18459,0.9964006899815235
test_18460,0.950395219721867
test_18461,0.9675321007390469
test_18462,0.7780806714980514
test_18463,0.9837204677828989
test_18464,0.9903741169494541
test_18465,9.919876021634934e-07
test_18466,0.9785308803335323
test_18467,0.011430551152047011
test_18468,0.08093449213116266
test_18469,0.04162735595556888
test_18470,0.750089501012321
test_18471,0.9445556550845419
test_18472,0.03462886627562698
test_18473,0.9999993182464282
test_18474,0.3783123716474415
test_18475,0.09261848692433584
test_18476,0.999356898445982
test_18477,0.05706157806803435
test_18478,0.03604448625476006
test_18479,0.9750056396182307
test_18480,0.5336867087753332
test_18481,0.14448591611164752
test_18482,0.026183773467633925
test_18483,0.9999996832331596
test_18484,0.9116564230219556
test_18485,0.9682355790656713
test_18486,0.27093492700695293
test_18487,0.8989019253244783
test_18488,0.5269852777073296
test_18489,0.4513556864396921
test_18490,0.9999712052806728
test_18491,1.8911918666120208e-05
test_18492,0.07674001625957527
test_18493,0.004405631271511049
test_18494,0.09947046858974785
test_18495,0.9999930334467103
test_18496,0.401567625069512
test_18497,0.8512228280112996
test_18498,0.9999937940471897
test_18499,0.000437942478802404
test_18500,0.4144358100696542
test_18501,0.9088988767507188
test_18502,0.999972518753759
test_18503,0.004057353381196197
test_18504,0.7808299648377011
test_18505,0.0718199916963177
test_18506,0.9991492624857985
test_18507,0.9961739002522793
test_18508,0.035984392304714306
test_18509,0.8920435429889186
test_18510,0.5372481676767545
test_18511,0.007105592561495789
test_18512,0.9754102717228395
test_18513,5.055245019211694e-05
test_18514,0.9409599648671159
test_18515,0.0014004877203431863
test_18516,0.997701195225962
test_18517,0.9999194587154615
test_18518,0.5449836036453959
test_18519,0.9912884558218709
test_18520,0.0051828211165704284
test_18521,0.2659196557673051
test_18522,3.309489100605261e-05
test_18523,0.4478277616947879
test_18524,0.03782089813828819
test_18525,0.06354495728571628
test_18526,0.4128325810946553
test_18527,0.1647289247486929
test_18528,0.00015852238063699084
test_18529,0.9999972933321064
test_18530,0.9499189020993831
test_18531,0.9593576998249017
test_18532,0.00043326842852185017
test_18533,0.9250175912221186
test_18534,1.923555100240457e-06
test_18535,0.0064162764870038915
test_18536,0.8999447872503625
test_18537,0.8961639768448096
test_18538,0.938114658706935
test_18539,0.004164160564866601
test_18540,0.394216020753241
test_18541,0.47961846974766
test_18542,0.0005363038733961544
test_18543,0.9943022113644369
test_18544,0.601395541376928
test_18545,0.9999979921024879
test_18546,0.9996843176501267
test_18547,0.9978486282205227
test_18548,0.9935726082053395
test_18549,0.9821716526252893
test_18550,0.9020770692060586
test_18551,0.9935433766934249
test_18552,0.001030090287169139
test_18553,0.07288189429256227
test_18554,0.9999355809680172
test_18555,0.9394482045178822
test_18556,0.9252746415539852
test_18557,0.126061099344242
test_18558,0.9067527729681336
test_18559,0.9945923833365394
test_18560,1.8138808353127334e-06
test_18561,0.461472352877435
test_18562,0.9901786763444115
test_18563,0.9997994559201443
test_18564,0.00037891089162407735
test_18565,0.8989526806126978
test_18566,0.07565776017330299
test_18567,0.9672347832565361
test_18568,0.9342040979344792
test_18569,0.8869790970940827
test_18570,0.34387334541837644
test_18571,0.04687475133960303
test_18572,0.03871144312236684
test_18573,0.9995604208134262
test_18574,0.8951813026349569
test_18575,8.327815892697921e-06
test_18576,0.03068029966995875
test_18577,0.013792221428347623
test_18578,0.9544428657403139
test_18579,0.9883985629186476
test_18580,0.009285137378959328
test_18581,8.998162449188389e-10
test_18582,0.9907793137735696
test_18583,0.014642794458602127
test_18584,0.010395059840201582
test_18585,0.0147054431903749
test_18586,0.999998272791652
test_18587,0.6884814627364333
test_18588,0.99997758198213
test_18589,0.0002622289900100103
test_18590,0.9999775581880039
test_18591,0.07351175615475385
test_18592,0.0037973753868878156
test_18593,2.777344975314009e-05
test_18594,0.0031388951247411606
test_18595,0.999098979147129
test_18596,0.9428738842736535
test_18597,0.9859750713750125
test_18598,0.9999995301434192
test_18599,0.9983027388629087
test_18600,0.9987177132092243
test_18601,0.893338856443584
test_18602,0.9979714697699965
test_18603,0.9993668466477796
test_18604,0.09291875840140314
test_18605,0.10578961932840239
test_18606,0.9999536805815643
test_18607,0.8808813494693661
test_18608,0.4411205389878336
test_18609,0.009155918508820273
test_18610,0.023626684501576758
test_18611,0.9367811825068858
test_18612,0.9999788769909346
test_18613,0.9380985892554609
test_18614,0.000715299599367276
test_18615,0.9999988579990187
test_18616,4.555158420860452e-09
test_18617,0.9994009635398785
test_18618,0.004747613618891431
test_18619,0.9999872716933619
test_18620,0.9999999719330247
test_18621,0.5606650973643136
test_18622,0.009389495352419754
test_18623,0.998128659275767
test_18624,0.1947271205353541
test_18625,0.9049579437621955
test_18626,0.040933529829952416
test_18627,0.9005319126070078
test_18628,0.003135165078391799
test_18629,0.3805019715015843
test_18630,0.9965481926668968
test_18631,0.00041865848220862137
test_18632,0.4824254289889112
test_18633,6.889921115403286e-05
test_18634,0.9984354956284812
test_18635,0.9999762482237786
test_18636,0.0005401865184440291
test_18637,0.9167524581660356
test_18638,0.001023445165613265
test_18639,0.9984935479858591
test_18640,0.9991217242947715
test_18641,0.24261993059638579
test_18642,9.721608658843714e-07
test_18643,0.00429947488702776
test_18644,0.00037921405598040917
test_18645,0.03355919571850928
test_18646,0.9560545583926529
test_18647,0.4627070184377426
test_18648,0.9999850629420215
test_18649,0.00021848471240938774
test_18650,8.37146898516146e-06
test_18651,0.8802719127904722
test_18652,0.012793746910033323
test_18653,0.00050564570734415
test_18654,0.023870007677842208
test_18655,0.5391946257762985
test_18656,0.16746847636427176
test_18657,0.02410481484378861
test_18658,1.5191289526610027e-05
test_18659,0.9970800448975176
test_18660,0.8600699305118759
test_18661,8.313376789114923e-06
test_18662,3.0253532280254713e-09
test_18663,0.7200696547875474
test_18664,0.980725804147231
test_18665,0.020956822379610683
test_18666,0.8489405319174838
test_18667,0.9895872394099184
test_18668,0.9999155288083992
test_18669,0.7875149188911277
test_18670,2.705918065091141e-05
test_18671,0.00019858366639446623
test_18672,0.05323708127956732
test_18673,0.9293156670495358
test_18674,0.051835165269454996
test_18675,0.0001210343819973606
test_18676,0.9435206308523876
test_18677,0.07832235631966228
test_18678,2.4370880570421788e-05
test_18679,0.9999533002824053
test_18680,0.9997646845451041
test_18681,0.898998555755289
test_18682,0.9591162506220136
test_18683,0.9659474724775449
test_18684,0.9999098664707264
test_18685,0.2483697919206102
test_18686,0.7752599989548634
test_18687,0.9991969785660058
test_18688,0.0009137900515604072
test_18689,0.870360736828087
test_18690,0.9260405736720019
test_18691,0.9993030244203376
test_18692,0.000202441559141493
test_18693,0.9999841938414594
test_18694,0.13694346954090497
test_18695,0.9999999666781499
test_18696,0.9322222218844433
test_18697,0.06068751130272933
test_18698,0.09715710476017247
test_18699,0.2445704450880735
test_18700,0.8911309005110355
test_18701,0.5040399070836868
test_18702,0.5026350136426168
test_18703,0.007372282366449498
test_18704,0.9712349301719267
test_18705,0.0049549412833364385
test_18706,0.955744657804095
test_18707,4.16557833660688e-07
test_18708,4.715106166857411e-05
test_18709,0.9999999022782212
test_18710,0.9966746766239123
test_18711,0.995150922039253
test_18712,0.017474007452978876
test_18713,0.9999129351533405
test_18714,0.4822156387511985
test_18715,0.9943078360583233
test_18716,0.90819451415191
test_18717,0.31989053839800974
test_18718,0.48117667281315746
test_18719,0.8190991005674458
test_18720,0.0002149235639333094
test_18721,0.9910653424810697
test_18722,0.7981751188193648
test_18723,1.3140426938636234e-06
test_18724,0.9985553349629976
test_18725,0.9815076024629831
test_18726,0.9790818516455219
test_18727,0.9808849348643524
test_18728,0.3554533165878488
test_18729,0.4357671909688609
test_18730,0.3118620463456531
test_18731,0.9999999435694665
test_18732,7.294426271613189e-08
test_18733,0.9999973588952229
test_18734,0.4677635849682778
test_18735,0.001972795902887414
test_18736,0.9994506549528992
test_18737,0.9990825220309351
test_18738,2.0638862516987755e-05
test_18739,0.8664741778703074
test_18740,0.37450616449617796
test_18741,0.006286922962872413
test_18742,0.11702669879466447
test_18743,0.9999074316983264
test_18744,0.9999468549747288
test_18745,0.9999935283899544
test_18746,0.986712853897382
test_18747,0.0003729702178327516
test_18748,0.9979302959030638
test_18749,0.9852953045598042
test_18750,0.07220628325728345
test_18751,0.38847765233349824
test_18752,0.08524794036992234
test_18753,0.9999990228864917
test_18754,0.9974334322003663
test_18755,0.5773417613645637
test_18756,0.5868645041652921
test_18757,0.0002290355840444244
test_18758,0.00010326024344358029
test_18759,0.9989304290019049
test_18760,0.15738510114481166
test_18761,0.23685040209085373
test_18762,0.9998977223922801
test_18763,0.9077542916513851
test_18764,0.999999206485854
test_18765,0.071405725163178
test_18766,1.6684207391212216e-06
test_18767,0.999992158312178
test_18768,0.39307619498649915
test_18769,0.000287745972627569
test_18770,0.4872370893224586
test_18771,0.23308963439882205
test_18772,6.795317863194327e-06
test_18773,0.5498902021248275
test_18774,0.10223750887744185
test_18775,0.04861442236424563
test_18776,0.15962229182007362
test_18777,0.02654340446652261
test_18778,0.999991290574853
test_18779,0.4115334437216845
test_18780,0.6811680867158866
test_18781,0.22641281638326613
test_18782,0.9980114684016396
test_18783,0.019665680197336197
test_18784,8.400380585924522e-05
test_18785,0.5112885451076472
test_18786,0.01708632473259908
test_18787,0.9965113891471767
test_18788,0.9999177598398777
test_18789,0.0006554147546589198
test_18790,0.0018316591644278086
test_18791,0.02226488679202797
test_18792,0.9997489284277881
test_18793,5.640372956318877e-11
test_18794,0.9999998213364821
test_18795,0.000119968933424365
test_18796,0.6421268304201163
test_18797,0.9999788305204433
test_18798,0.09451717537047004
test_18799,0.9999777727275418
test_18800,0.43668092224735183
test_18801,0.14932292599027733
test_18802,0.9793230683103289
test_18803,0.23009141643477235
test_18804,0.02069796129336512
test_18805,0.0020109158903498683
test_18806,0.9425112830991946
test_18807,0.46823711472084384
test_18808,0.1091169595158253
test_18809,3.5194483658865467e-06
test_18810,0.04754983768420076
test_18811,0.3999568445841555
test_18812,2.8821718820155407e-05
test_18813,0.9982549354604059
test_18814,0.7572407427057695
test_18815,0.18698982013088677
test_18816,0.9665301384104329
test_18817,2.77313709082048e-06
test_18818,0.0016499478292147222
test_18819,0.7436145910904557
test_18820,0.9274888967851972
test_18821,0.9925956213817309
test_18822,0.7183973106442029
test_18823,0.9999999657631058
test_18824,2.0024651233952845e-05
test_18825,0.57159419582228
test_18826,1.694836477796092e-05
test_18827,3.7392996432681342e-06
test_18828,3.7977847208197796e-06
test_18829,4.861375797555409e-06
test_18830,0.005849156005968926
test_18831,0.8640984580385881
test_18832,0.12164877405169529
test_18833,0.008965440690133178
test_18834,0.9981620674051331
test_18835,0.9093763976936425
test_18836,0.8875032172396166
test_18837,0.5914131071368219
test_18838,0.07021622087854937
test_18839,0.9926827001831867
test_18840,0.9168082014884085
test_18841,0.0004958299622982391
test_18842,0.00020427505345683034
test_18843,0.962912608240084
test_18844,0.0008965737540352289
test_18845,0.9999237831364504
test_18846,0.9871352499078471
test_18847,0.010609830013596661
test_18848,0.00991663328850176
test_18849,0.9927215422796901
test_18850,0.9553736276238858
test_18851,0.9379198849756079
test_18852,3.8075862575058377e-06
test_18853,0.05599476431673297
test_18854,0.44330836402039875
test_18855,0.0002594786173694434
test_18856,0.03143265409250938
test_18857,5.06306687740748e-10
test_18858,0.6693845560840519
test_18859,0.43798040514373454
test_18860,0.992871824493152
test_18861,0.16246678445303114
test_18862,0.16723701929762222
test_18863,0.0033163415813926536
test_18864,0.9989080185226358
test_18865,1.8206081540661606e-06
test_18866,0.08714524471966863
test_18867,0.9999269465164985
test_18868,1.2089798470287993e-05
test_18869,0.670616298763427
test_18870,0.9990852480991285
test_18871,6.243681759555109e-05
test_18872,0.8413342235466476
test_18873,0.47055557522403624
test_18874,0.09070498204046186
test_18875,0.015153707819828083
test_18876,0.9198513418867985
test_18877,0.0004530066600547109
test_18878,0.9976260196756049
test_18879,0.0002070035093446425
test_18880,0.9852310055319881
test_18881,0.999999382794063
test_18882,3.999103338448456e-10
test_18883,0.2510022503215939
test_18884,0.7309049022611815
test_18885,0.14249106943825685
test_18886,0.8394593002626091
test_18887,0.46809752918354436
test_18888,0.02061301142621059
test_18889,1.4495093347728212e-06
test_18890,0.0027615595503773832
test_18891,0.003315699716971451
test_18892,0.9999995571942848
test_18893,0.9674612379656178
test_18894,0.9998869223213991
test_18895,0.9965681493313951
test_18896,0.9901993250061182
test_18897,0.9991601790241874
test_18898,0.9381557145346645
test_18899,0.05355320416659873
test_18900,0.03945630690118062
test_18901,0.9941187171693245
test_18902,0.8786645105816281
test_18903,0.006223485767738888
test_18904,0.13396631982760696
test_18905,0.23325745163797873
test_18906,0.11330811014385025
test_18907,4.354893593503649e-06
test_18908,0.42441679605124805
test_18909,0.683519171473676
test_18910,0.00024168327808411267
test_18911,0.09421836437804185
test_18912,0.9979606634518211
test_18913,0.08691383150285655
test_18914,0.006671878521264728
test_18915,0.3445728977797681
test_18916,8.75398301610687e-06
test_18917,0.006449657807548533
test_18918,0.9999999935982822
test_18919,0.9998833646563792
test_18920,0.0013796716780242596
test_18921,0.9998621018458572
test_18922,0.00012932579611737126
test_18923,0.9108690710736506
test_18924,0.001073752571741372
test_18925,0.0026961738895035243
test_18926,5.47850444020925e-05
test_18927,0.8203739811745864
test_18928,0.000904364274386825
test_18929,0.08800366813667405
test_18930,0.9999878752209149
test_18931,0.9999909609509403
test_18932,0.002429872504288212
test_18933,0.4019026191707899
test_18934,0.9992946616475435
test_18935,0.32178149174003906
test_18936,0.004480609757748628
test_18937,0.9607003818276206
test_18938,0.0001336654582476518
test_18939,0.009742994080136826
test_18940,0.010924823565688946
test_18941,0.9805235974681209
test_18942,0.02592540742109597
test_18943,0.004216314818530871
test_18944,3.8259123743530404e-05
test_18945,0.9999808459775104
test_18946,0.017849276663357505
test_18947,0.9999891542097528
test_18948,0.2056902747660397
test_18949,0.8585312817565047
test_18950,0.22404745403909915
test_18951,0.00020515832340583848
test_18952,0.9952006247339975
test_18953,0.32545378630498417
test_18954,0.999933193994885
test_18955,0.23569544254815492
test_18956,0.00541182549317846
test_18957,0.9999932570587602
test_18958,0.9999519396496244
test_18959,0.0006284069298991501
test_18960,0.5003600120077827
test_18961,0.06393769915404549
test_18962,0.005442158655137076
test_18963,0.015378904967419851
test_18964,0.00022100308912315878
test_18965,0.05511302763075361
test_18966,0.9775771377994023
test_18967,0.9999986160885974
test_18968,0.9998468509758348
test_18969,0.99999844609334
test_18970,0.0005231859220215051
test_18971,0.9988416702602311
test_18972,0.001388659167212669
test_18973,0.949611340259224
test_18974,0.99999844609334
test_18975,0.9236427979361556
test_18976,0.9854263878537259
test_18977,0.9920199631162544
test_18978,0.5522069400752588
test_18979,0.9999892369383141
test_18980,0.9994153717108979
test_18981,0.003788058785118604
test_18982,0.02964626012469769
test_18983,0.8692855032254732
test_18984,0.9535540721635872
test_18985,0.7175893963955498
test_18986,0.47795569301845037
test_18987,0.9887228770403145
test_18988,0.913275420413579
test_18989,0.9999710422814378
test_18990,0.9999634433593529
test_18991,0.999999110048821
test_18992,0.05715500271509394
test_18993,0.9999976519516264
test_18994,0.5208709442712971
test_18995,0.996241880612037
test_18996,1.0451619592250531e-05
test_18997,5.599356611537243e-05
test_18998,0.9999815024031572
test_18999,0.018871794025770598
test_19000,0.8409323918778823
test_19001,0.021819495138913615
test_19002,0.0006815071505086227
test_19003,0.0008153413389932522
test_19004,0.5807661805365517
test_19005,0.001604867734485647
test_19006,0.9980366122740159
test_19007,0.05239863954621419
test_19008,0.41454823003337155
test_19009,0.000552046789849571
test_19010,0.7446932080664287
test_19011,0.9999993749132035
test_19012,0.0026152914382869016
test_19013,0.02099277381846456
test_19014,0.999392590558811
test_19015,0.018703464841353292
test_19016,0.9999972850615372
test_19017,0.10251748585659616
test_19018,0.0002044218369791571
test_19019,0.999880534529225
test_19020,0.04525046377970756
test_19021,1.7140388564067714e-06
test_19022,0.9911166832637509
test_19023,0.0003101887171840685
test_19024,0.6723605917389048
test_19025,0.9999202787749434
test_19026,0.8841841600596974
test_19027,0.1909123444789623
test_19028,0.11604952655049727
test_19029,0.9716457275614435
test_19030,2.3267428655141967e-08
test_19031,0.9999970053926952
test_19032,0.0029610623303787877
test_19033,0.9999990080123978
test_19034,0.9192403137674001
test_19035,0.07168108554124239
test_19036,0.6042661413915092
test_19037,0.9909204363258646
test_19038,4.7675507772784405e-07
test_19039,0.05217986072827084
test_19040,0.99993586596381
test_19041,0.857241506581934
test_19042,0.9999999969746468
test_19043,0.9761996663319795
test_19044,0.03580700007567409
test_19045,1.711490500615415e-05
test_19046,0.999539083352852
test_19047,0.9955023395448906
test_19048,0.9986951746593488
test_19049,0.999915481941427
test_19050,0.9240953483561579
test_19051,0.3158930543563893
test_19052,0.4701865541189401
test_19053,0.990673080389686
test_19054,0.006601097056585005
test_19055,0.9999967934057044
test_19056,0.1993801299748503
test_19057,0.9999954007553745
test_19058,0.01725981814318396
test_19059,1.1984954131722023e-05
test_19060,0.013203565745073515
test_19061,0.5077645567317387
test_19062,0.4999399781229274
test_19063,0.9899773754992139
test_19064,0.006375143174112312
test_19065,0.09001706471824185
test_19066,3.351960780505511e-06
test_19067,0.9491651727213375
test_19068,0.9867149633128373
test_19069,0.0007766147342872997
test_19070,0.6409994865629629
test_19071,0.39794079352685224
test_19072,0.16464496181926014
test_19073,0.9986887805539144
test_19074,0.9995737466343017
test_19075,0.9966373281009325
test_19076,0.9999509858098673
test_19077,0.00024895135677496875
test_19078,0.0008713868935477054
test_19079,0.5982478863626534
test_19080,0.014702447873397825
test_19081,0.9999957076436486
test_19082,0.7214825513297208
test_19083,0.34513385702205773
test_19084,0.9952695707115684
test_19085,0.0023433830335936475
test_19086,0.00538577985298232
test_19087,0.0781551740986902
test_19088,0.00013874043213753972
test_19089,0.42512943574163814
test_19090,0.0067140769922472985
test_19091,0.9999616153663043
test_19092,0.8901627930648939
test_19093,0.08711217001362366
test_19094,6.940167104394886e-06
test_19095,0.0002225362565069875
test_19096,0.9999999972422325
test_19097,0.10943867230464145
test_19098,0.4666122984798039
test_19099,0.9727823571994918
test_19100,0.08108211295872793
test_19101,0.9999895319859655
test_19102,0.00015062360235561722
test_19103,0.0014893697544183693
test_19104,0.0011215908453491063
test_19105,0.9861674722839207
test_19106,3.980886461131323e-05
test_19107,0.999999713456474
test_19108,0.04652820967491451
test_19109,0.286771332037744
test_19110,0.06615251984135284
test_19111,0.001305405619906178
test_19112,0.9999515873043059
test_19113,0.4982800236563071
test_19114,0.0005085885032034032
test_19115,0.10618002851494855
test_19116,0.9637131914957107
test_19117,8.701754910805801e-05
test_19118,1.1365742961790106e-05
test_19119,0.5431891588405433
test_19120,0.040669846384033786
test_19121,0.9865107270229784
test_19122,0.9997480288498429
test_19123,0.9801046662393714
test_19124,0.00027338160949827206
test_19125,0.9205824855748534
test_19126,0.9973235314059168
test_19127,0.25143151517854007
test_19128,0.49700003582100627
test_19129,1.78100706858353e-05
test_19130,0.9999857366774277
test_19131,0.9276601011750755
test_19132,0.32098215281405296
test_19133,0.00013886189597605664
test_19134,0.14605073185310086
test_19135,0.0029301252299628487
test_19136,0.9057260813486332
test_19137,0.9970758600653994
test_19138,0.0029752366406796075
test_19139,0.23621362236516086
test_19140,0.9290789326006276
test_19141,0.12106310299648028
test_19142,0.9744166660014945
test_19143,0.016213801584947368
test_19144,0.855950825282785
test_19145,0.9999023617606173
test_19146,0.9995868588069823
test_19147,0.9999592915267653
test_19148,0.851384222106528
test_19149,0.9965163316048028
test_19150,0.33379858831132797
test_19151,1.3960584151931996e-05
test_19152,0.9849130863767193
test_19153,0.6171754120428898
test_19154,0.3522167489018709
test_19155,0.9999807132542212
test_19156,0.4504423188220509
test_19157,0.999665264503217
test_19158,0.898321058454763
test_19159,0.9999722265502469
test_19160,0.0010847759919634242
test_19161,0.04827836163271885
test_19162,0.0007459129688917866
test_19163,0.9999840530818684
test_19164,0.048511462950393214
test_19165,0.036482404172906165
test_19166,0.8524291358508798
test_19167,0.5632054532633026
test_19168,0.9991825441167311
test_19169,6.2670183069711316e-12
test_19170,0.9999998573815686
test_19171,0.9641394584624544
test_19172,0.8984689021907685
test_19173,0.9995161852316933
test_19174,0.9268946755300521
test_19175,0.4884415515665709
test_19176,0.07868015659655857
test_19177,0.9992709717355085
test_19178,0.9088716629596869
test_19179,0.2168632181322034
test_19180,4.63887270971674e-05
test_19181,0.420562701849271
test_19182,2.4820423729040344e-08
test_19183,0.9136663528526423
test_19184,0.9949415600796659
test_19185,0.9999980834018675
test_19186,0.45669153070794866
test_19187,0.9811282059742295
test_19188,0.7976320621953388
test_19189,0.9925089654004234
test_19190,0.8942426519997362
test_19191,0.04389055524718778
test_19192,0.9974592693745555
test_19193,0.11325113332983144
test_19194,2.565898817072488e-05
test_19195,8.298064489019105e-05
test_19196,0.988524282053607
test_19197,0.00021840898688569368
test_19198,0.9222299300235791
test_19199,0.00222932715331167
test_19200,0.999986855299699
test_19201,0.9930266364294367
test_19202,0.9527197022488164
test_19203,0.9999998791632189
test_19204,0.8910019553107983
test_19205,0.07422883767550578
test_19206,0.9999899192180874
test_19207,0.08571657077470057
test_19208,0.999998305581743
test_19209,0.9973990403929128
test_19210,0.23027749894439198
test_19211,4.0000835713880405e-05
test_19212,0.9854649828940677
test_19213,0.8806196156832992
test_19214,3.2425788788134374e-06
test_19215,1.538835968296819e-05
test_19216,0.18917587818034357
test_19217,0.9998339010614291
test_19218,0.0006559536543714902
test_19219,0.3531277916600328
test_19220,0.6389955511270046
test_19221,0.9996891731269804
test_19222,0.9761349739505942
test_19223,0.9994857407750131
test_19224,1.474304601078189e-05
test_19225,0.00011735356241961954
test_19226,0.8185297244857918
test_19227,0.40702784074957726
test_19228,0.9992419410383584
test_19229,4.2960096643195434e-07
test_19230,0.07742100523885452
test_19231,0.883205517660812
test_19232,0.9985675666967223
test_19233,0.9439246391946049
test_19234,0.00019069748872976391
test_19235,0.00030483536401249017
test_19236,0.017218804704324044
test_19237,3.8416043690120484e-05
test_19238,0.08607732180856233
test_19239,0.8912445925087283
test_19240,0.9485829730674593
test_19241,0.5504906133266154
test_19242,0.8467402992439317
test_19243,0.31892645292871247
test_19244,0.9584396963232154
test_19245,0.9999289321044873
test_19246,0.9371441429606365
test_19247,3.1396875078820806e-07
test_19248,0.9999995403765416
test_19249,1.002035957424231e-06
test_19250,0.9999987427845749
test_19251,0.9994279708537839
test_19252,7.248018295690852e-06
test_19253,0.04072636223943492
test_19254,0.9897628407449074
test_19255,0.4607058496458141
test_19256,0.9230231947301933
test_19257,1.381044166792476e-05
test_19258,0.03954969502228065
test_19259,5.59175426165159e-05
test_19260,0.6371578537926451
test_19261,0.5590477078393217
test_19262,0.8058932842284362
test_19263,0.08803695067496137
test_19264,0.3605242750609042
test_19265,0.5175445580611202
test_19266,0.0035425592055315304
test_19267,0.9969896210003262
test_19268,0.9557403065776818
test_19269,0.0014635301827352531
test_19270,0.0002207732422538158
test_19271,2.8912904863514867e-06
test_19272,0.9985276095541428
test_19273,0.9963545924607713
test_19274,0.00034159749445301815
test_19275,0.0325748452733321
test_19276,0.9998249234244093
test_19277,0.0010405297031248833
test_19278,0.004947336397950248
test_19279,0.49223544326826135
test_19280,0.9809937650959644
test_19281,0.2876245753758561
test_19282,0.01338727644917202
test_19283,0.39465577279358427
test_19284,0.7622834567292447
test_19285,0.29840086108604014
test_19286,0.0006688029402293647
test_19287,0.9552816644210251
test_19288,0.06653832937773763
test_19289,1.2434520072036029e-07
test_19290,0.9999999873400541
test_19291,0.09183737721987115
test_19292,0.4724310089164424
test_19293,0.0003360643035330359
test_19294,0.9997241369175502
test_19295,0.9888408189053086
test_19296,0.9213467642651996
test_19297,0.0005443289395790351
test_19298,0.9975717502451422
test_19299,0.46847137008174833
test_19300,0.00010861689919237719
test_19301,0.6807312818960013
test_19302,0.9997633384169615
test_19303,0.9999441204494821
test_19304,0.9998919144537761
test_19305,0.04486161065930509
test_19306,0.9999980485741403
test_19307,0.9994539606417118
test_19308,0.9999852183000109
test_19309,0.12952416569676314
test_19310,3.594757169987086e-05
test_19311,1.0407712079909313e-07
test_19312,0.41944954617036484
test_19313,0.000520917938242067
test_19314,0.09922901889841262
test_19315,0.9999980485323919
test_19316,0.9988219639137887
test_19317,0.08867763414149014
test_19318,0.972001419493769
test_19319,0.04451121336351314
test_19320,0.9004745117859667
test_19321,0.045228402799479255
test_19322,0.226524298878845
test_19323,0.9999805133689227
test_19324,0.009308019138252068
test_19325,1.7561201356480925e-08
test_19326,0.0011366411598570318
test_19327,0.904571273567111
test_19328,0.0866893884904157
test_19329,0.12551505567068072
test_19330,0.8946073151287063
test_19331,0.021565529646708857
test_19332,0.9946577551415439
test_19333,0.00016524124966711177
test_19334,0.01880003789373916
test_19335,0.00015852276528280064
test_19336,0.06282701312033064
test_19337,0.006391765251192457
test_19338,0.9994394348889759
test_19339,0.0006158416926152048
test_19340,0.9550182869449546
test_19341,0.0002656679230008975
test_19342,0.9998981861470773
test_19343,0.9999942966438181
test_19344,0.0016772744961115293
test_19345,0.9999966571783576
test_19346,0.4706054239109333
test_19347,0.00021042167520788355
test_19348,0.00017082574240487043
test_19349,0.04594078862082984
test_19350,0.019853376100370006
test_19351,0.004825373581501215
test_19352,0.9956037376291205
test_19353,0.00013336987893290347
test_19354,0.9999990621256948
test_19355,7.388150893155081e-05
test_19356,0.27986216428509725
test_19357,0.7979579993018546
test_19358,0.9447589196196252
test_19359,0.9341057741441763
test_19360,0.10491257472180464
test_19361,0.0002739794915111151
test_19362,0.0007905011786311748
test_19363,0.014890571922922867
test_19364,0.8860407839370759
test_19365,0.027129300339041675
test_19366,0.32808995948628294
test_19367,0.5058148027189617
test_19368,0.8610579887442434
test_19369,0.7258157033803163
test_19370,0.010781604115994057
test_19371,0.04602994412503683
test_19372,0.007983182582607965
test_19373,0.2914693572528384
test_19374,0.999997780770685
test_19375,0.07213559573418762
test_19376,0.999976297475043
test_19377,0.9999999609724536
test_19378,0.9588975001601666
test_19379,0.0378657227273388
test_19380,0.9618991022809061
test_19381,0.7091506112602176
test_19382,3.601269360615232e-09
test_19383,0.999965195826316
test_19384,0.99999943287786
test_19385,0.9999927924191561
test_19386,0.1531698552169202
test_19387,0.29520106063256435
test_19388,0.904010517326329
test_19389,0.47486589683805175
test_19390,0.9999997572064125
test_19391,0.8770360636133374
test_19392,0.0015895590503735967
test_19393,0.9937062086349328
test_19394,0.9809642004909065
test_19395,0.0034886108528232296
test_19396,0.9998953355463489
test_19397,0.10654136519698518
test_19398,0.005475973491377173
test_19399,0.18942741178358416
test_19400,0.06097190588833137
test_19401,0.9969798841460796
test_19402,0.31387270994070365
test_19403,0.10597851188061343
test_19404,0.017498822071656938
test_19405,0.9870217237205556
test_19406,0.9998971539844496
test_19407,0.0706998388713753
test_19408,0.7357797126940235
test_19409,0.0028525338001450596
test_19410,0.030542490406298188
test_19411,1.3254525152496236e-05
test_19412,0.31300527883375817
test_19413,0.9355619529795751
test_19414,0.06927616454339519
test_19415,0.5104588747852272
test_19416,0.9124372673860992
test_19417,0.1067610238891633
test_19418,2.4771454423155745e-05
test_19419,0.976294032177773
test_19420,0.09713114734023735
test_19421,0.8073812655476955
test_19422,0.9997422638824669
test_19423,0.7225909968999238
test_19424,0.38427766986375217
test_19425,1.6433566882872814e-05
test_19426,0.006605329372672256
test_19427,0.00017732493796683248
test_19428,0.9999984210401646
test_19429,0.9996674421523619
test_19430,0.6233011886356964
test_19431,0.9742063222606923
test_19432,0.9242067154873711
test_19433,0.032409121374843176
test_19434,0.9984772008720587
test_19435,0.9999999830961958
test_19436,0.9366526606559341
test_19437,0.9272918028076426
test_19438,1.107920620164855e-05
test_19439,0.41653469624240475
test_19440,0.23657515484039274
test_19441,0.953531638135874
test_19442,0.3586480880994806
test_19443,1.3623858018010045e-05
test_19444,0.0008458070761909004
test_19445,6.83100363880548e-05
test_19446,0.9999782696963877
test_19447,1.0614875394228108e-05
test_19448,0.9999035669046445
test_19449,0.9999998497236895
test_19450,0.7482402130111682
test_19451,0.9974406696167819
test_19452,0.9999937186838866
test_19453,0.6141524366852781
test_19454,0.9497134690802769
test_19455,0.008882200857174671
test_19456,0.028742775932992903
test_19457,0.9999776775997917
test_19458,0.8490603650683436
test_19459,0.9897198599484894
test_19460,0.001897498510379168
test_19461,0.0013584255445440363
test_19462,0.6936157118760329
test_19463,0.3212259421210931
test_19464,0.1382788143619376
test_19465,0.029600851668693796
test_19466,0.48017280528470047
test_19467,0.9242431400942819
test_19468,0.9412767638096292
test_19469,0.9999984020618198
test_19470,0.013613122695362016
test_19471,3.19760289293959e-06
test_19472,0.999997876779237
test_19473,0.9991555756862183
test_19474,0.7972442168627892
test_19475,0.999919092934581
test_19476,0.9356589259581731
test_19477,0.2951661762106076
test_19478,0.45222454713174914
test_19479,0.9999990129730489
test_19480,0.999183600849568
test_19481,0.9998774429095812
test_19482,0.06980578091678197
test_19483,0.991237122694146
test_19484,0.933616536684492
test_19485,0.8920737121884929
test_19486,0.005127147515419999
test_19487,0.954683287169349
test_19488,0.999171173680406
test_19489,0.5173847255977064
test_19490,0.08830134251343258
test_19491,0.7323884107386385
test_19492,0.06002655657672426
test_19493,0.9998750548072709
test_19494,0.22698978238742248
test_19495,0.9998500044881165
test_19496,0.6493558057768054
test_19497,0.0016708612704925603
test_19498,0.9948249775093937
test_19499,0.9524713893296114
test_19500,1.9198124411875616e-05
test_19501,0.9967410772099196
test_19502,0.052824917294411536
test_19503,0.63380933388439
test_19504,0.3837787564441452
test_19505,0.9999987202114965
test_19506,0.3997919821654872
test_19507,0.9649551136851284
test_19508,0.9999956973454255
test_19509,0.9470584483460789
test_19510,0.9999775581880039
test_19511,0.8882263213558969
test_19512,0.9815648492999304
test_19513,0.737651771652847
test_19514,0.9992093493052482
test_19515,2.112300906540257e-05
test_19516,0.9040690181386934
test_19517,0.019095010840765477
test_19518,0.8872168167993777
test_19519,0.9669891964108162
test_19520,0.502134969039734
test_19521,0.9363206632065156
test_19522,0.10916506056121134
test_19523,0.2051278399644755
test_19524,0.3996125430438781
test_19525,0.08740576075668587
test_19526,0.10877053916796545
test_19527,0.829506018562275
test_19528,5.6317133478068176e-06
test_19529,0.21892444914926254
test_19530,0.05563468043439559
test_19531,0.008588074106869997
test_19532,0.9765531033032321
test_19533,0.0510088910534649
test_19534,0.9903256180939122
test_19535,0.19225565792040752
test_19536,0.5413590060475063
test_19537,4.135733817934444e-05
test_19538,0.9124748557225327
test_19539,0.9999997882063015
test_19540,0.3493301274955908
test_19541,0.5820794414998394
test_19542,0.983625155278741
test_19543,0.010133472197080924
test_19544,0.9947574524646172
test_19545,0.9998255336201783
test_19546,0.9999571639135405
test_19547,8.177883214572893e-05
test_19548,0.9999927789794795
test_19549,1.8939805925562696e-07
test_19550,6.497238928987768e-06
test_19551,0.9265120815584639
test_19552,0.999945888857495
test_19553,0.01547107692932841
test_19554,0.3578309151357713
test_19555,0.9422790173165347
test_19556,0.5195175509282165
test_19557,0.015883593693323143
test_19558,0.000595450196767056
test_19559,0.01653922912582114
test_19560,0.9916939576116903
test_19561,0.998121607836076
test_19562,0.9643584281859615
test_19563,0.92637699327385
test_19564,0.0016679923811850795
test_19565,0.7478265457156232
test_19566,0.017467394405320726
test_19567,0.5962222173863596
test_19568,0.38675094046382785
test_19569,0.046543181279857376
test_19570,0.9631957842738361
test_19571,0.662128441604323
test_19572,0.9481280254387239
test_19573,0.9970593812572257
test_19574,0.0004816368115003922
test_19575,0.0003918630883763667
test_19576,0.9998283683614372
test_19577,0.7862150349346224
test_19578,0.9986926575831566
test_19579,0.00029596049977410985
test_19580,5.351554712622701e-05
test_19581,0.5460866814951443
test_19582,0.8756165524359807
test_19583,6.252387077148945e-10
test_19584,0.10016086849254884
test_19585,0.9926642309580777
test_19586,0.9759011995615463
test_19587,0.239900623002057
test_19588,0.9999970916504209
test_19589,2.892328049235176e-07
test_19590,0.9612939025870613
test_19591,0.9972277009545233
test_19592,0.901552557389571
test_19593,0.25341233622473086
test_19594,0.07774129547129159
test_19595,3.686348305629621e-05
test_19596,0.9493278393214395
test_19597,0.005440893607732412
test_19598,0.0005400655079491332
test_19599,0.9772794809704092
test_19600,0.0017720817266732411
test_19601,0.0014454835996953249
test_19602,0.00011275201966369676
test_19603,0.9995961093961406
test_19604,0.933291611732097
test_19605,0.05189759511215631
test_19606,0.9976566185467497
test_19607,0.03624442409442974
test_19608,0.0016363748010642346
test_19609,0.028486002954372747
test_19610,0.994111663155964
test_19611,0.9998693327832087
test_19612,0.08911080088666797
test_19613,0.9999999727658301
test_19614,0.4788494933046637
test_19615,0.9775896143567124
test_19616,2.8551011685308054e-05
test_19617,0.03375305292165191
test_19618,0.7898693205480608
test_19619,0.9996000695132037
test_19620,0.49164061556739225
test_19621,0.0004451665620800348
test_19622,4.715106166857411e-05
test_19623,0.05081111464106884
test_19624,0.19014105641429357
test_19625,0.9996305301509534
test_19626,0.0018760386950455205
test_19627,2.4846863474454135e-05
test_19628,0.999434589269301
test_19629,0.005531604638072646
test_19630,0.9443636458110803
test_19631,0.6187992911610868
test_19632,0.9887452529800002
test_19633,0.992745391717601
test_19634,0.4510578110217224
test_19635,0.9999837701599248
test_19636,0.9087696141062578
test_19637,0.8293082650011401
test_19638,0.9016761336649343
test_19639,0.6493464674958183
test_19640,3.856666645402348e-06
test_19641,0.14940842944876276
test_19642,6.175674112017318e-05
test_19643,7.669593228616866e-07
test_19644,2.804025578511765e-05
test_19645,0.2676199477096562
test_19646,0.10350235009343672
test_19647,0.99999972143312
test_19648,0.04887783645061604
test_19649,0.9090438876695079
test_19650,0.002891040091154965
test_19651,9.820491667559681e-07
test_19652,5.671221400433631e-07
test_19653,0.50615478086915
test_19654,0.006956389097820866
test_19655,0.0027260238870571493
test_19656,0.6671447272907336
test_19657,4.666524867375794e-05
test_19658,0.08498054355549153
test_19659,0.9779047956694055
test_19660,0.8326260560280656
test_19661,0.0011809711805152456
test_19662,0.9465512198974821
test_19663,0.16890364963958357
test_19664,0.18835968841529943
test_19665,0.9280507365755181
test_19666,0.9999984523438354
test_19667,0.9813498620759494
test_19668,5.340434186766952e-05
test_19669,0.014992330293869701
test_19670,0.9988599390240968
test_19671,0.22557175569347698
test_19672,0.9988990211301341
test_19673,0.020910776271364073
test_19674,0.0053305628994606
test_19675,0.641868622854572
test_19676,0.9783283892999656
test_19677,0.9797292142284308
test_19678,1.1153806436215684e-06
test_19679,0.8585017219036882
test_19680,0.8436764778102611
test_19681,0.2244146404780145
test_19682,2.509926394335967e-05
test_19683,0.9995258905767868
test_19684,0.0001761650131590305
test_19685,0.9992966174769394
test_19686,0.9996969682679553
test_19687,8.433693070187634e-07
test_19688,0.8818132666869757
test_19689,0.9872028111559463
test_19690,0.013682452285653844
test_19691,0.9863146889937744
test_19692,0.9315668079296872
test_19693,0.6300478679360028
test_19694,0.9956250587848926
test_19695,0.5178743081951553
test_19696,0.9326087212461281
test_19697,0.21027115186891712
test_19698,0.8815341546384439
test_19699,0.9999999069109909
test_19700,0.48400909527888847
test_19701,0.10897529621834906
test_19702,0.11213102012430971
test_19703,3.601269360615232e-09
test_19704,0.9212100397572588
test_19705,0.00027116607910565826
test_19706,2.0363722824653126e-06
test_19707,0.9884271424003174
test_19708,0.9889289637597308
test_19709,0.005557188173779732
test_19710,0.9999995471292532
test_19711,0.00018436693081058683
test_19712,0.5945006370610527
test_19713,0.9658349003514713
test_19714,0.0003785060650468262
test_19715,0.00038327028425193184
test_19716,0.001366545570939005
test_19717,0.9667254402840727
test_19718,0.9999168340520351
test_19719,0.9997416008336794
test_19720,0.999987962629108
test_19721,0.8902136024899034
test_19722,5.958164507586839e-06
test_19723,0.9154336763734693
test_19724,0.0013318728353946853
test_19725,0.9995018422156137
test_19726,0.9999999284024342
test_19727,0.10077944575171234
test_19728,0.9996848689284233
test_19729,0.10122133438450552
test_19730,0.23229441362454498
test_19731,0.07851457424591095
test_19732,0.9998874104685993
test_19733,0.08872223900742295
test_19734,0.9596997499946428
test_19735,0.9744010857709886
test_19736,0.9991232917668996
test_19737,0.33184894040531115
test_19738,0.912069536775569
test_19739,0.00329682018929124
test_19740,0.9981399085183911
test_19741,0.9999746725045381
test_19742,2.4346074833279686e-05
test_19743,1.3017243145322614e-05
test_19744,0.9966569972493675
test_19745,0.9887401355311655
test_19746,0.0016905843539198697
test_19747,0.7709538852794037
test_19748,6.612067673731451e-07
test_19749,0.7462296887989467
test_19750,0.9999778203562102
test_19751,0.009905353519500571
test_19752,0.9999991840154905
test_19753,5.044419795616773e-05
test_19754,0.01495534748222522
test_19755,0.9210440745102038
test_19756,0.9992560994845526
test_19757,0.999881981544639
test_19758,0.013063802696527491
test_19759,0.9984577981364199
test_19760,0.9627326699821162
test_19761,0.001058804406481434
test_19762,0.00211333036252149
test_19763,0.1912318730026728
test_19764,0.7153569546339738
test_19765,0.9991078617337011
test_19766,6.251103964997408e-07
test_19767,0.0565519420832863
test_19768,0.04899208664994393
test_19769,0.023300324747101697
test_19770,6.795161678187214e-06
test_19771,0.9911456335183435
test_19772,0.999999924332883
test_19773,2.330306293448063e-07
test_19774,0.029524886699798008
test_19775,0.0011634209891585412
test_19776,0.9999631672778879
test_19777,0.0020958222913877293
test_19778,0.9004457966508657
test_19779,0.6831150436920077
test_19780,0.634126164106692
test_19781,0.0009893913121728597
test_19782,0.5118483654448132
test_19783,0.006639738347745355
test_19784,0.9999999399431815
test_19785,0.9453692265852547
test_19786,0.9990235952522408
test_19787,2.2569301234988488e-09
test_19788,0.9998655052106066
test_19789,0.9701237913127894
test_19790,0.9991464839725849
test_19791,0.1727758519906035
test_19792,0.9005008259795734
test_19793,0.484633618781964
test_19794,2.3874983133268462e-05
test_19795,0.8762702155908527
test_19796,0.07525813892286347
test_19797,0.9881769686735645
test_19798,0.0011776701550051765
test_19799,0.9948842685059857
test_19800,1.212477908509797e-05
test_19801,0.04263404716268237
test_19802,0.2564508395507746
test_19803,0.9994334680694692
test_19804,0.8812786200487769
test_19805,4.449645731824012e-06
test_19806,0.3493254921607062
test_19807,0.985797934644474
test_19808,0.0031929466288361133
test_19809,0.004232069400068394
test_19810,0.7144548887151854
test_19811,0.9209153353319568
test_19812,0.31460229824456004
test_19813,0.06031254047594672
test_19814,0.9995294042213065
test_19815,0.00016353152482234117
test_19816,0.006775512798335586
test_19817,0.9998784594646213
test_19818,0.0005883091720336487
test_19819,0.9829112241105683
test_19820,0.035940945536106245
test_19821,0.9261879821990797
test_19822,0.9999993099643325
test_19823,0.9994828938262604
test_19824,0.999786807219147
test_19825,0.5379651353426333
test_19826,0.0006127207454504766
test_19827,0.99969912639716
test_19828,0.0035815634482951257
test_19829,0.033924159811450486
test_19830,0.9418780128191946
test_19831,0.00022222918688021527
test_19832,0.9995301962854379
test_19833,0.10341660294953098
test_19834,0.09814582872170934
test_19835,0.4870921726877719
test_19836,0.0002635683250502617
test_19837,0.9999997950551338
test_19838,0.9999626121461195
test_19839,0.09070042757762073
test_19840,0.779288765333354
test_19841,0.01453205550824465
test_19842,0.0013375539456591341
test_19843,3.817641145471029e-07
test_19844,0.00014336067415360532
test_19845,8.724206032957554e-06
test_19846,0.9151041570781473
test_19847,0.9848971671068523
test_19848,0.005433723933929718
test_19849,0.020443737789220005
test_19850,0.9997424297542622
test_19851,0.45950162701145847
test_19852,0.02444698090769029
test_19853,9.985216087906947e-06
test_19854,0.9316256797812674
test_19855,0.49880498818344354
test_19856,0.97576068579836
test_19857,0.0016952555564454304
test_19858,0.6820634769900709
test_19859,0.57466404670974
test_19860,0.0003567136882671768
test_19861,0.06970388449331963
test_19862,0.050159444604091455
test_19863,0.9676950887443
test_19864,1.1638861175403987e-05
test_19865,0.7321588076969905
test_19866,3.975914078931021e-06
test_19867,0.9997869581021587
test_19868,0.6957567462800267
test_19869,2.6329478960364698e-06
test_19870,8.25071505268812e-07
test_19871,0.9999998398665254
test_19872,0.996109792770283
test_19873,0.9552027546971332
test_19874,2.211054140198233e-07
test_19875,5.762674303332541e-08
test_19876,0.9380718081953042
test_19877,0.9961766737279182
test_19878,0.9874770956608147
test_19879,0.9995617306935135
test_19880,0.3909197527140471
test_19881,4.557170330270973e-09
test_19882,0.999999977494723
test_19883,0.5891207109503075
test_19884,0.0006068918090080661
test_19885,0.9492094364345683
test_19886,0.9994508998240658
test_19887,0.9999999855967714
test_19888,0.039123124921866315
test_19889,0.9623251898124466
test_19890,0.9068286281192102
test_19891,0.4441601929016994
test_19892,0.7646183214574568
test_19893,0.9994925898236576
test_19894,0.0004645064227866682
test_19895,0.9667120321550918
test_19896,0.20808429746485493
test_19897,0.4876668740909525
test_19898,0.0010273616409234158
test_19899,0.0026702038428246923
test_19900,0.9959440814200047
test_19901,0.0002608107009762921
test_19902,0.8562733841668995
test_19903,0.5546557478941744
test_19904,0.9999985079570887
test_19905,0.31565985202412533
test_19906,0.3882226026383123
test_19907,0.04303374143182854
test_19908,0.00846398770441519
test_19909,0.039340102215586537
test_19910,0.005747272848382562
test_19911,0.07714037821671338
test_19912,0.4870321809529138
test_19913,0.9879967339824357
test_19914,0.0008779605967204843
test_19915,2.8659268643202184e-05
test_19916,0.006552269028260206
test_19917,0.006346120909748724
test_19918,0.005786506107273725
test_19919,0.008906173399666774
test_19920,0.15499143280776106
test_19921,0.9281271401988146
test_19922,0.9286508347499591
test_19923,0.9961513198692274
test_19924,0.18325302492029572
test_19925,0.9262516912878053
test_19926,0.00014471243083478166
test_19927,0.34588999146092636
test_19928,0.009857374556457655
test_19929,0.8029806494285614
test_19930,0.45884492700986185
test_19931,0.9370557877254896
test_19932,0.822922074516133
test_19933,0.05040910086222178
test_19934,0.9668313472273408
test_19935,7.704312573455154e-08
test_19936,0.999998013389813
test_19937,0.9999858696126924
test_19938,0.9965681473846614
test_19939,0.0007804427887206002
test_19940,6.497238928987768e-06
test_19941,0.23889224092914488
test_19942,0.3839802099754576
test_19943,0.898027452469076
test_19944,0.9999947892747035
test_19945,1.245987701421579e-06
test_19946,4.2958140743293917e-07
test_19947,1.1179792424960938e-05
test_19948,0.9945806020140844
test_19949,0.00770864816290039
test_19950,0.7637981539036381
test_19951,0.9999363531386045
test_19952,0.9243644572500798
test_19953,0.0004090281652798324
test_19954,1.9934333682504228e-05
test_19955,0.014196213881330372
test_19956,4.7675507772784405e-07
test_19957,0.0014332481549590114
test_19958,0.5859358249175225
test_19959,0.9954780261072284
test_19960,0.10651643220833866
test_19961,0.9936800744525165
test_19962,0.004391769504750159
test_19963,0.007298857059980717
test_19964,0.6577554856313045
test_19965,0.020102299625876178
test_19966,0.9982465581115377
test_19967,0.9478362055999384
test_19968,0.5098390589216507
test_19969,0.44733192327298366
test_19970,0.004899858789737911
test_19971,0.22561013057200213
test_19972,0.4898010374538611
test_19973,0.9454402643925657
test_19974,0.7289181926174394
test_19975,0.416206763131789
test_19976,0.9918273830461128
test_19977,0.045184291961236744
test_19978,0.06668406814105439
test_19979,5.0913493673379694e-05
test_19980,0.9991185839821988
test_19981,0.9999759272754896
test_19982,0.9997271306877449
test_19983,0.9999688254673716
test_19984,0.46259747858431904
test_19985,0.005438361493729135
test_19986,0.00013295684078434668
test_19987,0.9979441521574528
test_19988,0.8286746265163994
test_19989,0.0002284129609150168
test_19990,0.07866151752165619
test_19991,0.957137230084703
test_19992,4.1292140310409786e-05
test_19993,0.953179361801756
test_19994,0.6280391535121185
test_19995,0.11344281225921023
test_19996,0.01815475729747036
test_19997,0.08293268136403141
test_19998,1.2252837168870277e-09
test_19999,0.03623800439548479
