,image_id,p_180
0,test_00000,1
1,test_00001,1
2,test_00002,1
3,test_00003,0
4,test_00004,1
5,test_00005,0
6,test_00006,1
7,test_00007,1
8,test_00008,1
9,test_00009,1
10,test_00010,0
11,test_00011,1
12,test_00012,1
13,test_00013,1
14,test_00014,1
15,test_00015,1
16,test_00016,1
17,test_00017,0
18,test_00018,1
19,test_00019,1
20,test_00020,1
21,test_00021,1
22,test_00022,1
23,test_00023,1
24,test_00024,1
25,test_00025,1
26,test_00026,1
27,test_00027,1
28,test_00028,1
29,test_00029,1
30,test_00030,1
31,test_00031,1
32,test_00032,1
33,test_00033,1
34,test_00034,1
35,test_00035,1
36,test_00036,0
37,test_00037,1
38,test_00038,1
39,test_00039,1
40,test_00040,1
41,test_00041,1
42,test_00042,1
43,test_00043,1
44,test_00044,1
45,test_00045,1
46,test_00046,1
47,test_00047,1
48,test_00048,1
49,test_00049,1
50,test_00050,1
51,test_00051,1
52,test_00052,1
53,test_00053,1
54,test_00054,1
55,test_00055,1
56,test_00056,1
57,test_00057,0
58,test_00058,1
59,test_00059,1
60,test_00060,1
61,test_00061,1
62,test_00062,1
63,test_00063,1
64,test_00064,1
65,test_00065,1
66,test_00066,1
67,test_00067,1
68,test_00068,1
69,test_00069,1
70,test_00070,1
71,test_00071,1
72,test_00072,1
73,test_00073,1
74,test_00074,1
75,test_00075,1
76,test_00076,1
77,test_00077,1
78,test_00078,1
79,test_00079,1
80,test_00080,1
81,test_00081,1
82,test_00082,0
83,test_00083,1
84,test_00084,1
85,test_00085,1
86,test_00086,1
87,test_00087,1
88,test_00088,1
89,test_00089,1
90,test_00090,1
91,test_00091,1
92,test_00092,0
93,test_00093,1
94,test_00094,1
95,test_00095,1
96,test_00096,1
97,test_00097,0
98,test_00098,1
99,test_00099,1
100,test_00100,1
101,test_00101,1
102,test_00102,1
103,test_00103,1
104,test_00104,1
105,test_00105,1
106,test_00106,1
107,test_00107,1
108,test_00108,1
109,test_00109,1
110,test_00110,1
111,test_00111,1
112,test_00112,1
113,test_00113,0
114,test_00114,0
115,test_00115,0
116,test_00116,1
117,test_00117,1
118,test_00118,0
119,test_00119,1
120,test_00120,1
121,test_00121,1
122,test_00122,1
123,test_00123,1
124,test_00124,0
125,test_00125,1
126,test_00126,1
127,test_00127,1
128,test_00128,1
129,test_00129,1
130,test_00130,1
131,test_00131,1
132,test_00132,1
133,test_00133,1
134,test_00134,1
135,test_00135,1
136,test_00136,1
137,test_00137,1
138,test_00138,1
139,test_00139,1
140,test_00140,1
141,test_00141,1
142,test_00142,1
143,test_00143,1
144,test_00144,1
145,test_00145,1
146,test_00146,1
147,test_00147,1
148,test_00148,1
149,test_00149,1
150,test_00150,1
151,test_00151,1
152,test_00152,1
153,test_00153,1
154,test_00154,1
155,test_00155,1
156,test_00156,1
157,test_00157,1
158,test_00158,1
159,test_00159,1
160,test_00160,1
161,test_00161,1
162,test_00162,1
163,test_00163,1
164,test_00164,1
165,test_00165,1
166,test_00166,1
167,test_00167,1
168,test_00168,0
169,test_00169,1
170,test_00170,1
171,test_00171,1
172,test_00172,1
173,test_00173,1
174,test_00174,1
175,test_00175,1
176,test_00176,1
177,test_00177,1
178,test_00178,1
179,test_00179,1
180,test_00180,1
181,test_00181,1
182,test_00182,1
183,test_00183,1
184,test_00184,1
185,test_00185,1
186,test_00186,1
187,test_00187,1
188,test_00188,1
189,test_00189,1
190,test_00190,1
191,test_00191,0
192,test_00192,1
193,test_00193,1
194,test_00194,1
195,test_00195,0
196,test_00196,1
197,test_00197,1
198,test_00198,1
199,test_00199,1
200,test_00200,1
201,test_00201,1
202,test_00202,1
203,test_00203,1
204,test_00204,1
205,test_00205,1
206,test_00206,1
207,test_00207,1
208,test_00208,1
209,test_00209,1
210,test_00210,1
211,test_00211,1
212,test_00212,1
213,test_00213,1
214,test_00214,1
215,test_00215,1
216,test_00216,1
217,test_00217,1
218,test_00218,1
219,test_00219,1
220,test_00220,1
221,test_00221,1
222,test_00222,1
223,test_00223,1
224,test_00224,1
225,test_00225,0
226,test_00226,1
227,test_00227,1
228,test_00228,1
229,test_00229,1
230,test_00230,1
231,test_00231,1
232,test_00232,1
233,test_00233,1
234,test_00234,1
235,test_00235,1
236,test_00236,1
237,test_00237,1
238,test_00238,0
239,test_00239,1
240,test_00240,1
241,test_00241,1
242,test_00242,1
243,test_00243,1
244,test_00244,1
245,test_00245,1
246,test_00246,1
247,test_00247,1
248,test_00248,1
249,test_00249,1
250,test_00250,1
251,test_00251,1
252,test_00252,0
253,test_00253,1
254,test_00254,1
255,test_00255,1
256,test_00256,1
257,test_00257,1
258,test_00258,1
259,test_00259,1
260,test_00260,0
261,test_00261,0
262,test_00262,1
263,test_00263,1
264,test_00264,1
265,test_00265,1
266,test_00266,1
267,test_00267,1
268,test_00268,1
269,test_00269,1
270,test_00270,1
271,test_00271,1
272,test_00272,1
273,test_00273,1
274,test_00274,1
275,test_00275,1
276,test_00276,1
277,test_00277,0
278,test_00278,1
279,test_00279,1
280,test_00280,1
281,test_00281,1
282,test_00282,1
283,test_00283,1
284,test_00284,1
285,test_00285,0
286,test_00286,1
287,test_00287,1
288,test_00288,1
289,test_00289,1
290,test_00290,1
291,test_00291,1
292,test_00292,1
293,test_00293,1
294,test_00294,1
295,test_00295,1
296,test_00296,1
297,test_00297,1
298,test_00298,1
299,test_00299,1
300,test_00300,1
301,test_00301,1
302,test_00302,1
303,test_00303,1
304,test_00304,1
305,test_00305,1
306,test_00306,1
307,test_00307,1
308,test_00308,1
309,test_00309,0
310,test_00310,1
311,test_00311,1
312,test_00312,1
313,test_00313,1
314,test_00314,1
315,test_00315,1
316,test_00316,1
317,test_00317,1
318,test_00318,1
319,test_00319,1
320,test_00320,1
321,test_00321,1
322,test_00322,1
323,test_00323,1
324,test_00324,1
325,test_00325,1
326,test_00326,1
327,test_00327,1
328,test_00328,1
329,test_00329,1
330,test_00330,1
331,test_00331,1
332,test_00332,1
333,test_00333,1
334,test_00334,1
335,test_00335,1
336,test_00336,1
337,test_00337,1
338,test_00338,1
339,test_00339,1
340,test_00340,0
341,test_00341,1
342,test_00342,1
343,test_00343,1
344,test_00344,1
345,test_00345,1
346,test_00346,1
347,test_00347,1
348,test_00348,1
349,test_00349,0
350,test_00350,1
351,test_00351,1
352,test_00352,1
353,test_00353,1
354,test_00354,0
355,test_00355,1
356,test_00356,1
357,test_00357,1
358,test_00358,0
359,test_00359,1
360,test_00360,1
361,test_00361,1
362,test_00362,1
363,test_00363,1
364,test_00364,1
365,test_00365,1
366,test_00366,1
367,test_00367,1
368,test_00368,1
369,test_00369,1
370,test_00370,1
371,test_00371,1
372,test_00372,1
373,test_00373,1
374,test_00374,1
375,test_00375,0
376,test_00376,1
377,test_00377,1
378,test_00378,1
379,test_00379,1
380,test_00380,1
381,test_00381,1
382,test_00382,1
383,test_00383,1
384,test_00384,1
385,test_00385,1
386,test_00386,1
387,test_00387,1
388,test_00388,1
389,test_00389,1
390,test_00390,1
391,test_00391,1
392,test_00392,1
393,test_00393,1
394,test_00394,1
395,test_00395,1
396,test_00396,1
397,test_00397,0
398,test_00398,1
399,test_00399,1
400,test_00400,1
401,test_00401,1
402,test_00402,1
403,test_00403,1
404,test_00404,1
405,test_00405,1
406,test_00406,1
407,test_00407,1
408,test_00408,1
409,test_00409,1
410,test_00410,1
411,test_00411,0
412,test_00412,0
413,test_00413,1
414,test_00414,1
415,test_00415,1
416,test_00416,1
417,test_00417,1
418,test_00418,1
419,test_00419,1
420,test_00420,1
421,test_00421,1
422,test_00422,1
423,test_00423,1
424,test_00424,0
425,test_00425,1
426,test_00426,1
427,test_00427,1
428,test_00428,1
429,test_00429,1
430,test_00430,1
431,test_00431,1
432,test_00432,1
433,test_00433,1
434,test_00434,1
435,test_00435,0
436,test_00436,1
437,test_00437,1
438,test_00438,1
439,test_00439,1
440,test_00440,1
441,test_00441,1
442,test_00442,0
443,test_00443,1
444,test_00444,1
445,test_00445,1
446,test_00446,1
447,test_00447,1
448,test_00448,1
449,test_00449,1
450,test_00450,1
451,test_00451,1
452,test_00452,1
453,test_00453,1
454,test_00454,1
455,test_00455,1
456,test_00456,1
457,test_00457,1
458,test_00458,1
459,test_00459,1
460,test_00460,1
461,test_00461,1
462,test_00462,1
463,test_00463,1
464,test_00464,1
465,test_00465,1
466,test_00466,1
467,test_00467,1
468,test_00468,1
469,test_00469,1
470,test_00470,1
471,test_00471,1
472,test_00472,1
473,test_00473,1
474,test_00474,1
475,test_00475,1
476,test_00476,1
477,test_00477,1
478,test_00478,1
479,test_00479,1
480,test_00480,1
481,test_00481,1
482,test_00482,1
483,test_00483,1
484,test_00484,1
485,test_00485,1
486,test_00486,1
487,test_00487,1
488,test_00488,1
489,test_00489,1
490,test_00490,1
491,test_00491,1
492,test_00492,1
493,test_00493,1
494,test_00494,1
495,test_00495,1
496,test_00496,1
497,test_00497,1
498,test_00498,1
499,test_00499,1
500,test_00500,1
501,test_00501,0
502,test_00502,1
503,test_00503,1
504,test_00504,1
505,test_00505,1
506,test_00506,1
507,test_00507,1
508,test_00508,1
509,test_00509,0
510,test_00510,1
511,test_00511,1
512,test_00512,1
513,test_00513,1
514,test_00514,1
515,test_00515,1
516,test_00516,1
517,test_00517,1
518,test_00518,0
519,test_00519,1
520,test_00520,0
521,test_00521,1
522,test_00522,1
523,test_00523,1
524,test_00524,1
525,test_00525,0
526,test_00526,1
527,test_00527,1
528,test_00528,1
529,test_00529,1
530,test_00530,1
531,test_00531,1
532,test_00532,0
533,test_00533,1
534,test_00534,1
535,test_00535,1
536,test_00536,1
537,test_00537,1
538,test_00538,1
539,test_00539,1
540,test_00540,1
541,test_00541,0
542,test_00542,0
543,test_00543,1
544,test_00544,1
545,test_00545,1
546,test_00546,1
547,test_00547,1
548,test_00548,1
549,test_00549,1
550,test_00550,1
551,test_00551,0
552,test_00552,1
553,test_00553,1
554,test_00554,1
555,test_00555,1
556,test_00556,1
557,test_00557,1
558,test_00558,1
559,test_00559,1
560,test_00560,1
561,test_00561,1
562,test_00562,1
563,test_00563,1
564,test_00564,1
565,test_00565,1
566,test_00566,1
567,test_00567,1
568,test_00568,1
569,test_00569,1
570,test_00570,1
571,test_00571,1
572,test_00572,1
573,test_00573,1
574,test_00574,1
575,test_00575,1
576,test_00576,1
577,test_00577,1
578,test_00578,1
579,test_00579,1
580,test_00580,1
581,test_00581,1
582,test_00582,1
583,test_00583,1
584,test_00584,1
585,test_00585,1
586,test_00586,1
587,test_00587,1
588,test_00588,1
589,test_00589,1
590,test_00590,1
591,test_00591,1
592,test_00592,1
593,test_00593,1
594,test_00594,1
595,test_00595,1
596,test_00596,1
597,test_00597,1
598,test_00598,1
599,test_00599,1
600,test_00600,1
601,test_00601,1
602,test_00602,1
603,test_00603,1
604,test_00604,1
605,test_00605,1
606,test_00606,1
607,test_00607,1
608,test_00608,0
609,test_00609,1
610,test_00610,1
611,test_00611,1
612,test_00612,1
613,test_00613,1
614,test_00614,1
615,test_00615,1
616,test_00616,1
617,test_00617,1
618,test_00618,1
619,test_00619,1
620,test_00620,1
621,test_00621,1
622,test_00622,1
623,test_00623,1
624,test_00624,1
625,test_00625,1
626,test_00626,1
627,test_00627,1
628,test_00628,1
629,test_00629,1
630,test_00630,1
631,test_00631,1
632,test_00632,1
633,test_00633,1
634,test_00634,1
635,test_00635,1
636,test_00636,1
637,test_00637,1
638,test_00638,1
639,test_00639,1
640,test_00640,1
641,test_00641,1
642,test_00642,1
643,test_00643,1
644,test_00644,1
645,test_00645,1
646,test_00646,1
647,test_00647,1
648,test_00648,1
649,test_00649,1
650,test_00650,1
651,test_00651,1
652,test_00652,1
653,test_00653,1
654,test_00654,1
655,test_00655,0
656,test_00656,1
657,test_00657,0
658,test_00658,1
659,test_00659,1
660,test_00660,1
661,test_00661,1
662,test_00662,1
663,test_00663,1
664,test_00664,1
665,test_00665,1
666,test_00666,1
667,test_00667,1
668,test_00668,1
669,test_00669,1
670,test_00670,1
671,test_00671,1
672,test_00672,1
673,test_00673,1
674,test_00674,1
675,test_00675,1
676,test_00676,1
677,test_00677,0
678,test_00678,1
679,test_00679,1
680,test_00680,1
681,test_00681,1
682,test_00682,1
683,test_00683,1
684,test_00684,1
685,test_00685,1
686,test_00686,1
687,test_00687,1
688,test_00688,1
689,test_00689,1
690,test_00690,1
691,test_00691,1
692,test_00692,1
693,test_00693,1
694,test_00694,1
695,test_00695,1
696,test_00696,1
697,test_00697,1
698,test_00698,1
699,test_00699,1
700,test_00700,1
701,test_00701,1
702,test_00702,1
703,test_00703,1
704,test_00704,1
705,test_00705,1
706,test_00706,1
707,test_00707,0
708,test_00708,1
709,test_00709,0
710,test_00710,0
711,test_00711,1
712,test_00712,1
713,test_00713,1
714,test_00714,0
715,test_00715,1
716,test_00716,1
717,test_00717,1
718,test_00718,1
719,test_00719,1
720,test_00720,1
721,test_00721,1
722,test_00722,1
723,test_00723,1
724,test_00724,0
725,test_00725,1
726,test_00726,0
727,test_00727,1
728,test_00728,0
729,test_00729,1
730,test_00730,1
731,test_00731,1
732,test_00732,1
733,test_00733,1
734,test_00734,1
735,test_00735,1
736,test_00736,0
737,test_00737,1
738,test_00738,0
739,test_00739,1
740,test_00740,1
741,test_00741,1
742,test_00742,1
743,test_00743,1
744,test_00744,1
745,test_00745,1
746,test_00746,0
747,test_00747,1
748,test_00748,1
749,test_00749,1
750,test_00750,1
751,test_00751,1
752,test_00752,1
753,test_00753,1
754,test_00754,1
755,test_00755,1
756,test_00756,1
757,test_00757,0
758,test_00758,1
759,test_00759,1
760,test_00760,1
761,test_00761,1
762,test_00762,1
763,test_00763,0
764,test_00764,1
765,test_00765,1
766,test_00766,1
767,test_00767,1
768,test_00768,1
769,test_00769,1
770,test_00770,1
771,test_00771,1
772,test_00772,1
773,test_00773,1
774,test_00774,1
775,test_00775,1
776,test_00776,1
777,test_00777,0
778,test_00778,1
779,test_00779,1
780,test_00780,1
781,test_00781,1
782,test_00782,1
783,test_00783,1
784,test_00784,1
785,test_00785,0
786,test_00786,1
787,test_00787,1
788,test_00788,1
789,test_00789,1
790,test_00790,1
791,test_00791,1
792,test_00792,1
793,test_00793,1
794,test_00794,1
795,test_00795,1
796,test_00796,1
797,test_00797,1
798,test_00798,0
799,test_00799,1
800,test_00800,1
801,test_00801,1
802,test_00802,1
803,test_00803,1
804,test_00804,1
805,test_00805,1
806,test_00806,1
807,test_00807,1
808,test_00808,1
809,test_00809,1
810,test_00810,1
811,test_00811,1
812,test_00812,1
813,test_00813,1
814,test_00814,1
815,test_00815,1
816,test_00816,0
817,test_00817,1
818,test_00818,1
819,test_00819,1
820,test_00820,1
821,test_00821,1
822,test_00822,1
823,test_00823,1
824,test_00824,1
825,test_00825,1
826,test_00826,1
827,test_00827,1
828,test_00828,1
829,test_00829,1
830,test_00830,1
831,test_00831,1
832,test_00832,1
833,test_00833,1
834,test_00834,1
835,test_00835,1
836,test_00836,1
837,test_00837,0
838,test_00838,1
839,test_00839,1
840,test_00840,1
841,test_00841,1
842,test_00842,1
843,test_00843,1
844,test_00844,1
845,test_00845,0
846,test_00846,1
847,test_00847,1
848,test_00848,1
849,test_00849,0
850,test_00850,1
851,test_00851,1
852,test_00852,1
853,test_00853,1
854,test_00854,1
855,test_00855,0
856,test_00856,1
857,test_00857,1
858,test_00858,1
859,test_00859,1
860,test_00860,1
861,test_00861,1
862,test_00862,1
863,test_00863,1
864,test_00864,1
865,test_00865,1
866,test_00866,1
867,test_00867,1
868,test_00868,1
869,test_00869,0
870,test_00870,0
871,test_00871,1
872,test_00872,1
873,test_00873,1
874,test_00874,1
875,test_00875,1
876,test_00876,1
877,test_00877,1
878,test_00878,0
879,test_00879,1
880,test_00880,1
881,test_00881,1
882,test_00882,1
883,test_00883,1
884,test_00884,1
885,test_00885,1
886,test_00886,1
887,test_00887,1
888,test_00888,0
889,test_00889,0
890,test_00890,1
891,test_00891,1
892,test_00892,1
893,test_00893,1
894,test_00894,1
895,test_00895,0
896,test_00896,1
897,test_00897,1
898,test_00898,1
899,test_00899,1
900,test_00900,1
901,test_00901,1
902,test_00902,1
903,test_00903,1
904,test_00904,1
905,test_00905,0
906,test_00906,1
907,test_00907,0
908,test_00908,1
909,test_00909,1
910,test_00910,1
911,test_00911,1
912,test_00912,0
913,test_00913,1
914,test_00914,1
915,test_00915,1
916,test_00916,1
917,test_00917,1
918,test_00918,1
919,test_00919,1
920,test_00920,1
921,test_00921,1
922,test_00922,1
923,test_00923,1
924,test_00924,1
925,test_00925,1
926,test_00926,0
927,test_00927,1
928,test_00928,1
929,test_00929,1
930,test_00930,1
931,test_00931,1
932,test_00932,1
933,test_00933,1
934,test_00934,1
935,test_00935,1
936,test_00936,0
937,test_00937,1
938,test_00938,1
939,test_00939,1
940,test_00940,1
941,test_00941,1
942,test_00942,1
943,test_00943,1
944,test_00944,1
945,test_00945,0
946,test_00946,1
947,test_00947,1
948,test_00948,1
949,test_00949,1
950,test_00950,1
951,test_00951,1
952,test_00952,1
953,test_00953,0
954,test_00954,1
955,test_00955,1
956,test_00956,1
957,test_00957,1
958,test_00958,0
959,test_00959,1
960,test_00960,1
961,test_00961,1
962,test_00962,1
963,test_00963,0
964,test_00964,1
965,test_00965,1
966,test_00966,1
967,test_00967,1
968,test_00968,1
969,test_00969,1
970,test_00970,1
971,test_00971,1
972,test_00972,1
973,test_00973,1
974,test_00974,1
975,test_00975,1
976,test_00976,1
977,test_00977,1
978,test_00978,1
979,test_00979,1
980,test_00980,1
981,test_00981,1
982,test_00982,1
983,test_00983,1
984,test_00984,1
985,test_00985,1
986,test_00986,1
987,test_00987,1
988,test_00988,1
989,test_00989,1
990,test_00990,1
991,test_00991,1
992,test_00992,1
993,test_00993,0
994,test_00994,1
995,test_00995,0
996,test_00996,1
997,test_00997,1
998,test_00998,1
999,test_00999,1
1000,test_01000,0
1001,test_01001,1
1002,test_01002,1
1003,test_01003,1
1004,test_01004,1
1005,test_01005,1
1006,test_01006,0
1007,test_01007,1
1008,test_01008,1
1009,test_01009,1
1010,test_01010,1
1011,test_01011,1
1012,test_01012,1
1013,test_01013,1
1014,test_01014,1
1015,test_01015,1
1016,test_01016,1
1017,test_01017,1
1018,test_01018,1
1019,test_01019,1
1020,test_01020,1
1021,test_01021,1
1022,test_01022,1
1023,test_01023,0
1024,test_01024,1
1025,test_01025,1
1026,test_01026,1
1027,test_01027,1
1028,test_01028,0
1029,test_01029,1
1030,test_01030,1
1031,test_01031,1
1032,test_01032,1
1033,test_01033,1
1034,test_01034,1
1035,test_01035,1
1036,test_01036,1
1037,test_01037,1
1038,test_01038,1
1039,test_01039,1
1040,test_01040,1
1041,test_01041,1
1042,test_01042,1
1043,test_01043,0
1044,test_01044,1
1045,test_01045,1
1046,test_01046,1
1047,test_01047,1
1048,test_01048,1
1049,test_01049,1
1050,test_01050,1
1051,test_01051,1
1052,test_01052,1
1053,test_01053,1
1054,test_01054,1
1055,test_01055,1
1056,test_01056,0
1057,test_01057,1
1058,test_01058,1
1059,test_01059,1
1060,test_01060,1
1061,test_01061,1
1062,test_01062,0
1063,test_01063,1
1064,test_01064,1
1065,test_01065,1
1066,test_01066,1
1067,test_01067,1
1068,test_01068,1
1069,test_01069,1
1070,test_01070,0
1071,test_01071,1
1072,test_01072,1
1073,test_01073,1
1074,test_01074,1
1075,test_01075,1
1076,test_01076,1
1077,test_01077,1
1078,test_01078,1
1079,test_01079,1
1080,test_01080,1
1081,test_01081,1
1082,test_01082,1
1083,test_01083,1
1084,test_01084,0
1085,test_01085,1
1086,test_01086,1
1087,test_01087,1
1088,test_01088,1
1089,test_01089,1
1090,test_01090,1
1091,test_01091,1
1092,test_01092,0
1093,test_01093,1
1094,test_01094,1
1095,test_01095,1
1096,test_01096,1
1097,test_01097,1
1098,test_01098,1
1099,test_01099,1
1100,test_01100,1
1101,test_01101,1
1102,test_01102,1
1103,test_01103,1
1104,test_01104,1
1105,test_01105,1
1106,test_01106,1
1107,test_01107,0
1108,test_01108,1
1109,test_01109,1
1110,test_01110,1
1111,test_01111,1
1112,test_01112,1
1113,test_01113,1
1114,test_01114,1
1115,test_01115,1
1116,test_01116,0
1117,test_01117,1
1118,test_01118,1
1119,test_01119,1
1120,test_01120,1
1121,test_01121,1
1122,test_01122,1
1123,test_01123,1
1124,test_01124,1
1125,test_01125,1
1126,test_01126,1
1127,test_01127,0
1128,test_01128,1
1129,test_01129,1
1130,test_01130,1
1131,test_01131,1
1132,test_01132,1
1133,test_01133,1
1134,test_01134,1
1135,test_01135,0
1136,test_01136,0
1137,test_01137,1
1138,test_01138,1
1139,test_01139,1
1140,test_01140,1
1141,test_01141,1
1142,test_01142,1
1143,test_01143,1
1144,test_01144,1
1145,test_01145,0
1146,test_01146,1
1147,test_01147,1
1148,test_01148,1
1149,test_01149,0
1150,test_01150,0
1151,test_01151,1
1152,test_01152,1
1153,test_01153,1
1154,test_01154,1
1155,test_01155,1
1156,test_01156,1
1157,test_01157,1
1158,test_01158,0
1159,test_01159,1
1160,test_01160,1
1161,test_01161,1
1162,test_01162,1
1163,test_01163,1
1164,test_01164,1
1165,test_01165,1
1166,test_01166,1
1167,test_01167,1
1168,test_01168,1
1169,test_01169,1
1170,test_01170,0
1171,test_01171,1
1172,test_01172,1
1173,test_01173,1
1174,test_01174,1
1175,test_01175,1
1176,test_01176,1
1177,test_01177,0
1178,test_01178,1
1179,test_01179,1
1180,test_01180,1
1181,test_01181,1
1182,test_01182,1
1183,test_01183,1
1184,test_01184,1
1185,test_01185,1
1186,test_01186,1
1187,test_01187,1
1188,test_01188,1
1189,test_01189,1
1190,test_01190,1
1191,test_01191,0
1192,test_01192,1
1193,test_01193,1
1194,test_01194,0
1195,test_01195,1
1196,test_01196,0
1197,test_01197,0
1198,test_01198,1
1199,test_01199,1
1200,test_01200,1
1201,test_01201,1
1202,test_01202,1
1203,test_01203,1
1204,test_01204,1
1205,test_01205,1
1206,test_01206,0
1207,test_01207,1
1208,test_01208,1
1209,test_01209,1
1210,test_01210,1
1211,test_01211,1
1212,test_01212,0
1213,test_01213,1
1214,test_01214,1
1215,test_01215,1
1216,test_01216,1
1217,test_01217,1
1218,test_01218,1
1219,test_01219,1
1220,test_01220,1
1221,test_01221,1
1222,test_01222,1
1223,test_01223,1
1224,test_01224,1
1225,test_01225,1
1226,test_01226,1
1227,test_01227,1
1228,test_01228,0
1229,test_01229,1
1230,test_01230,1
1231,test_01231,1
1232,test_01232,1
1233,test_01233,1
1234,test_01234,1
1235,test_01235,1
1236,test_01236,1
1237,test_01237,1
1238,test_01238,1
1239,test_01239,1
1240,test_01240,1
1241,test_01241,0
1242,test_01242,0
1243,test_01243,1
1244,test_01244,1
1245,test_01245,1
1246,test_01246,1
1247,test_01247,0
1248,test_01248,1
1249,test_01249,1
1250,test_01250,1
1251,test_01251,1
1252,test_01252,1
1253,test_01253,1
1254,test_01254,1
1255,test_01255,0
1256,test_01256,1
1257,test_01257,1
1258,test_01258,1
1259,test_01259,1
1260,test_01260,1
1261,test_01261,1
1262,test_01262,1
1263,test_01263,1
1264,test_01264,1
1265,test_01265,1
1266,test_01266,1
1267,test_01267,1
1268,test_01268,1
1269,test_01269,1
1270,test_01270,1
1271,test_01271,1
1272,test_01272,1
1273,test_01273,1
1274,test_01274,1
1275,test_01275,1
1276,test_01276,1
1277,test_01277,1
1278,test_01278,1
1279,test_01279,1
1280,test_01280,1
1281,test_01281,1
1282,test_01282,1
1283,test_01283,1
1284,test_01284,1
1285,test_01285,1
1286,test_01286,0
1287,test_01287,1
1288,test_01288,1
1289,test_01289,1
1290,test_01290,1
1291,test_01291,1
1292,test_01292,1
1293,test_01293,1
1294,test_01294,1
1295,test_01295,0
1296,test_01296,1
1297,test_01297,1
1298,test_01298,1
1299,test_01299,1
1300,test_01300,1
1301,test_01301,1
1302,test_01302,1
1303,test_01303,1
1304,test_01304,1
1305,test_01305,1
1306,test_01306,1
1307,test_01307,1
1308,test_01308,1
1309,test_01309,1
1310,test_01310,1
1311,test_01311,1
1312,test_01312,1
1313,test_01313,1
1314,test_01314,1
1315,test_01315,1
1316,test_01316,1
1317,test_01317,1
1318,test_01318,1
1319,test_01319,1
1320,test_01320,0
1321,test_01321,1
1322,test_01322,1
1323,test_01323,1
1324,test_01324,1
1325,test_01325,1
1326,test_01326,1
1327,test_01327,1
1328,test_01328,1
1329,test_01329,0
1330,test_01330,1
1331,test_01331,1
1332,test_01332,1
1333,test_01333,1
1334,test_01334,1
1335,test_01335,1
1336,test_01336,1
1337,test_01337,1
1338,test_01338,1
1339,test_01339,1
1340,test_01340,1
1341,test_01341,1
1342,test_01342,1
1343,test_01343,1
1344,test_01344,1
1345,test_01345,1
1346,test_01346,1
1347,test_01347,1
1348,test_01348,1
1349,test_01349,1
1350,test_01350,1
1351,test_01351,1
1352,test_01352,1
1353,test_01353,1
1354,test_01354,1
1355,test_01355,0
1356,test_01356,1
1357,test_01357,0
1358,test_01358,1
1359,test_01359,1
1360,test_01360,1
1361,test_01361,1
1362,test_01362,1
1363,test_01363,1
1364,test_01364,1
1365,test_01365,1
1366,test_01366,1
1367,test_01367,1
1368,test_01368,1
1369,test_01369,1
1370,test_01370,1
1371,test_01371,1
1372,test_01372,1
1373,test_01373,1
1374,test_01374,1
1375,test_01375,1
1376,test_01376,1
1377,test_01377,1
1378,test_01378,1
1379,test_01379,1
1380,test_01380,1
1381,test_01381,1
1382,test_01382,1
1383,test_01383,1
1384,test_01384,1
1385,test_01385,1
1386,test_01386,1
1387,test_01387,0
1388,test_01388,1
1389,test_01389,1
1390,test_01390,1
1391,test_01391,1
1392,test_01392,1
1393,test_01393,1
1394,test_01394,0
1395,test_01395,1
1396,test_01396,1
1397,test_01397,0
1398,test_01398,1
1399,test_01399,1
1400,test_01400,1
1401,test_01401,1
1402,test_01402,1
1403,test_01403,1
1404,test_01404,1
1405,test_01405,1
1406,test_01406,1
1407,test_01407,0
1408,test_01408,1
1409,test_01409,1
1410,test_01410,1
1411,test_01411,1
1412,test_01412,1
1413,test_01413,1
1414,test_01414,1
1415,test_01415,1
1416,test_01416,1
1417,test_01417,1
1418,test_01418,1
1419,test_01419,0
1420,test_01420,1
1421,test_01421,1
1422,test_01422,1
1423,test_01423,1
1424,test_01424,1
1425,test_01425,1
1426,test_01426,1
1427,test_01427,0
1428,test_01428,1
1429,test_01429,0
1430,test_01430,1
1431,test_01431,1
1432,test_01432,1
1433,test_01433,1
1434,test_01434,1
1435,test_01435,1
1436,test_01436,1
1437,test_01437,1
1438,test_01438,1
1439,test_01439,1
1440,test_01440,1
1441,test_01441,1
1442,test_01442,1
1443,test_01443,0
1444,test_01444,0
1445,test_01445,1
1446,test_01446,0
1447,test_01447,1
1448,test_01448,1
1449,test_01449,1
1450,test_01450,1
1451,test_01451,1
1452,test_01452,1
1453,test_01453,1
1454,test_01454,1
1455,test_01455,1
1456,test_01456,0
1457,test_01457,0
1458,test_01458,1
1459,test_01459,1
1460,test_01460,1
1461,test_01461,1
1462,test_01462,1
1463,test_01463,1
1464,test_01464,1
1465,test_01465,1
1466,test_01466,1
1467,test_01467,1
1468,test_01468,1
1469,test_01469,1
1470,test_01470,1
1471,test_01471,1
1472,test_01472,1
1473,test_01473,1
1474,test_01474,1
1475,test_01475,1
1476,test_01476,1
1477,test_01477,1
1478,test_01478,1
1479,test_01479,1
1480,test_01480,1
1481,test_01481,1
1482,test_01482,0
1483,test_01483,0
1484,test_01484,1
1485,test_01485,1
1486,test_01486,1
1487,test_01487,1
1488,test_01488,1
1489,test_01489,1
1490,test_01490,1
1491,test_01491,1
1492,test_01492,1
1493,test_01493,0
1494,test_01494,1
1495,test_01495,1
1496,test_01496,1
1497,test_01497,0
1498,test_01498,1
1499,test_01499,1
1500,test_01500,1
1501,test_01501,0
1502,test_01502,1
1503,test_01503,0
1504,test_01504,1
1505,test_01505,1
1506,test_01506,1
1507,test_01507,1
1508,test_01508,1
1509,test_01509,1
1510,test_01510,1
1511,test_01511,1
1512,test_01512,1
1513,test_01513,1
1514,test_01514,1
1515,test_01515,1
1516,test_01516,1
1517,test_01517,1
1518,test_01518,1
1519,test_01519,1
1520,test_01520,1
1521,test_01521,1
1522,test_01522,1
1523,test_01523,1
1524,test_01524,1
1525,test_01525,1
1526,test_01526,1
1527,test_01527,1
1528,test_01528,1
1529,test_01529,0
1530,test_01530,1
1531,test_01531,1
1532,test_01532,1
1533,test_01533,1
1534,test_01534,1
1535,test_01535,1
1536,test_01536,1
1537,test_01537,1
1538,test_01538,1
1539,test_01539,1
1540,test_01540,1
1541,test_01541,1
1542,test_01542,1
1543,test_01543,1
1544,test_01544,1
1545,test_01545,1
1546,test_01546,1
1547,test_01547,0
1548,test_01548,1
1549,test_01549,1
1550,test_01550,1
1551,test_01551,1
1552,test_01552,1
1553,test_01553,1
1554,test_01554,1
1555,test_01555,1
1556,test_01556,1
1557,test_01557,1
1558,test_01558,0
1559,test_01559,1
1560,test_01560,1
1561,test_01561,1
1562,test_01562,1
1563,test_01563,1
1564,test_01564,1
1565,test_01565,1
1566,test_01566,1
1567,test_01567,1
1568,test_01568,1
1569,test_01569,1
1570,test_01570,1
1571,test_01571,1
1572,test_01572,1
1573,test_01573,1
1574,test_01574,1
1575,test_01575,1
1576,test_01576,1
1577,test_01577,1
1578,test_01578,1
1579,test_01579,1
1580,test_01580,1
1581,test_01581,1
1582,test_01582,1
1583,test_01583,1
1584,test_01584,1
1585,test_01585,1
1586,test_01586,1
1587,test_01587,1
1588,test_01588,1
1589,test_01589,1
1590,test_01590,1
1591,test_01591,1
1592,test_01592,1
1593,test_01593,1
1594,test_01594,1
1595,test_01595,1
1596,test_01596,1
1597,test_01597,1
1598,test_01598,1
1599,test_01599,1
1600,test_01600,1
1601,test_01601,1
1602,test_01602,1
1603,test_01603,1
1604,test_01604,1
1605,test_01605,1
1606,test_01606,1
1607,test_01607,1
1608,test_01608,0
1609,test_01609,0
1610,test_01610,1
1611,test_01611,1
1612,test_01612,1
1613,test_01613,1
1614,test_01614,1
1615,test_01615,1
1616,test_01616,1
1617,test_01617,1
1618,test_01618,1
1619,test_01619,1
1620,test_01620,1
1621,test_01621,1
1622,test_01622,1
1623,test_01623,1
1624,test_01624,0
1625,test_01625,1
1626,test_01626,1
1627,test_01627,1
1628,test_01628,1
1629,test_01629,1
1630,test_01630,0
1631,test_01631,1
1632,test_01632,1
1633,test_01633,1
1634,test_01634,1
1635,test_01635,1
1636,test_01636,1
1637,test_01637,1
1638,test_01638,1
1639,test_01639,1
1640,test_01640,1
1641,test_01641,1
1642,test_01642,1
1643,test_01643,1
1644,test_01644,1
1645,test_01645,1
1646,test_01646,1
1647,test_01647,1
1648,test_01648,1
1649,test_01649,1
1650,test_01650,1
1651,test_01651,1
1652,test_01652,1
1653,test_01653,0
1654,test_01654,0
1655,test_01655,1
1656,test_01656,1
1657,test_01657,1
1658,test_01658,1
1659,test_01659,1
1660,test_01660,1
1661,test_01661,1
1662,test_01662,1
1663,test_01663,1
1664,test_01664,1
1665,test_01665,1
1666,test_01666,1
1667,test_01667,1
1668,test_01668,1
1669,test_01669,1
1670,test_01670,1
1671,test_01671,1
1672,test_01672,1
1673,test_01673,1
1674,test_01674,1
1675,test_01675,1
1676,test_01676,1
1677,test_01677,0
1678,test_01678,1
1679,test_01679,1
1680,test_01680,1
1681,test_01681,1
1682,test_01682,1
1683,test_01683,0
1684,test_01684,1
1685,test_01685,1
1686,test_01686,0
1687,test_01687,1
1688,test_01688,1
1689,test_01689,0
1690,test_01690,1
1691,test_01691,1
1692,test_01692,1
1693,test_01693,1
1694,test_01694,1
1695,test_01695,1
1696,test_01696,1
1697,test_01697,1
1698,test_01698,1
1699,test_01699,1
1700,test_01700,1
1701,test_01701,1
1702,test_01702,0
1703,test_01703,1
1704,test_01704,1
1705,test_01705,1
1706,test_01706,1
1707,test_01707,1
1708,test_01708,1
1709,test_01709,0
1710,test_01710,1
1711,test_01711,1
1712,test_01712,0
1713,test_01713,1
1714,test_01714,1
1715,test_01715,1
1716,test_01716,1
1717,test_01717,1
1718,test_01718,1
1719,test_01719,1
1720,test_01720,1
1721,test_01721,1
1722,test_01722,1
1723,test_01723,0
1724,test_01724,1
1725,test_01725,0
1726,test_01726,1
1727,test_01727,1
1728,test_01728,1
1729,test_01729,1
1730,test_01730,1
1731,test_01731,1
1732,test_01732,1
1733,test_01733,1
1734,test_01734,1
1735,test_01735,1
1736,test_01736,1
1737,test_01737,1
1738,test_01738,1
1739,test_01739,1
1740,test_01740,1
1741,test_01741,1
1742,test_01742,1
1743,test_01743,1
1744,test_01744,1
1745,test_01745,1
1746,test_01746,1
1747,test_01747,1
1748,test_01748,1
1749,test_01749,1
1750,test_01750,1
1751,test_01751,1
1752,test_01752,0
1753,test_01753,1
1754,test_01754,1
1755,test_01755,0
1756,test_01756,1
1757,test_01757,1
1758,test_01758,0
1759,test_01759,1
1760,test_01760,1
1761,test_01761,1
1762,test_01762,1
1763,test_01763,1
1764,test_01764,1
1765,test_01765,1
1766,test_01766,1
1767,test_01767,1
1768,test_01768,1
1769,test_01769,1
1770,test_01770,1
1771,test_01771,1
1772,test_01772,1
1773,test_01773,1
1774,test_01774,1
1775,test_01775,1
1776,test_01776,1
1777,test_01777,0
1778,test_01778,1
1779,test_01779,0
1780,test_01780,1
1781,test_01781,1
1782,test_01782,1
1783,test_01783,1
1784,test_01784,1
1785,test_01785,1
1786,test_01786,0
1787,test_01787,1
1788,test_01788,1
1789,test_01789,1
1790,test_01790,1
1791,test_01791,1
1792,test_01792,1
1793,test_01793,0
1794,test_01794,0
1795,test_01795,1
1796,test_01796,1
1797,test_01797,1
1798,test_01798,1
1799,test_01799,1
1800,test_01800,0
1801,test_01801,1
1802,test_01802,1
1803,test_01803,1
1804,test_01804,1
1805,test_01805,1
1806,test_01806,1
1807,test_01807,1
1808,test_01808,1
1809,test_01809,1
1810,test_01810,1
1811,test_01811,1
1812,test_01812,1
1813,test_01813,1
1814,test_01814,1
1815,test_01815,1
1816,test_01816,1
1817,test_01817,1
1818,test_01818,1
1819,test_01819,0
1820,test_01820,1
1821,test_01821,0
1822,test_01822,1
1823,test_01823,1
1824,test_01824,1
1825,test_01825,1
1826,test_01826,1
1827,test_01827,1
1828,test_01828,1
1829,test_01829,1
1830,test_01830,1
1831,test_01831,1
1832,test_01832,0
1833,test_01833,1
1834,test_01834,1
1835,test_01835,1
1836,test_01836,1
1837,test_01837,1
1838,test_01838,1
1839,test_01839,1
1840,test_01840,0
1841,test_01841,1
1842,test_01842,1
1843,test_01843,1
1844,test_01844,1
1845,test_01845,1
1846,test_01846,1
1847,test_01847,1
1848,test_01848,1
1849,test_01849,1
1850,test_01850,1
1851,test_01851,1
1852,test_01852,0
1853,test_01853,1
1854,test_01854,1
1855,test_01855,1
1856,test_01856,1
1857,test_01857,1
1858,test_01858,0
1859,test_01859,1
1860,test_01860,1
1861,test_01861,1
1862,test_01862,1
1863,test_01863,1
1864,test_01864,1
1865,test_01865,1
1866,test_01866,1
1867,test_01867,1
1868,test_01868,1
1869,test_01869,1
1870,test_01870,1
1871,test_01871,1
1872,test_01872,1
1873,test_01873,0
1874,test_01874,1
1875,test_01875,1
1876,test_01876,1
1877,test_01877,1
1878,test_01878,1
1879,test_01879,1
1880,test_01880,1
1881,test_01881,1
1882,test_01882,1
1883,test_01883,1
1884,test_01884,1
1885,test_01885,1
1886,test_01886,1
1887,test_01887,0
1888,test_01888,1
1889,test_01889,1
1890,test_01890,1
1891,test_01891,1
1892,test_01892,1
1893,test_01893,1
1894,test_01894,1
1895,test_01895,1
1896,test_01896,1
1897,test_01897,1
1898,test_01898,1
1899,test_01899,1
1900,test_01900,1
1901,test_01901,1
1902,test_01902,1
1903,test_01903,1
1904,test_01904,0
1905,test_01905,1
1906,test_01906,1
1907,test_01907,1
1908,test_01908,1
1909,test_01909,1
1910,test_01910,1
1911,test_01911,1
1912,test_01912,1
1913,test_01913,1
1914,test_01914,1
1915,test_01915,1
1916,test_01916,1
1917,test_01917,1
1918,test_01918,1
1919,test_01919,1
1920,test_01920,1
1921,test_01921,1
1922,test_01922,0
1923,test_01923,1
1924,test_01924,1
1925,test_01925,1
1926,test_01926,1
1927,test_01927,0
1928,test_01928,1
1929,test_01929,1
1930,test_01930,1
1931,test_01931,1
1932,test_01932,1
1933,test_01933,1
1934,test_01934,0
1935,test_01935,1
1936,test_01936,1
1937,test_01937,1
1938,test_01938,0
1939,test_01939,1
1940,test_01940,0
1941,test_01941,1
1942,test_01942,1
1943,test_01943,1
1944,test_01944,1
1945,test_01945,1
1946,test_01946,0
1947,test_01947,0
1948,test_01948,1
1949,test_01949,1
1950,test_01950,1
1951,test_01951,1
1952,test_01952,1
1953,test_01953,1
1954,test_01954,1
1955,test_01955,1
1956,test_01956,1
1957,test_01957,1
1958,test_01958,0
1959,test_01959,1
1960,test_01960,1
1961,test_01961,1
1962,test_01962,1
1963,test_01963,0
1964,test_01964,1
1965,test_01965,1
1966,test_01966,1
1967,test_01967,0
1968,test_01968,1
1969,test_01969,1
1970,test_01970,1
1971,test_01971,1
1972,test_01972,1
1973,test_01973,1
1974,test_01974,1
1975,test_01975,1
1976,test_01976,0
1977,test_01977,1
1978,test_01978,1
1979,test_01979,1
1980,test_01980,1
1981,test_01981,1
1982,test_01982,1
1983,test_01983,1
1984,test_01984,1
1985,test_01985,1
1986,test_01986,1
1987,test_01987,0
1988,test_01988,1
1989,test_01989,1
1990,test_01990,1
1991,test_01991,1
1992,test_01992,1
1993,test_01993,1
1994,test_01994,1
1995,test_01995,1
1996,test_01996,1
1997,test_01997,1
1998,test_01998,1
1999,test_01999,1
2000,test_02000,1
2001,test_02001,1
2002,test_02002,1
2003,test_02003,1
2004,test_02004,1
2005,test_02005,0
2006,test_02006,1
2007,test_02007,1
2008,test_02008,1
2009,test_02009,0
2010,test_02010,1
2011,test_02011,1
2012,test_02012,1
2013,test_02013,1
2014,test_02014,1
2015,test_02015,1
2016,test_02016,1
2017,test_02017,1
2018,test_02018,1
2019,test_02019,1
2020,test_02020,1
2021,test_02021,1
2022,test_02022,1
2023,test_02023,1
2024,test_02024,1
2025,test_02025,0
2026,test_02026,1
2027,test_02027,1
2028,test_02028,1
2029,test_02029,1
2030,test_02030,1
2031,test_02031,1
2032,test_02032,1
2033,test_02033,1
2034,test_02034,1
2035,test_02035,1
2036,test_02036,1
2037,test_02037,1
2038,test_02038,1
2039,test_02039,1
2040,test_02040,1
2041,test_02041,1
2042,test_02042,1
2043,test_02043,1
2044,test_02044,1
2045,test_02045,1
2046,test_02046,1
2047,test_02047,0
2048,test_02048,1
2049,test_02049,1
2050,test_02050,1
2051,test_02051,1
2052,test_02052,1
2053,test_02053,0
2054,test_02054,0
2055,test_02055,1
2056,test_02056,1
2057,test_02057,1
2058,test_02058,0
2059,test_02059,1
2060,test_02060,1
2061,test_02061,1
2062,test_02062,1
2063,test_02063,1
2064,test_02064,1
2065,test_02065,1
2066,test_02066,1
2067,test_02067,1
2068,test_02068,1
2069,test_02069,1
2070,test_02070,0
2071,test_02071,1
2072,test_02072,1
2073,test_02073,1
2074,test_02074,1
2075,test_02075,1
2076,test_02076,1
2077,test_02077,1
2078,test_02078,1
2079,test_02079,1
2080,test_02080,1
2081,test_02081,1
2082,test_02082,1
2083,test_02083,1
2084,test_02084,1
2085,test_02085,1
2086,test_02086,1
2087,test_02087,1
2088,test_02088,1
2089,test_02089,1
2090,test_02090,1
2091,test_02091,1
2092,test_02092,1
2093,test_02093,1
2094,test_02094,1
2095,test_02095,1
2096,test_02096,1
2097,test_02097,1
2098,test_02098,0
2099,test_02099,1
2100,test_02100,1
2101,test_02101,1
2102,test_02102,1
2103,test_02103,1
2104,test_02104,1
2105,test_02105,1
2106,test_02106,1
2107,test_02107,1
2108,test_02108,1
2109,test_02109,1
2110,test_02110,1
2111,test_02111,0
2112,test_02112,1
2113,test_02113,1
2114,test_02114,1
2115,test_02115,1
2116,test_02116,1
2117,test_02117,1
2118,test_02118,1
2119,test_02119,1
2120,test_02120,1
2121,test_02121,1
2122,test_02122,1
2123,test_02123,0
2124,test_02124,1
2125,test_02125,1
2126,test_02126,1
2127,test_02127,0
2128,test_02128,0
2129,test_02129,1
2130,test_02130,1
2131,test_02131,1
2132,test_02132,1
2133,test_02133,1
2134,test_02134,1
2135,test_02135,1
2136,test_02136,1
2137,test_02137,1
2138,test_02138,0
2139,test_02139,1
2140,test_02140,1
2141,test_02141,1
2142,test_02142,1
2143,test_02143,1
2144,test_02144,1
2145,test_02145,1
2146,test_02146,1
2147,test_02147,1
2148,test_02148,1
2149,test_02149,1
2150,test_02150,1
2151,test_02151,1
2152,test_02152,1
2153,test_02153,1
2154,test_02154,1
2155,test_02155,1
2156,test_02156,0
2157,test_02157,1
2158,test_02158,1
2159,test_02159,1
2160,test_02160,1
2161,test_02161,1
2162,test_02162,1
2163,test_02163,1
2164,test_02164,1
2165,test_02165,1
2166,test_02166,1
2167,test_02167,1
2168,test_02168,1
2169,test_02169,1
2170,test_02170,1
2171,test_02171,1
2172,test_02172,1
2173,test_02173,1
2174,test_02174,0
2175,test_02175,1
2176,test_02176,1
2177,test_02177,0
2178,test_02178,0
2179,test_02179,0
2180,test_02180,1
2181,test_02181,1
2182,test_02182,1
2183,test_02183,1
2184,test_02184,1
2185,test_02185,1
2186,test_02186,1
2187,test_02187,1
2188,test_02188,1
2189,test_02189,1
2190,test_02190,1
2191,test_02191,1
2192,test_02192,1
2193,test_02193,1
2194,test_02194,1
2195,test_02195,1
2196,test_02196,1
2197,test_02197,1
2198,test_02198,1
2199,test_02199,1
2200,test_02200,1
2201,test_02201,1
2202,test_02202,1
2203,test_02203,1
2204,test_02204,1
2205,test_02205,1
2206,test_02206,1
2207,test_02207,1
2208,test_02208,0
2209,test_02209,1
2210,test_02210,1
2211,test_02211,1
2212,test_02212,1
2213,test_02213,1
2214,test_02214,1
2215,test_02215,1
2216,test_02216,0
2217,test_02217,1
2218,test_02218,1
2219,test_02219,0
2220,test_02220,1
2221,test_02221,1
2222,test_02222,1
2223,test_02223,1
2224,test_02224,1
2225,test_02225,1
2226,test_02226,1
2227,test_02227,1
2228,test_02228,1
2229,test_02229,1
2230,test_02230,1
2231,test_02231,1
2232,test_02232,1
2233,test_02233,1
2234,test_02234,1
2235,test_02235,1
2236,test_02236,1
2237,test_02237,1
2238,test_02238,0
2239,test_02239,1
2240,test_02240,1
2241,test_02241,0
2242,test_02242,1
2243,test_02243,1
2244,test_02244,1
2245,test_02245,1
2246,test_02246,1
2247,test_02247,1
2248,test_02248,1
2249,test_02249,1
2250,test_02250,1
2251,test_02251,1
2252,test_02252,0
2253,test_02253,1
2254,test_02254,1
2255,test_02255,1
2256,test_02256,0
2257,test_02257,0
2258,test_02258,1
2259,test_02259,1
2260,test_02260,1
2261,test_02261,1
2262,test_02262,1
2263,test_02263,1
2264,test_02264,1
2265,test_02265,1
2266,test_02266,0
2267,test_02267,1
2268,test_02268,1
2269,test_02269,1
2270,test_02270,1
2271,test_02271,1
2272,test_02272,1
2273,test_02273,1
2274,test_02274,1
2275,test_02275,1
2276,test_02276,1
2277,test_02277,1
2278,test_02278,1
2279,test_02279,1
2280,test_02280,0
2281,test_02281,1
2282,test_02282,1
2283,test_02283,1
2284,test_02284,1
2285,test_02285,0
2286,test_02286,1
2287,test_02287,1
2288,test_02288,1
2289,test_02289,1
2290,test_02290,1
2291,test_02291,1
2292,test_02292,1
2293,test_02293,0
2294,test_02294,1
2295,test_02295,1
2296,test_02296,1
2297,test_02297,0
2298,test_02298,1
2299,test_02299,1
2300,test_02300,1
2301,test_02301,0
2302,test_02302,1
2303,test_02303,1
2304,test_02304,1
2305,test_02305,1
2306,test_02306,1
2307,test_02307,1
2308,test_02308,1
2309,test_02309,1
2310,test_02310,1
2311,test_02311,0
2312,test_02312,1
2313,test_02313,1
2314,test_02314,1
2315,test_02315,1
2316,test_02316,1
2317,test_02317,1
2318,test_02318,1
2319,test_02319,1
2320,test_02320,1
2321,test_02321,1
2322,test_02322,1
2323,test_02323,1
2324,test_02324,1
2325,test_02325,1
2326,test_02326,1
2327,test_02327,1
2328,test_02328,1
2329,test_02329,1
2330,test_02330,1
2331,test_02331,0
2332,test_02332,1
2333,test_02333,1
2334,test_02334,1
2335,test_02335,1
2336,test_02336,1
2337,test_02337,1
2338,test_02338,1
2339,test_02339,1
2340,test_02340,1
2341,test_02341,1
2342,test_02342,0
2343,test_02343,1
2344,test_02344,1
2345,test_02345,1
2346,test_02346,1
2347,test_02347,1
2348,test_02348,1
2349,test_02349,1
2350,test_02350,1
2351,test_02351,1
2352,test_02352,1
2353,test_02353,1
2354,test_02354,1
2355,test_02355,1
2356,test_02356,1
2357,test_02357,1
2358,test_02358,1
2359,test_02359,1
2360,test_02360,1
2361,test_02361,1
2362,test_02362,1
2363,test_02363,1
2364,test_02364,1
2365,test_02365,1
2366,test_02366,1
2367,test_02367,1
2368,test_02368,1
2369,test_02369,1
2370,test_02370,1
2371,test_02371,1
2372,test_02372,1
2373,test_02373,1
2374,test_02374,1
2375,test_02375,1
2376,test_02376,1
2377,test_02377,0
2378,test_02378,1
2379,test_02379,1
2380,test_02380,1
2381,test_02381,1
2382,test_02382,1
2383,test_02383,1
2384,test_02384,1
2385,test_02385,1
2386,test_02386,1
2387,test_02387,1
2388,test_02388,1
2389,test_02389,1
2390,test_02390,0
2391,test_02391,1
2392,test_02392,1
2393,test_02393,1
2394,test_02394,1
2395,test_02395,1
2396,test_02396,1
2397,test_02397,1
2398,test_02398,1
2399,test_02399,1
2400,test_02400,1
2401,test_02401,1
2402,test_02402,1
2403,test_02403,1
2404,test_02404,1
2405,test_02405,1
2406,test_02406,1
2407,test_02407,1
2408,test_02408,0
2409,test_02409,0
2410,test_02410,1
2411,test_02411,1
2412,test_02412,1
2413,test_02413,1
2414,test_02414,1
2415,test_02415,1
2416,test_02416,1
2417,test_02417,1
2418,test_02418,1
2419,test_02419,1
2420,test_02420,1
2421,test_02421,1
2422,test_02422,1
2423,test_02423,1
2424,test_02424,1
2425,test_02425,1
2426,test_02426,1
2427,test_02427,1
2428,test_02428,1
2429,test_02429,1
2430,test_02430,1
2431,test_02431,1
2432,test_02432,0
2433,test_02433,1
2434,test_02434,1
2435,test_02435,1
2436,test_02436,1
2437,test_02437,1
2438,test_02438,1
2439,test_02439,1
2440,test_02440,1
2441,test_02441,1
2442,test_02442,1
2443,test_02443,1
2444,test_02444,1
2445,test_02445,1
2446,test_02446,1
2447,test_02447,1
2448,test_02448,1
2449,test_02449,1
2450,test_02450,1
2451,test_02451,1
2452,test_02452,1
2453,test_02453,1
2454,test_02454,1
2455,test_02455,1
2456,test_02456,1
2457,test_02457,1
2458,test_02458,1
2459,test_02459,1
2460,test_02460,1
2461,test_02461,1
2462,test_02462,1
2463,test_02463,1
2464,test_02464,1
2465,test_02465,1
2466,test_02466,1
2467,test_02467,1
2468,test_02468,1
2469,test_02469,1
2470,test_02470,1
2471,test_02471,1
2472,test_02472,1
2473,test_02473,1
2474,test_02474,1
2475,test_02475,1
2476,test_02476,1
2477,test_02477,1
2478,test_02478,1
2479,test_02479,1
2480,test_02480,1
2481,test_02481,0
2482,test_02482,0
2483,test_02483,1
2484,test_02484,1
2485,test_02485,1
2486,test_02486,1
2487,test_02487,1
2488,test_02488,1
2489,test_02489,1
2490,test_02490,1
2491,test_02491,1
2492,test_02492,1
2493,test_02493,1
2494,test_02494,1
2495,test_02495,1
2496,test_02496,1
2497,test_02497,1
2498,test_02498,1
2499,test_02499,1
2500,test_02500,1
2501,test_02501,1
2502,test_02502,1
2503,test_02503,1
2504,test_02504,1
2505,test_02505,1
2506,test_02506,1
2507,test_02507,1
2508,test_02508,1
2509,test_02509,1
2510,test_02510,1
2511,test_02511,0
2512,test_02512,1
2513,test_02513,1
2514,test_02514,1
2515,test_02515,1
2516,test_02516,0
2517,test_02517,0
2518,test_02518,1
2519,test_02519,1
2520,test_02520,0
2521,test_02521,1
2522,test_02522,1
2523,test_02523,1
2524,test_02524,1
2525,test_02525,1
2526,test_02526,1
2527,test_02527,1
2528,test_02528,1
2529,test_02529,1
2530,test_02530,1
2531,test_02531,0
2532,test_02532,1
2533,test_02533,1
2534,test_02534,1
2535,test_02535,1
2536,test_02536,1
2537,test_02537,1
2538,test_02538,1
2539,test_02539,1
2540,test_02540,1
2541,test_02541,1
2542,test_02542,1
2543,test_02543,1
2544,test_02544,1
2545,test_02545,1
2546,test_02546,1
2547,test_02547,1
2548,test_02548,1
2549,test_02549,1
2550,test_02550,1
2551,test_02551,0
2552,test_02552,1
2553,test_02553,0
2554,test_02554,1
2555,test_02555,1
2556,test_02556,1
2557,test_02557,1
2558,test_02558,1
2559,test_02559,1
2560,test_02560,1
2561,test_02561,1
2562,test_02562,1
2563,test_02563,1
2564,test_02564,1
2565,test_02565,1
2566,test_02566,1
2567,test_02567,1
2568,test_02568,1
2569,test_02569,0
2570,test_02570,1
2571,test_02571,1
2572,test_02572,1
2573,test_02573,1
2574,test_02574,1
2575,test_02575,1
2576,test_02576,1
2577,test_02577,0
2578,test_02578,1
2579,test_02579,1
2580,test_02580,0
2581,test_02581,1
2582,test_02582,1
2583,test_02583,1
2584,test_02584,1
2585,test_02585,1
2586,test_02586,1
2587,test_02587,1
2588,test_02588,1
2589,test_02589,1
2590,test_02590,1
2591,test_02591,1
2592,test_02592,1
2593,test_02593,1
2594,test_02594,1
2595,test_02595,1
2596,test_02596,1
2597,test_02597,1
2598,test_02598,1
2599,test_02599,1
2600,test_02600,1
2601,test_02601,1
2602,test_02602,0
2603,test_02603,1
2604,test_02604,1
2605,test_02605,1
2606,test_02606,1
2607,test_02607,1
2608,test_02608,1
2609,test_02609,1
2610,test_02610,1
2611,test_02611,1
2612,test_02612,1
2613,test_02613,1
2614,test_02614,1
2615,test_02615,1
2616,test_02616,1
2617,test_02617,1
2618,test_02618,1
2619,test_02619,0
2620,test_02620,1
2621,test_02621,1
2622,test_02622,1
2623,test_02623,0
2624,test_02624,1
2625,test_02625,1
2626,test_02626,1
2627,test_02627,1
2628,test_02628,1
2629,test_02629,1
2630,test_02630,1
2631,test_02631,1
2632,test_02632,1
2633,test_02633,1
2634,test_02634,1
2635,test_02635,1
2636,test_02636,1
2637,test_02637,1
2638,test_02638,1
2639,test_02639,0
2640,test_02640,1
2641,test_02641,1
2642,test_02642,1
2643,test_02643,1
2644,test_02644,1
2645,test_02645,1
2646,test_02646,1
2647,test_02647,1
2648,test_02648,1
2649,test_02649,0
2650,test_02650,1
2651,test_02651,1
2652,test_02652,1
2653,test_02653,1
2654,test_02654,1
2655,test_02655,1
2656,test_02656,1
2657,test_02657,0
2658,test_02658,1
2659,test_02659,1
2660,test_02660,1
2661,test_02661,1
2662,test_02662,1
2663,test_02663,1
2664,test_02664,1
2665,test_02665,1
2666,test_02666,1
2667,test_02667,1
2668,test_02668,1
2669,test_02669,1
2670,test_02670,1
2671,test_02671,1
2672,test_02672,0
2673,test_02673,1
2674,test_02674,0
2675,test_02675,1
2676,test_02676,1
2677,test_02677,1
2678,test_02678,0
2679,test_02679,1
2680,test_02680,1
2681,test_02681,1
2682,test_02682,1
2683,test_02683,1
2684,test_02684,1
2685,test_02685,1
2686,test_02686,1
2687,test_02687,1
2688,test_02688,1
2689,test_02689,1
2690,test_02690,1
2691,test_02691,1
2692,test_02692,1
2693,test_02693,1
2694,test_02694,1
2695,test_02695,1
2696,test_02696,0
2697,test_02697,1
2698,test_02698,0
2699,test_02699,1
2700,test_02700,1
2701,test_02701,1
2702,test_02702,1
2703,test_02703,1
2704,test_02704,1
2705,test_02705,1
2706,test_02706,1
2707,test_02707,1
2708,test_02708,1
2709,test_02709,0
2710,test_02710,0
2711,test_02711,1
2712,test_02712,1
2713,test_02713,1
2714,test_02714,1
2715,test_02715,1
2716,test_02716,1
2717,test_02717,1
2718,test_02718,1
2719,test_02719,1
2720,test_02720,1
2721,test_02721,1
2722,test_02722,1
2723,test_02723,1
2724,test_02724,1
2725,test_02725,1
2726,test_02726,1
2727,test_02727,1
2728,test_02728,1
2729,test_02729,1
2730,test_02730,1
2731,test_02731,1
2732,test_02732,1
2733,test_02733,1
2734,test_02734,1
2735,test_02735,1
2736,test_02736,1
2737,test_02737,1
2738,test_02738,1
2739,test_02739,1
2740,test_02740,1
2741,test_02741,1
2742,test_02742,1
2743,test_02743,1
2744,test_02744,1
2745,test_02745,1
2746,test_02746,1
2747,test_02747,1
2748,test_02748,1
2749,test_02749,1
2750,test_02750,1
2751,test_02751,1
2752,test_02752,0
2753,test_02753,1
2754,test_02754,1
2755,test_02755,1
2756,test_02756,1
2757,test_02757,1
2758,test_02758,1
2759,test_02759,1
2760,test_02760,1
2761,test_02761,1
2762,test_02762,1
2763,test_02763,1
2764,test_02764,0
2765,test_02765,1
2766,test_02766,1
2767,test_02767,1
2768,test_02768,0
2769,test_02769,1
2770,test_02770,1
2771,test_02771,1
2772,test_02772,1
2773,test_02773,1
2774,test_02774,1
2775,test_02775,1
2776,test_02776,1
2777,test_02777,0
2778,test_02778,0
2779,test_02779,0
2780,test_02780,1
2781,test_02781,1
2782,test_02782,1
2783,test_02783,1
2784,test_02784,1
2785,test_02785,1
2786,test_02786,1
2787,test_02787,1
2788,test_02788,1
2789,test_02789,1
2790,test_02790,1
2791,test_02791,1
2792,test_02792,1
2793,test_02793,1
2794,test_02794,1
2795,test_02795,1
2796,test_02796,1
2797,test_02797,1
2798,test_02798,1
2799,test_02799,1
2800,test_02800,1
2801,test_02801,1
2802,test_02802,1
2803,test_02803,1
2804,test_02804,1
2805,test_02805,1
2806,test_02806,1
2807,test_02807,1
2808,test_02808,1
2809,test_02809,0
2810,test_02810,1
2811,test_02811,1
2812,test_02812,1
2813,test_02813,1
2814,test_02814,1
2815,test_02815,1
2816,test_02816,1
2817,test_02817,1
2818,test_02818,1
2819,test_02819,1
2820,test_02820,1
2821,test_02821,1
2822,test_02822,0
2823,test_02823,1
2824,test_02824,1
2825,test_02825,1
2826,test_02826,1
2827,test_02827,1
2828,test_02828,1
2829,test_02829,1
2830,test_02830,0
2831,test_02831,1
2832,test_02832,1
2833,test_02833,1
2834,test_02834,1
2835,test_02835,1
2836,test_02836,1
2837,test_02837,1
2838,test_02838,0
2839,test_02839,1
2840,test_02840,1
2841,test_02841,1
2842,test_02842,1
2843,test_02843,1
2844,test_02844,1
2845,test_02845,1
2846,test_02846,1
2847,test_02847,1
2848,test_02848,1
2849,test_02849,1
2850,test_02850,1
2851,test_02851,1
2852,test_02852,0
2853,test_02853,1
2854,test_02854,1
2855,test_02855,1
2856,test_02856,1
2857,test_02857,1
2858,test_02858,1
2859,test_02859,1
2860,test_02860,1
2861,test_02861,1
2862,test_02862,1
2863,test_02863,1
2864,test_02864,1
2865,test_02865,1
2866,test_02866,1
2867,test_02867,1
2868,test_02868,1
2869,test_02869,1
2870,test_02870,1
2871,test_02871,1
2872,test_02872,1
2873,test_02873,1
2874,test_02874,1
2875,test_02875,1
2876,test_02876,1
2877,test_02877,1
2878,test_02878,1
2879,test_02879,1
2880,test_02880,1
2881,test_02881,0
2882,test_02882,1
2883,test_02883,1
2884,test_02884,1
2885,test_02885,1
2886,test_02886,1
2887,test_02887,1
2888,test_02888,1
2889,test_02889,1
2890,test_02890,1
2891,test_02891,1
2892,test_02892,1
2893,test_02893,1
2894,test_02894,1
2895,test_02895,1
2896,test_02896,1
2897,test_02897,1
2898,test_02898,1
2899,test_02899,1
2900,test_02900,0
2901,test_02901,1
2902,test_02902,1
2903,test_02903,1
2904,test_02904,1
2905,test_02905,1
2906,test_02906,1
2907,test_02907,0
2908,test_02908,1
2909,test_02909,1
2910,test_02910,1
2911,test_02911,1
2912,test_02912,1
2913,test_02913,1
2914,test_02914,1
2915,test_02915,1
2916,test_02916,1
2917,test_02917,1
2918,test_02918,1
2919,test_02919,1
2920,test_02920,1
2921,test_02921,1
2922,test_02922,1
2923,test_02923,1
2924,test_02924,1
2925,test_02925,0
2926,test_02926,1
2927,test_02927,1
2928,test_02928,1
2929,test_02929,1
2930,test_02930,1
2931,test_02931,1
2932,test_02932,1
2933,test_02933,1
2934,test_02934,1
2935,test_02935,0
2936,test_02936,1
2937,test_02937,1
2938,test_02938,1
2939,test_02939,1
2940,test_02940,1
2941,test_02941,1
2942,test_02942,1
2943,test_02943,1
2944,test_02944,1
2945,test_02945,1
2946,test_02946,0
2947,test_02947,1
2948,test_02948,0
2949,test_02949,1
2950,test_02950,1
2951,test_02951,1
2952,test_02952,1
2953,test_02953,1
2954,test_02954,0
2955,test_02955,1
2956,test_02956,1
2957,test_02957,1
2958,test_02958,1
2959,test_02959,1
2960,test_02960,1
2961,test_02961,1
2962,test_02962,1
2963,test_02963,1
2964,test_02964,1
2965,test_02965,1
2966,test_02966,1
2967,test_02967,1
2968,test_02968,1
2969,test_02969,1
2970,test_02970,1
2971,test_02971,1
2972,test_02972,1
2973,test_02973,1
2974,test_02974,1
2975,test_02975,1
2976,test_02976,1
2977,test_02977,1
2978,test_02978,1
2979,test_02979,1
2980,test_02980,1
2981,test_02981,1
2982,test_02982,1
2983,test_02983,1
2984,test_02984,1
2985,test_02985,1
2986,test_02986,1
2987,test_02987,1
2988,test_02988,1
2989,test_02989,1
2990,test_02990,1
2991,test_02991,1
2992,test_02992,1
2993,test_02993,1
2994,test_02994,1
2995,test_02995,1
2996,test_02996,1
2997,test_02997,1
2998,test_02998,1
2999,test_02999,1
3000,test_03000,1
3001,test_03001,1
3002,test_03002,1
3003,test_03003,1
3004,test_03004,1
3005,test_03005,1
3006,test_03006,1
3007,test_03007,1
3008,test_03008,1
3009,test_03009,1
3010,test_03010,1
3011,test_03011,1
3012,test_03012,1
3013,test_03013,1
3014,test_03014,1
3015,test_03015,1
3016,test_03016,1
3017,test_03017,1
3018,test_03018,1
3019,test_03019,1
3020,test_03020,0
3021,test_03021,1
3022,test_03022,1
3023,test_03023,1
3024,test_03024,1
3025,test_03025,1
3026,test_03026,0
3027,test_03027,0
3028,test_03028,1
3029,test_03029,1
3030,test_03030,1
3031,test_03031,1
3032,test_03032,1
3033,test_03033,1
3034,test_03034,1
3035,test_03035,1
3036,test_03036,1
3037,test_03037,1
3038,test_03038,1
3039,test_03039,1
3040,test_03040,1
3041,test_03041,1
3042,test_03042,1
3043,test_03043,1
3044,test_03044,1
3045,test_03045,1
3046,test_03046,1
3047,test_03047,1
3048,test_03048,1
3049,test_03049,1
3050,test_03050,1
3051,test_03051,1
3052,test_03052,1
3053,test_03053,0
3054,test_03054,0
3055,test_03055,1
3056,test_03056,1
3057,test_03057,1
3058,test_03058,0
3059,test_03059,1
3060,test_03060,1
3061,test_03061,1
3062,test_03062,1
3063,test_03063,1
3064,test_03064,1
3065,test_03065,1
3066,test_03066,1
3067,test_03067,1
3068,test_03068,1
3069,test_03069,1
3070,test_03070,1
3071,test_03071,1
3072,test_03072,0
3073,test_03073,1
3074,test_03074,1
3075,test_03075,1
3076,test_03076,1
3077,test_03077,1
3078,test_03078,1
3079,test_03079,1
3080,test_03080,0
3081,test_03081,0
3082,test_03082,1
3083,test_03083,1
3084,test_03084,0
3085,test_03085,1
3086,test_03086,0
3087,test_03087,1
3088,test_03088,0
3089,test_03089,1
3090,test_03090,1
3091,test_03091,1
3092,test_03092,1
3093,test_03093,0
3094,test_03094,1
3095,test_03095,1
3096,test_03096,1
3097,test_03097,1
3098,test_03098,1
3099,test_03099,1
3100,test_03100,1
3101,test_03101,1
3102,test_03102,1
3103,test_03103,1
3104,test_03104,1
3105,test_03105,1
3106,test_03106,1
3107,test_03107,1
3108,test_03108,1
3109,test_03109,1
3110,test_03110,1
3111,test_03111,1
3112,test_03112,1
3113,test_03113,1
3114,test_03114,1
3115,test_03115,1
3116,test_03116,1
3117,test_03117,1
3118,test_03118,0
3119,test_03119,1
3120,test_03120,1
3121,test_03121,1
3122,test_03122,1
3123,test_03123,1
3124,test_03124,1
3125,test_03125,0
3126,test_03126,1
3127,test_03127,0
3128,test_03128,1
3129,test_03129,1
3130,test_03130,1
3131,test_03131,1
3132,test_03132,1
3133,test_03133,1
3134,test_03134,1
3135,test_03135,1
3136,test_03136,1
3137,test_03137,1
3138,test_03138,1
3139,test_03139,1
3140,test_03140,1
3141,test_03141,1
3142,test_03142,1
3143,test_03143,1
3144,test_03144,1
3145,test_03145,1
3146,test_03146,1
3147,test_03147,1
3148,test_03148,1
3149,test_03149,1
3150,test_03150,1
3151,test_03151,1
3152,test_03152,1
3153,test_03153,1
3154,test_03154,1
3155,test_03155,1
3156,test_03156,1
3157,test_03157,1
3158,test_03158,1
3159,test_03159,0
3160,test_03160,1
3161,test_03161,1
3162,test_03162,1
3163,test_03163,1
3164,test_03164,1
3165,test_03165,1
3166,test_03166,1
3167,test_03167,1
3168,test_03168,1
3169,test_03169,1
3170,test_03170,1
3171,test_03171,1
3172,test_03172,1
3173,test_03173,1
3174,test_03174,1
3175,test_03175,1
3176,test_03176,0
3177,test_03177,1
3178,test_03178,1
3179,test_03179,1
3180,test_03180,1
3181,test_03181,1
3182,test_03182,1
3183,test_03183,1
3184,test_03184,1
3185,test_03185,1
3186,test_03186,0
3187,test_03187,1
3188,test_03188,1
3189,test_03189,0
3190,test_03190,1
3191,test_03191,1
3192,test_03192,1
3193,test_03193,0
3194,test_03194,0
3195,test_03195,1
3196,test_03196,1
3197,test_03197,1
3198,test_03198,1
3199,test_03199,1
3200,test_03200,0
3201,test_03201,1
3202,test_03202,1
3203,test_03203,1
3204,test_03204,1
3205,test_03205,1
3206,test_03206,1
3207,test_03207,1
3208,test_03208,1
3209,test_03209,1
3210,test_03210,1
3211,test_03211,1
3212,test_03212,1
3213,test_03213,1
3214,test_03214,1
3215,test_03215,1
3216,test_03216,1
3217,test_03217,1
3218,test_03218,1
3219,test_03219,1
3220,test_03220,1
3221,test_03221,1
3222,test_03222,1
3223,test_03223,1
3224,test_03224,1
3225,test_03225,1
3226,test_03226,1
3227,test_03227,1
3228,test_03228,1
3229,test_03229,1
3230,test_03230,1
3231,test_03231,1
3232,test_03232,1
3233,test_03233,1
3234,test_03234,1
3235,test_03235,1
3236,test_03236,1
3237,test_03237,1
3238,test_03238,0
3239,test_03239,1
3240,test_03240,1
3241,test_03241,1
3242,test_03242,1
3243,test_03243,1
3244,test_03244,1
3245,test_03245,1
3246,test_03246,1
3247,test_03247,1
3248,test_03248,1
3249,test_03249,1
3250,test_03250,1
3251,test_03251,1
3252,test_03252,1
3253,test_03253,1
3254,test_03254,0
3255,test_03255,0
3256,test_03256,1
3257,test_03257,1
3258,test_03258,1
3259,test_03259,1
3260,test_03260,1
3261,test_03261,1
3262,test_03262,0
3263,test_03263,1
3264,test_03264,0
3265,test_03265,1
3266,test_03266,1
3267,test_03267,0
3268,test_03268,1
3269,test_03269,1
3270,test_03270,1
3271,test_03271,1
3272,test_03272,1
3273,test_03273,1
3274,test_03274,1
3275,test_03275,1
3276,test_03276,1
3277,test_03277,1
3278,test_03278,0
3279,test_03279,1
3280,test_03280,1
3281,test_03281,1
3282,test_03282,1
3283,test_03283,0
3284,test_03284,1
3285,test_03285,1
3286,test_03286,1
3287,test_03287,1
3288,test_03288,1
3289,test_03289,1
3290,test_03290,1
3291,test_03291,1
3292,test_03292,1
3293,test_03293,1
3294,test_03294,1
3295,test_03295,1
3296,test_03296,1
3297,test_03297,1
3298,test_03298,1
3299,test_03299,0
3300,test_03300,1
3301,test_03301,0
3302,test_03302,0
3303,test_03303,1
3304,test_03304,1
3305,test_03305,1
3306,test_03306,1
3307,test_03307,1
3308,test_03308,1
3309,test_03309,1
3310,test_03310,1
3311,test_03311,1
3312,test_03312,1
3313,test_03313,1
3314,test_03314,1
3315,test_03315,1
3316,test_03316,1
3317,test_03317,0
3318,test_03318,1
3319,test_03319,1
3320,test_03320,1
3321,test_03321,1
3322,test_03322,1
3323,test_03323,1
3324,test_03324,1
3325,test_03325,1
3326,test_03326,1
3327,test_03327,1
3328,test_03328,0
3329,test_03329,1
3330,test_03330,1
3331,test_03331,1
3332,test_03332,1
3333,test_03333,1
3334,test_03334,1
3335,test_03335,1
3336,test_03336,1
3337,test_03337,1
3338,test_03338,1
3339,test_03339,1
3340,test_03340,1
3341,test_03341,1
3342,test_03342,1
3343,test_03343,1
3344,test_03344,1
3345,test_03345,0
3346,test_03346,1
3347,test_03347,1
3348,test_03348,1
3349,test_03349,1
3350,test_03350,1
3351,test_03351,1
3352,test_03352,1
3353,test_03353,1
3354,test_03354,1
3355,test_03355,1
3356,test_03356,1
3357,test_03357,1
3358,test_03358,1
3359,test_03359,1
3360,test_03360,1
3361,test_03361,0
3362,test_03362,1
3363,test_03363,1
3364,test_03364,1
3365,test_03365,0
3366,test_03366,1
3367,test_03367,1
3368,test_03368,0
3369,test_03369,0
3370,test_03370,1
3371,test_03371,1
3372,test_03372,1
3373,test_03373,0
3374,test_03374,1
3375,test_03375,1
3376,test_03376,1
3377,test_03377,1
3378,test_03378,1
3379,test_03379,1
3380,test_03380,1
3381,test_03381,1
3382,test_03382,1
3383,test_03383,1
3384,test_03384,1
3385,test_03385,1
3386,test_03386,1
3387,test_03387,1
3388,test_03388,1
3389,test_03389,1
3390,test_03390,1
3391,test_03391,1
3392,test_03392,0
3393,test_03393,1
3394,test_03394,0
3395,test_03395,1
3396,test_03396,1
3397,test_03397,1
3398,test_03398,0
3399,test_03399,1
3400,test_03400,1
3401,test_03401,1
3402,test_03402,1
3403,test_03403,1
3404,test_03404,1
3405,test_03405,1
3406,test_03406,1
3407,test_03407,1
3408,test_03408,1
3409,test_03409,0
3410,test_03410,1
3411,test_03411,1
3412,test_03412,1
3413,test_03413,1
3414,test_03414,1
3415,test_03415,1
3416,test_03416,1
3417,test_03417,1
3418,test_03418,1
3419,test_03419,1
3420,test_03420,1
3421,test_03421,1
3422,test_03422,1
3423,test_03423,1
3424,test_03424,1
3425,test_03425,1
3426,test_03426,1
3427,test_03427,1
3428,test_03428,1
3429,test_03429,1
3430,test_03430,1
3431,test_03431,1
3432,test_03432,1
3433,test_03433,1
3434,test_03434,0
3435,test_03435,1
3436,test_03436,1
3437,test_03437,1
3438,test_03438,1
3439,test_03439,1
3440,test_03440,1
3441,test_03441,1
3442,test_03442,1
3443,test_03443,1
3444,test_03444,1
3445,test_03445,1
3446,test_03446,0
3447,test_03447,1
3448,test_03448,1
3449,test_03449,1
3450,test_03450,1
3451,test_03451,1
3452,test_03452,1
3453,test_03453,1
3454,test_03454,1
3455,test_03455,1
3456,test_03456,1
3457,test_03457,1
3458,test_03458,1
3459,test_03459,1
3460,test_03460,1
3461,test_03461,1
3462,test_03462,1
3463,test_03463,1
3464,test_03464,1
3465,test_03465,1
3466,test_03466,1
3467,test_03467,1
3468,test_03468,1
3469,test_03469,1
3470,test_03470,1
3471,test_03471,1
3472,test_03472,1
3473,test_03473,0
3474,test_03474,1
3475,test_03475,1
3476,test_03476,1
3477,test_03477,1
3478,test_03478,1
3479,test_03479,1
3480,test_03480,1
3481,test_03481,1
3482,test_03482,1
3483,test_03483,1
3484,test_03484,1
3485,test_03485,1
3486,test_03486,1
3487,test_03487,1
3488,test_03488,1
3489,test_03489,1
3490,test_03490,0
3491,test_03491,1
3492,test_03492,1
3493,test_03493,1
3494,test_03494,1
3495,test_03495,1
3496,test_03496,1
3497,test_03497,1
3498,test_03498,1
3499,test_03499,1
3500,test_03500,1
3501,test_03501,1
3502,test_03502,1
3503,test_03503,1
3504,test_03504,1
3505,test_03505,1
3506,test_03506,1
3507,test_03507,1
3508,test_03508,0
3509,test_03509,0
3510,test_03510,0
3511,test_03511,1
3512,test_03512,1
3513,test_03513,1
3514,test_03514,1
3515,test_03515,1
3516,test_03516,1
3517,test_03517,1
3518,test_03518,1
3519,test_03519,1
3520,test_03520,1
3521,test_03521,1
3522,test_03522,1
3523,test_03523,1
3524,test_03524,1
3525,test_03525,1
3526,test_03526,1
3527,test_03527,1
3528,test_03528,1
3529,test_03529,1
3530,test_03530,1
3531,test_03531,1
3532,test_03532,1
3533,test_03533,1
3534,test_03534,1
3535,test_03535,1
3536,test_03536,1
3537,test_03537,0
3538,test_03538,1
3539,test_03539,1
3540,test_03540,1
3541,test_03541,1
3542,test_03542,1
3543,test_03543,1
3544,test_03544,1
3545,test_03545,1
3546,test_03546,0
3547,test_03547,1
3548,test_03548,1
3549,test_03549,0
3550,test_03550,1
3551,test_03551,1
3552,test_03552,1
3553,test_03553,1
3554,test_03554,1
3555,test_03555,1
3556,test_03556,1
3557,test_03557,1
3558,test_03558,1
3559,test_03559,1
3560,test_03560,1
3561,test_03561,1
3562,test_03562,0
3563,test_03563,1
3564,test_03564,1
3565,test_03565,1
3566,test_03566,1
3567,test_03567,1
3568,test_03568,1
3569,test_03569,1
3570,test_03570,0
3571,test_03571,1
3572,test_03572,1
3573,test_03573,0
3574,test_03574,1
3575,test_03575,0
3576,test_03576,1
3577,test_03577,1
3578,test_03578,1
3579,test_03579,1
3580,test_03580,0
3581,test_03581,1
3582,test_03582,0
3583,test_03583,1
3584,test_03584,1
3585,test_03585,1
3586,test_03586,0
3587,test_03587,1
3588,test_03588,1
3589,test_03589,1
3590,test_03590,1
3591,test_03591,1
3592,test_03592,1
3593,test_03593,1
3594,test_03594,1
3595,test_03595,1
3596,test_03596,1
3597,test_03597,1
3598,test_03598,1
3599,test_03599,1
3600,test_03600,1
3601,test_03601,1
3602,test_03602,1
3603,test_03603,1
3604,test_03604,1
3605,test_03605,1
3606,test_03606,1
3607,test_03607,1
3608,test_03608,1
3609,test_03609,1
3610,test_03610,1
3611,test_03611,1
3612,test_03612,1
3613,test_03613,1
3614,test_03614,1
3615,test_03615,0
3616,test_03616,1
3617,test_03617,0
3618,test_03618,1
3619,test_03619,1
3620,test_03620,1
3621,test_03621,1
3622,test_03622,1
3623,test_03623,1
3624,test_03624,1
3625,test_03625,1
3626,test_03626,1
3627,test_03627,1
3628,test_03628,1
3629,test_03629,1
3630,test_03630,1
3631,test_03631,1
3632,test_03632,1
3633,test_03633,1
3634,test_03634,1
3635,test_03635,0
3636,test_03636,1
3637,test_03637,1
3638,test_03638,1
3639,test_03639,1
3640,test_03640,1
3641,test_03641,1
3642,test_03642,0
3643,test_03643,1
3644,test_03644,1
3645,test_03645,1
3646,test_03646,1
3647,test_03647,1
3648,test_03648,1
3649,test_03649,1
3650,test_03650,1
3651,test_03651,0
3652,test_03652,1
3653,test_03653,1
3654,test_03654,0
3655,test_03655,1
3656,test_03656,1
3657,test_03657,1
3658,test_03658,1
3659,test_03659,1
3660,test_03660,1
3661,test_03661,1
3662,test_03662,1
3663,test_03663,1
3664,test_03664,1
3665,test_03665,1
3666,test_03666,1
3667,test_03667,1
3668,test_03668,1
3669,test_03669,1
3670,test_03670,1
3671,test_03671,1
3672,test_03672,1
3673,test_03673,1
3674,test_03674,1
3675,test_03675,1
3676,test_03676,1
3677,test_03677,1
3678,test_03678,1
3679,test_03679,1
3680,test_03680,1
3681,test_03681,1
3682,test_03682,1
3683,test_03683,1
3684,test_03684,1
3685,test_03685,1
3686,test_03686,1
3687,test_03687,1
3688,test_03688,1
3689,test_03689,1
3690,test_03690,1
3691,test_03691,1
3692,test_03692,1
3693,test_03693,1
3694,test_03694,0
3695,test_03695,1
3696,test_03696,1
3697,test_03697,0
3698,test_03698,0
3699,test_03699,1
3700,test_03700,1
3701,test_03701,1
3702,test_03702,1
3703,test_03703,1
3704,test_03704,1
3705,test_03705,1
3706,test_03706,0
3707,test_03707,1
3708,test_03708,1
3709,test_03709,1
3710,test_03710,1
3711,test_03711,1
3712,test_03712,1
3713,test_03713,1
3714,test_03714,1
3715,test_03715,1
3716,test_03716,1
3717,test_03717,1
3718,test_03718,1
3719,test_03719,1
3720,test_03720,1
3721,test_03721,1
3722,test_03722,1
3723,test_03723,0
3724,test_03724,1
3725,test_03725,1
3726,test_03726,1
3727,test_03727,1
3728,test_03728,1
3729,test_03729,1
3730,test_03730,1
3731,test_03731,1
3732,test_03732,1
3733,test_03733,1
3734,test_03734,1
3735,test_03735,1
3736,test_03736,1
3737,test_03737,1
3738,test_03738,1
3739,test_03739,1
3740,test_03740,1
3741,test_03741,1
3742,test_03742,1
3743,test_03743,1
3744,test_03744,1
3745,test_03745,1
3746,test_03746,1
3747,test_03747,1
3748,test_03748,1
3749,test_03749,1
3750,test_03750,1
3751,test_03751,1
3752,test_03752,1
3753,test_03753,1
3754,test_03754,1
3755,test_03755,1
3756,test_03756,1
3757,test_03757,1
3758,test_03758,1
3759,test_03759,1
3760,test_03760,0
3761,test_03761,1
3762,test_03762,1
3763,test_03763,1
3764,test_03764,1
3765,test_03765,1
3766,test_03766,1
3767,test_03767,1
3768,test_03768,1
3769,test_03769,1
3770,test_03770,1
3771,test_03771,1
3772,test_03772,1
3773,test_03773,1
3774,test_03774,1
3775,test_03775,1
3776,test_03776,1
3777,test_03777,1
3778,test_03778,1
3779,test_03779,1
3780,test_03780,1
3781,test_03781,1
3782,test_03782,1
3783,test_03783,1
3784,test_03784,1
3785,test_03785,1
3786,test_03786,0
3787,test_03787,1
3788,test_03788,1
3789,test_03789,1
3790,test_03790,1
3791,test_03791,1
3792,test_03792,1
3793,test_03793,1
3794,test_03794,1
3795,test_03795,1
3796,test_03796,0
3797,test_03797,1
3798,test_03798,1
3799,test_03799,0
3800,test_03800,1
3801,test_03801,1
3802,test_03802,1
3803,test_03803,1
3804,test_03804,1
3805,test_03805,1
3806,test_03806,1
3807,test_03807,1
3808,test_03808,1
3809,test_03809,1
3810,test_03810,1
3811,test_03811,0
3812,test_03812,1
3813,test_03813,1
3814,test_03814,0
3815,test_03815,1
3816,test_03816,1
3817,test_03817,0
3818,test_03818,1
3819,test_03819,0
3820,test_03820,1
3821,test_03821,1
3822,test_03822,1
3823,test_03823,1
3824,test_03824,1
3825,test_03825,1
3826,test_03826,1
3827,test_03827,1
3828,test_03828,1
3829,test_03829,1
3830,test_03830,1
3831,test_03831,1
3832,test_03832,1
3833,test_03833,1
3834,test_03834,1
3835,test_03835,1
3836,test_03836,1
3837,test_03837,1
3838,test_03838,1
3839,test_03839,1
3840,test_03840,1
3841,test_03841,1
3842,test_03842,1
3843,test_03843,1
3844,test_03844,1
3845,test_03845,1
3846,test_03846,1
3847,test_03847,1
3848,test_03848,1
3849,test_03849,1
3850,test_03850,1
3851,test_03851,1
3852,test_03852,1
3853,test_03853,1
3854,test_03854,1
3855,test_03855,1
3856,test_03856,1
3857,test_03857,1
3858,test_03858,1
3859,test_03859,1
3860,test_03860,1
3861,test_03861,1
3862,test_03862,1
3863,test_03863,1
3864,test_03864,1
3865,test_03865,1
3866,test_03866,1
3867,test_03867,1
3868,test_03868,0
3869,test_03869,1
3870,test_03870,1
3871,test_03871,1
3872,test_03872,1
3873,test_03873,1
3874,test_03874,1
3875,test_03875,1
3876,test_03876,0
3877,test_03877,1
3878,test_03878,1
3879,test_03879,1
3880,test_03880,1
3881,test_03881,1
3882,test_03882,1
3883,test_03883,0
3884,test_03884,1
3885,test_03885,1
3886,test_03886,1
3887,test_03887,1
3888,test_03888,1
3889,test_03889,1
3890,test_03890,1
3891,test_03891,1
3892,test_03892,1
3893,test_03893,1
3894,test_03894,1
3895,test_03895,1
3896,test_03896,1
3897,test_03897,1
3898,test_03898,1
3899,test_03899,1
3900,test_03900,1
3901,test_03901,1
3902,test_03902,1
3903,test_03903,1
3904,test_03904,0
3905,test_03905,1
3906,test_03906,1
3907,test_03907,1
3908,test_03908,0
3909,test_03909,1
3910,test_03910,1
3911,test_03911,0
3912,test_03912,1
3913,test_03913,1
3914,test_03914,1
3915,test_03915,1
3916,test_03916,1
3917,test_03917,1
3918,test_03918,1
3919,test_03919,1
3920,test_03920,1
3921,test_03921,1
3922,test_03922,1
3923,test_03923,1
3924,test_03924,0
3925,test_03925,1
3926,test_03926,1
3927,test_03927,1
3928,test_03928,1
3929,test_03929,1
3930,test_03930,1
3931,test_03931,0
3932,test_03932,1
3933,test_03933,1
3934,test_03934,0
3935,test_03935,1
3936,test_03936,1
3937,test_03937,1
3938,test_03938,1
3939,test_03939,1
3940,test_03940,1
3941,test_03941,1
3942,test_03942,1
3943,test_03943,1
3944,test_03944,0
3945,test_03945,1
3946,test_03946,1
3947,test_03947,1
3948,test_03948,1
3949,test_03949,1
3950,test_03950,1
3951,test_03951,1
3952,test_03952,1
3953,test_03953,1
3954,test_03954,1
3955,test_03955,1
3956,test_03956,1
3957,test_03957,1
3958,test_03958,1
3959,test_03959,1
3960,test_03960,1
3961,test_03961,1
3962,test_03962,1
3963,test_03963,1
3964,test_03964,1
3965,test_03965,1
3966,test_03966,1
3967,test_03967,0
3968,test_03968,1
3969,test_03969,1
3970,test_03970,0
3971,test_03971,1
3972,test_03972,1
3973,test_03973,1
3974,test_03974,1
3975,test_03975,0
3976,test_03976,1
3977,test_03977,0
3978,test_03978,1
3979,test_03979,1
3980,test_03980,1
3981,test_03981,1
3982,test_03982,1
3983,test_03983,1
3984,test_03984,1
3985,test_03985,1
3986,test_03986,1
3987,test_03987,1
3988,test_03988,1
3989,test_03989,1
3990,test_03990,0
3991,test_03991,1
3992,test_03992,1
3993,test_03993,1
3994,test_03994,0
3995,test_03995,1
3996,test_03996,1
3997,test_03997,1
3998,test_03998,1
3999,test_03999,1
4000,test_04000,1
4001,test_04001,1
4002,test_04002,1
4003,test_04003,1
4004,test_04004,1
4005,test_04005,1
4006,test_04006,1
4007,test_04007,1
4008,test_04008,1
4009,test_04009,1
4010,test_04010,1
4011,test_04011,1
4012,test_04012,1
4013,test_04013,1
4014,test_04014,1
4015,test_04015,1
4016,test_04016,1
4017,test_04017,0
4018,test_04018,1
4019,test_04019,1
4020,test_04020,1
4021,test_04021,1
4022,test_04022,1
4023,test_04023,1
4024,test_04024,1
4025,test_04025,1
4026,test_04026,1
4027,test_04027,1
4028,test_04028,0
4029,test_04029,0
4030,test_04030,1
4031,test_04031,1
4032,test_04032,0
4033,test_04033,1
4034,test_04034,1
4035,test_04035,1
4036,test_04036,1
4037,test_04037,1
4038,test_04038,1
4039,test_04039,1
4040,test_04040,1
4041,test_04041,1
4042,test_04042,1
4043,test_04043,1
4044,test_04044,1
4045,test_04045,1
4046,test_04046,1
4047,test_04047,1
4048,test_04048,1
4049,test_04049,1
4050,test_04050,1
4051,test_04051,1
4052,test_04052,1
4053,test_04053,1
4054,test_04054,1
4055,test_04055,1
4056,test_04056,1
4057,test_04057,1
4058,test_04058,1
4059,test_04059,1
4060,test_04060,1
4061,test_04061,1
4062,test_04062,1
4063,test_04063,1
4064,test_04064,1
4065,test_04065,1
4066,test_04066,1
4067,test_04067,1
4068,test_04068,0
4069,test_04069,1
4070,test_04070,1
4071,test_04071,1
4072,test_04072,1
4073,test_04073,1
4074,test_04074,1
4075,test_04075,0
4076,test_04076,1
4077,test_04077,1
4078,test_04078,1
4079,test_04079,1
4080,test_04080,1
4081,test_04081,1
4082,test_04082,1
4083,test_04083,0
4084,test_04084,1
4085,test_04085,1
4086,test_04086,1
4087,test_04087,1
4088,test_04088,1
4089,test_04089,1
4090,test_04090,1
4091,test_04091,1
4092,test_04092,1
4093,test_04093,1
4094,test_04094,1
4095,test_04095,1
4096,test_04096,1
4097,test_04097,1
4098,test_04098,1
4099,test_04099,1
4100,test_04100,1
4101,test_04101,1
4102,test_04102,1
4103,test_04103,1
4104,test_04104,1
4105,test_04105,1
4106,test_04106,1
4107,test_04107,1
4108,test_04108,1
4109,test_04109,1
4110,test_04110,1
4111,test_04111,1
4112,test_04112,1
4113,test_04113,1
4114,test_04114,1
4115,test_04115,1
4116,test_04116,1
4117,test_04117,1
4118,test_04118,1
4119,test_04119,0
4120,test_04120,1
4121,test_04121,1
4122,test_04122,1
4123,test_04123,1
4124,test_04124,1
4125,test_04125,1
4126,test_04126,1
4127,test_04127,1
4128,test_04128,1
4129,test_04129,1
4130,test_04130,1
4131,test_04131,1
4132,test_04132,1
4133,test_04133,1
4134,test_04134,1
4135,test_04135,1
4136,test_04136,1
4137,test_04137,1
4138,test_04138,1
4139,test_04139,0
4140,test_04140,1
4141,test_04141,1
4142,test_04142,1
4143,test_04143,1
4144,test_04144,1
4145,test_04145,1
4146,test_04146,1
4147,test_04147,0
4148,test_04148,1
4149,test_04149,1
4150,test_04150,1
4151,test_04151,0
4152,test_04152,1
4153,test_04153,1
4154,test_04154,0
4155,test_04155,1
4156,test_04156,1
4157,test_04157,0
4158,test_04158,1
4159,test_04159,1
4160,test_04160,1
4161,test_04161,1
4162,test_04162,1
4163,test_04163,1
4164,test_04164,1
4165,test_04165,1
4166,test_04166,0
4167,test_04167,1
4168,test_04168,1
4169,test_04169,1
4170,test_04170,1
4171,test_04171,1
4172,test_04172,1
4173,test_04173,1
4174,test_04174,0
4175,test_04175,1
4176,test_04176,1
4177,test_04177,0
4178,test_04178,0
4179,test_04179,1
4180,test_04180,1
4181,test_04181,1
4182,test_04182,1
4183,test_04183,0
4184,test_04184,1
4185,test_04185,1
4186,test_04186,1
4187,test_04187,1
4188,test_04188,1
4189,test_04189,1
4190,test_04190,1
4191,test_04191,1
4192,test_04192,1
4193,test_04193,1
4194,test_04194,1
4195,test_04195,1
4196,test_04196,1
4197,test_04197,1
4198,test_04198,1
4199,test_04199,1
4200,test_04200,0
4201,test_04201,1
4202,test_04202,1
4203,test_04203,1
4204,test_04204,1
4205,test_04205,0
4206,test_04206,1
4207,test_04207,1
4208,test_04208,1
4209,test_04209,1
4210,test_04210,1
4211,test_04211,1
4212,test_04212,0
4213,test_04213,1
4214,test_04214,1
4215,test_04215,1
4216,test_04216,1
4217,test_04217,1
4218,test_04218,1
4219,test_04219,0
4220,test_04220,1
4221,test_04221,1
4222,test_04222,1
4223,test_04223,1
4224,test_04224,1
4225,test_04225,1
4226,test_04226,1
4227,test_04227,1
4228,test_04228,1
4229,test_04229,1
4230,test_04230,0
4231,test_04231,1
4232,test_04232,1
4233,test_04233,1
4234,test_04234,1
4235,test_04235,1
4236,test_04236,1
4237,test_04237,1
4238,test_04238,1
4239,test_04239,1
4240,test_04240,1
4241,test_04241,1
4242,test_04242,1
4243,test_04243,1
4244,test_04244,1
4245,test_04245,1
4246,test_04246,1
4247,test_04247,1
4248,test_04248,1
4249,test_04249,1
4250,test_04250,1
4251,test_04251,0
4252,test_04252,1
4253,test_04253,1
4254,test_04254,1
4255,test_04255,1
4256,test_04256,1
4257,test_04257,1
4258,test_04258,1
4259,test_04259,1
4260,test_04260,1
4261,test_04261,1
4262,test_04262,1
4263,test_04263,1
4264,test_04264,1
4265,test_04265,1
4266,test_04266,1
4267,test_04267,1
4268,test_04268,1
4269,test_04269,1
4270,test_04270,1
4271,test_04271,1
4272,test_04272,1
4273,test_04273,0
4274,test_04274,1
4275,test_04275,1
4276,test_04276,1
4277,test_04277,1
4278,test_04278,1
4279,test_04279,1
4280,test_04280,1
4281,test_04281,1
4282,test_04282,1
4283,test_04283,1
4284,test_04284,1
4285,test_04285,1
4286,test_04286,1
4287,test_04287,1
4288,test_04288,1
4289,test_04289,1
4290,test_04290,1
4291,test_04291,1
4292,test_04292,1
4293,test_04293,1
4294,test_04294,1
4295,test_04295,1
4296,test_04296,1
4297,test_04297,0
4298,test_04298,1
4299,test_04299,1
4300,test_04300,1
4301,test_04301,1
4302,test_04302,1
4303,test_04303,1
4304,test_04304,1
4305,test_04305,1
4306,test_04306,1
4307,test_04307,1
4308,test_04308,1
4309,test_04309,1
4310,test_04310,1
4311,test_04311,1
4312,test_04312,1
4313,test_04313,1
4314,test_04314,1
4315,test_04315,1
4316,test_04316,1
4317,test_04317,1
4318,test_04318,1
4319,test_04319,1
4320,test_04320,1
4321,test_04321,1
4322,test_04322,1
4323,test_04323,1
4324,test_04324,1
4325,test_04325,1
4326,test_04326,1
4327,test_04327,1
4328,test_04328,1
4329,test_04329,0
4330,test_04330,1
4331,test_04331,1
4332,test_04332,1
4333,test_04333,1
4334,test_04334,1
4335,test_04335,1
4336,test_04336,1
4337,test_04337,1
4338,test_04338,0
4339,test_04339,1
4340,test_04340,1
4341,test_04341,1
4342,test_04342,1
4343,test_04343,1
4344,test_04344,0
4345,test_04345,1
4346,test_04346,1
4347,test_04347,1
4348,test_04348,1
4349,test_04349,0
4350,test_04350,1
4351,test_04351,1
4352,test_04352,1
4353,test_04353,1
4354,test_04354,1
4355,test_04355,1
4356,test_04356,1
4357,test_04357,1
4358,test_04358,1
4359,test_04359,1
4360,test_04360,1
4361,test_04361,1
4362,test_04362,1
4363,test_04363,1
4364,test_04364,1
4365,test_04365,1
4366,test_04366,1
4367,test_04367,1
4368,test_04368,1
4369,test_04369,1
4370,test_04370,1
4371,test_04371,1
4372,test_04372,1
4373,test_04373,1
4374,test_04374,1
4375,test_04375,1
4376,test_04376,0
4377,test_04377,1
4378,test_04378,0
4379,test_04379,1
4380,test_04380,0
4381,test_04381,1
4382,test_04382,1
4383,test_04383,1
4384,test_04384,1
4385,test_04385,1
4386,test_04386,1
4387,test_04387,1
4388,test_04388,1
4389,test_04389,0
4390,test_04390,1
4391,test_04391,1
4392,test_04392,1
4393,test_04393,1
4394,test_04394,1
4395,test_04395,1
4396,test_04396,1
4397,test_04397,1
4398,test_04398,0
4399,test_04399,0
4400,test_04400,1
4401,test_04401,1
4402,test_04402,1
4403,test_04403,1
4404,test_04404,1
4405,test_04405,1
4406,test_04406,1
4407,test_04407,0
4408,test_04408,1
4409,test_04409,1
4410,test_04410,1
4411,test_04411,1
4412,test_04412,1
4413,test_04413,1
4414,test_04414,1
4415,test_04415,1
4416,test_04416,1
4417,test_04417,1
4418,test_04418,1
4419,test_04419,1
4420,test_04420,1
4421,test_04421,1
4422,test_04422,1
4423,test_04423,1
4424,test_04424,1
4425,test_04425,1
4426,test_04426,1
4427,test_04427,1
4428,test_04428,1
4429,test_04429,1
4430,test_04430,1
4431,test_04431,1
4432,test_04432,1
4433,test_04433,1
4434,test_04434,1
4435,test_04435,1
4436,test_04436,1
4437,test_04437,1
4438,test_04438,1
4439,test_04439,1
4440,test_04440,1
4441,test_04441,1
4442,test_04442,1
4443,test_04443,1
4444,test_04444,0
4445,test_04445,1
4446,test_04446,1
4447,test_04447,1
4448,test_04448,1
4449,test_04449,1
4450,test_04450,1
4451,test_04451,1
4452,test_04452,1
4453,test_04453,0
4454,test_04454,1
4455,test_04455,1
4456,test_04456,1
4457,test_04457,1
4458,test_04458,1
4459,test_04459,1
4460,test_04460,1
4461,test_04461,1
4462,test_04462,1
4463,test_04463,1
4464,test_04464,1
4465,test_04465,1
4466,test_04466,1
4467,test_04467,1
4468,test_04468,1
4469,test_04469,1
4470,test_04470,1
4471,test_04471,1
4472,test_04472,1
4473,test_04473,1
4474,test_04474,1
4475,test_04475,1
4476,test_04476,1
4477,test_04477,1
4478,test_04478,1
4479,test_04479,1
4480,test_04480,1
4481,test_04481,1
4482,test_04482,1
4483,test_04483,1
4484,test_04484,1
4485,test_04485,1
4486,test_04486,1
4487,test_04487,1
4488,test_04488,1
4489,test_04489,1
4490,test_04490,0
4491,test_04491,1
4492,test_04492,0
4493,test_04493,1
4494,test_04494,1
4495,test_04495,1
4496,test_04496,1
4497,test_04497,1
4498,test_04498,1
4499,test_04499,1
4500,test_04500,1
4501,test_04501,1
4502,test_04502,1
4503,test_04503,0
4504,test_04504,1
4505,test_04505,1
4506,test_04506,1
4507,test_04507,1
4508,test_04508,1
4509,test_04509,1
4510,test_04510,1
4511,test_04511,1
4512,test_04512,1
4513,test_04513,0
4514,test_04514,1
4515,test_04515,1
4516,test_04516,1
4517,test_04517,1
4518,test_04518,1
4519,test_04519,1
4520,test_04520,1
4521,test_04521,1
4522,test_04522,1
4523,test_04523,1
4524,test_04524,1
4525,test_04525,1
4526,test_04526,1
4527,test_04527,0
4528,test_04528,1
4529,test_04529,1
4530,test_04530,1
4531,test_04531,1
4532,test_04532,1
4533,test_04533,1
4534,test_04534,1
4535,test_04535,1
4536,test_04536,1
4537,test_04537,1
4538,test_04538,1
4539,test_04539,1
4540,test_04540,1
4541,test_04541,1
4542,test_04542,1
4543,test_04543,1
4544,test_04544,0
4545,test_04545,1
4546,test_04546,1
4547,test_04547,0
4548,test_04548,1
4549,test_04549,1
4550,test_04550,1
4551,test_04551,1
4552,test_04552,1
4553,test_04553,1
4554,test_04554,1
4555,test_04555,1
4556,test_04556,1
4557,test_04557,1
4558,test_04558,1
4559,test_04559,1
4560,test_04560,1
4561,test_04561,1
4562,test_04562,1
4563,test_04563,1
4564,test_04564,1
4565,test_04565,1
4566,test_04566,1
4567,test_04567,1
4568,test_04568,1
4569,test_04569,1
4570,test_04570,1
4571,test_04571,1
4572,test_04572,0
4573,test_04573,1
4574,test_04574,1
4575,test_04575,1
4576,test_04576,1
4577,test_04577,1
4578,test_04578,1
4579,test_04579,1
4580,test_04580,1
4581,test_04581,1
4582,test_04582,0
4583,test_04583,1
4584,test_04584,1
4585,test_04585,1
4586,test_04586,1
4587,test_04587,1
4588,test_04588,1
4589,test_04589,1
4590,test_04590,1
4591,test_04591,1
4592,test_04592,1
4593,test_04593,1
4594,test_04594,1
4595,test_04595,1
4596,test_04596,1
4597,test_04597,1
4598,test_04598,1
4599,test_04599,1
4600,test_04600,1
4601,test_04601,1
4602,test_04602,0
4603,test_04603,1
4604,test_04604,1
4605,test_04605,1
4606,test_04606,1
4607,test_04607,1
4608,test_04608,1
4609,test_04609,0
4610,test_04610,1
4611,test_04611,1
4612,test_04612,1
4613,test_04613,1
4614,test_04614,1
4615,test_04615,0
4616,test_04616,1
4617,test_04617,0
4618,test_04618,1
4619,test_04619,1
4620,test_04620,1
4621,test_04621,1
4622,test_04622,1
4623,test_04623,1
4624,test_04624,1
4625,test_04625,1
4626,test_04626,1
4627,test_04627,1
4628,test_04628,1
4629,test_04629,1
4630,test_04630,1
4631,test_04631,1
4632,test_04632,1
4633,test_04633,0
4634,test_04634,1
4635,test_04635,1
4636,test_04636,1
4637,test_04637,1
4638,test_04638,1
4639,test_04639,1
4640,test_04640,0
4641,test_04641,0
4642,test_04642,1
4643,test_04643,0
4644,test_04644,1
4645,test_04645,0
4646,test_04646,1
4647,test_04647,1
4648,test_04648,1
4649,test_04649,1
4650,test_04650,1
4651,test_04651,1
4652,test_04652,1
4653,test_04653,1
4654,test_04654,1
4655,test_04655,1
4656,test_04656,1
4657,test_04657,1
4658,test_04658,1
4659,test_04659,1
4660,test_04660,1
4661,test_04661,1
4662,test_04662,1
4663,test_04663,0
4664,test_04664,1
4665,test_04665,1
4666,test_04666,1
4667,test_04667,1
4668,test_04668,1
4669,test_04669,0
4670,test_04670,1
4671,test_04671,1
4672,test_04672,1
4673,test_04673,0
4674,test_04674,1
4675,test_04675,1
4676,test_04676,1
4677,test_04677,1
4678,test_04678,1
4679,test_04679,1
4680,test_04680,1
4681,test_04681,1
4682,test_04682,1
4683,test_04683,1
4684,test_04684,1
4685,test_04685,1
4686,test_04686,1
4687,test_04687,1
4688,test_04688,1
4689,test_04689,1
4690,test_04690,1
4691,test_04691,1
4692,test_04692,1
4693,test_04693,1
4694,test_04694,1
4695,test_04695,1
4696,test_04696,1
4697,test_04697,1
4698,test_04698,1
4699,test_04699,1
4700,test_04700,1
4701,test_04701,1
4702,test_04702,1
4703,test_04703,1
4704,test_04704,1
4705,test_04705,1
4706,test_04706,1
4707,test_04707,1
4708,test_04708,1
4709,test_04709,1
4710,test_04710,1
4711,test_04711,1
4712,test_04712,1
4713,test_04713,1
4714,test_04714,1
4715,test_04715,1
4716,test_04716,1
4717,test_04717,1
4718,test_04718,1
4719,test_04719,1
4720,test_04720,1
4721,test_04721,1
4722,test_04722,1
4723,test_04723,1
4724,test_04724,1
4725,test_04725,1
4726,test_04726,1
4727,test_04727,0
4728,test_04728,1
4729,test_04729,1
4730,test_04730,1
4731,test_04731,1
4732,test_04732,1
4733,test_04733,1
4734,test_04734,1
4735,test_04735,0
4736,test_04736,1
4737,test_04737,1
4738,test_04738,1
4739,test_04739,1
4740,test_04740,0
4741,test_04741,1
4742,test_04742,1
4743,test_04743,1
4744,test_04744,1
4745,test_04745,1
4746,test_04746,0
4747,test_04747,1
4748,test_04748,1
4749,test_04749,1
4750,test_04750,1
4751,test_04751,1
4752,test_04752,1
4753,test_04753,1
4754,test_04754,1
4755,test_04755,1
4756,test_04756,1
4757,test_04757,1
4758,test_04758,1
4759,test_04759,1
4760,test_04760,1
4761,test_04761,1
4762,test_04762,1
4763,test_04763,1
4764,test_04764,1
4765,test_04765,0
4766,test_04766,1
4767,test_04767,1
4768,test_04768,1
4769,test_04769,1
4770,test_04770,1
4771,test_04771,1
4772,test_04772,1
4773,test_04773,1
4774,test_04774,1
4775,test_04775,1
4776,test_04776,1
4777,test_04777,1
4778,test_04778,1
4779,test_04779,1
4780,test_04780,1
4781,test_04781,0
4782,test_04782,1
4783,test_04783,0
4784,test_04784,1
4785,test_04785,0
4786,test_04786,1
4787,test_04787,1
4788,test_04788,1
4789,test_04789,1
4790,test_04790,1
4791,test_04791,1
4792,test_04792,1
4793,test_04793,1
4794,test_04794,1
4795,test_04795,1
4796,test_04796,1
4797,test_04797,1
4798,test_04798,1
4799,test_04799,1
4800,test_04800,1
4801,test_04801,1
4802,test_04802,0
4803,test_04803,1
4804,test_04804,1
4805,test_04805,1
4806,test_04806,1
4807,test_04807,1
4808,test_04808,1
4809,test_04809,1
4810,test_04810,1
4811,test_04811,1
4812,test_04812,1
4813,test_04813,0
4814,test_04814,1
4815,test_04815,1
4816,test_04816,1
4817,test_04817,1
4818,test_04818,1
4819,test_04819,0
4820,test_04820,1
4821,test_04821,1
4822,test_04822,0
4823,test_04823,1
4824,test_04824,1
4825,test_04825,1
4826,test_04826,1
4827,test_04827,1
4828,test_04828,1
4829,test_04829,1
4830,test_04830,1
4831,test_04831,1
4832,test_04832,1
4833,test_04833,1
4834,test_04834,1
4835,test_04835,1
4836,test_04836,1
4837,test_04837,1
4838,test_04838,1
4839,test_04839,1
4840,test_04840,1
4841,test_04841,1
4842,test_04842,1
4843,test_04843,1
4844,test_04844,1
4845,test_04845,1
4846,test_04846,0
4847,test_04847,1
4848,test_04848,1
4849,test_04849,1
4850,test_04850,1
4851,test_04851,1
4852,test_04852,1
4853,test_04853,0
4854,test_04854,1
4855,test_04855,1
4856,test_04856,1
4857,test_04857,1
4858,test_04858,1
4859,test_04859,1
4860,test_04860,0
4861,test_04861,1
4862,test_04862,1
4863,test_04863,1
4864,test_04864,1
4865,test_04865,0
4866,test_04866,1
4867,test_04867,1
4868,test_04868,1
4869,test_04869,1
4870,test_04870,1
4871,test_04871,1
4872,test_04872,1
4873,test_04873,1
4874,test_04874,1
4875,test_04875,1
4876,test_04876,1
4877,test_04877,1
4878,test_04878,1
4879,test_04879,1
4880,test_04880,1
4881,test_04881,1
4882,test_04882,1
4883,test_04883,1
4884,test_04884,1
4885,test_04885,1
4886,test_04886,0
4887,test_04887,1
4888,test_04888,1
4889,test_04889,0
4890,test_04890,1
4891,test_04891,1
4892,test_04892,1
4893,test_04893,1
4894,test_04894,1
4895,test_04895,1
4896,test_04896,1
4897,test_04897,1
4898,test_04898,1
4899,test_04899,1
4900,test_04900,1
4901,test_04901,1
4902,test_04902,1
4903,test_04903,0
4904,test_04904,1
4905,test_04905,1
4906,test_04906,1
4907,test_04907,1
4908,test_04908,1
4909,test_04909,1
4910,test_04910,1
4911,test_04911,0
4912,test_04912,1
4913,test_04913,1
4914,test_04914,0
4915,test_04915,1
4916,test_04916,1
4917,test_04917,1
4918,test_04918,1
4919,test_04919,1
4920,test_04920,1
4921,test_04921,1
4922,test_04922,1
4923,test_04923,0
4924,test_04924,1
4925,test_04925,1
4926,test_04926,1
4927,test_04927,1
4928,test_04928,1
4929,test_04929,1
4930,test_04930,1
4931,test_04931,1
4932,test_04932,1
4933,test_04933,1
4934,test_04934,0
4935,test_04935,1
4936,test_04936,1
4937,test_04937,1
4938,test_04938,0
4939,test_04939,1
4940,test_04940,1
4941,test_04941,1
4942,test_04942,1
4943,test_04943,1
4944,test_04944,1
4945,test_04945,1
4946,test_04946,1
4947,test_04947,1
4948,test_04948,1
4949,test_04949,1
4950,test_04950,1
4951,test_04951,1
4952,test_04952,1
4953,test_04953,1
4954,test_04954,1
4955,test_04955,1
4956,test_04956,1
4957,test_04957,1
4958,test_04958,1
4959,test_04959,1
4960,test_04960,1
4961,test_04961,1
4962,test_04962,1
4963,test_04963,1
4964,test_04964,1
4965,test_04965,1
4966,test_04966,1
4967,test_04967,1
4968,test_04968,1
4969,test_04969,0
4970,test_04970,1
4971,test_04971,1
4972,test_04972,1
4973,test_04973,1
4974,test_04974,1
4975,test_04975,1
4976,test_04976,1
4977,test_04977,1
4978,test_04978,1
4979,test_04979,1
4980,test_04980,1
4981,test_04981,1
4982,test_04982,1
4983,test_04983,0
4984,test_04984,0
4985,test_04985,1
4986,test_04986,1
4987,test_04987,1
4988,test_04988,1
4989,test_04989,0
4990,test_04990,1
4991,test_04991,1
4992,test_04992,1
4993,test_04993,1
4994,test_04994,1
4995,test_04995,1
4996,test_04996,1
4997,test_04997,1
4998,test_04998,1
4999,test_04999,1
5000,test_05000,1
5001,test_05001,1
5002,test_05002,1
5003,test_05003,1
5004,test_05004,1
5005,test_05005,1
5006,test_05006,0
5007,test_05007,1
5008,test_05008,1
5009,test_05009,1
5010,test_05010,1
5011,test_05011,1
5012,test_05012,1
5013,test_05013,1
5014,test_05014,1
5015,test_05015,1
5016,test_05016,1
5017,test_05017,1
5018,test_05018,1
5019,test_05019,1
5020,test_05020,0
5021,test_05021,1
5022,test_05022,1
5023,test_05023,1
5024,test_05024,1
5025,test_05025,1
5026,test_05026,1
5027,test_05027,1
5028,test_05028,1
5029,test_05029,1
5030,test_05030,1
5031,test_05031,1
5032,test_05032,1
5033,test_05033,1
5034,test_05034,1
5035,test_05035,1
5036,test_05036,1
5037,test_05037,1
5038,test_05038,1
5039,test_05039,1
5040,test_05040,1
5041,test_05041,1
5042,test_05042,1
5043,test_05043,1
5044,test_05044,1
5045,test_05045,1
5046,test_05046,1
5047,test_05047,0
5048,test_05048,1
5049,test_05049,1
5050,test_05050,1
5051,test_05051,1
5052,test_05052,1
5053,test_05053,1
5054,test_05054,1
5055,test_05055,1
5056,test_05056,0
5057,test_05057,1
5058,test_05058,1
5059,test_05059,1
5060,test_05060,1
5061,test_05061,1
5062,test_05062,1
5063,test_05063,1
5064,test_05064,1
5065,test_05065,1
5066,test_05066,1
5067,test_05067,1
5068,test_05068,1
5069,test_05069,1
5070,test_05070,1
5071,test_05071,1
5072,test_05072,1
5073,test_05073,1
5074,test_05074,1
5075,test_05075,1
5076,test_05076,1
5077,test_05077,1
5078,test_05078,0
5079,test_05079,1
5080,test_05080,1
5081,test_05081,1
5082,test_05082,1
5083,test_05083,1
5084,test_05084,1
5085,test_05085,1
5086,test_05086,1
5087,test_05087,1
5088,test_05088,1
5089,test_05089,1
5090,test_05090,0
5091,test_05091,1
5092,test_05092,1
5093,test_05093,1
5094,test_05094,1
5095,test_05095,1
5096,test_05096,1
5097,test_05097,1
5098,test_05098,1
5099,test_05099,1
5100,test_05100,1
5101,test_05101,1
5102,test_05102,1
5103,test_05103,1
5104,test_05104,1
5105,test_05105,1
5106,test_05106,1
5107,test_05107,1
5108,test_05108,0
5109,test_05109,1
5110,test_05110,1
5111,test_05111,1
5112,test_05112,1
5113,test_05113,1
5114,test_05114,1
5115,test_05115,1
5116,test_05116,1
5117,test_05117,1
5118,test_05118,0
5119,test_05119,0
5120,test_05120,1
5121,test_05121,1
5122,test_05122,1
5123,test_05123,1
5124,test_05124,1
5125,test_05125,1
5126,test_05126,1
5127,test_05127,1
5128,test_05128,1
5129,test_05129,1
5130,test_05130,0
5131,test_05131,1
5132,test_05132,0
5133,test_05133,1
5134,test_05134,1
5135,test_05135,1
5136,test_05136,1
5137,test_05137,1
5138,test_05138,1
5139,test_05139,1
5140,test_05140,1
5141,test_05141,0
5142,test_05142,1
5143,test_05143,1
5144,test_05144,1
5145,test_05145,1
5146,test_05146,1
5147,test_05147,1
5148,test_05148,1
5149,test_05149,1
5150,test_05150,1
5151,test_05151,1
5152,test_05152,1
5153,test_05153,1
5154,test_05154,1
5155,test_05155,1
5156,test_05156,0
5157,test_05157,1
5158,test_05158,1
5159,test_05159,1
5160,test_05160,1
5161,test_05161,1
5162,test_05162,1
5163,test_05163,1
5164,test_05164,1
5165,test_05165,1
5166,test_05166,0
5167,test_05167,1
5168,test_05168,1
5169,test_05169,1
5170,test_05170,1
5171,test_05171,1
5172,test_05172,1
5173,test_05173,1
5174,test_05174,1
5175,test_05175,1
5176,test_05176,1
5177,test_05177,1
5178,test_05178,1
5179,test_05179,1
5180,test_05180,0
5181,test_05181,1
5182,test_05182,1
5183,test_05183,1
5184,test_05184,1
5185,test_05185,1
5186,test_05186,1
5187,test_05187,1
5188,test_05188,1
5189,test_05189,1
5190,test_05190,1
5191,test_05191,1
5192,test_05192,0
5193,test_05193,1
5194,test_05194,1
5195,test_05195,1
5196,test_05196,1
5197,test_05197,1
5198,test_05198,1
5199,test_05199,1
5200,test_05200,1
5201,test_05201,1
5202,test_05202,1
5203,test_05203,1
5204,test_05204,1
5205,test_05205,1
5206,test_05206,1
5207,test_05207,1
5208,test_05208,1
5209,test_05209,1
5210,test_05210,1
5211,test_05211,1
5212,test_05212,1
5213,test_05213,1
5214,test_05214,1
5215,test_05215,1
5216,test_05216,1
5217,test_05217,1
5218,test_05218,1
5219,test_05219,0
5220,test_05220,1
5221,test_05221,1
5222,test_05222,1
5223,test_05223,1
5224,test_05224,0
5225,test_05225,1
5226,test_05226,1
5227,test_05227,1
5228,test_05228,1
5229,test_05229,1
5230,test_05230,1
5231,test_05231,1
5232,test_05232,1
5233,test_05233,0
5234,test_05234,1
5235,test_05235,1
5236,test_05236,1
5237,test_05237,1
5238,test_05238,1
5239,test_05239,1
5240,test_05240,1
5241,test_05241,1
5242,test_05242,1
5243,test_05243,1
5244,test_05244,1
5245,test_05245,1
5246,test_05246,1
5247,test_05247,1
5248,test_05248,1
5249,test_05249,1
5250,test_05250,1
5251,test_05251,1
5252,test_05252,1
5253,test_05253,1
5254,test_05254,1
5255,test_05255,1
5256,test_05256,1
5257,test_05257,1
5258,test_05258,1
5259,test_05259,1
5260,test_05260,1
5261,test_05261,1
5262,test_05262,1
5263,test_05263,1
5264,test_05264,0
5265,test_05265,1
5266,test_05266,1
5267,test_05267,1
5268,test_05268,1
5269,test_05269,0
5270,test_05270,1
5271,test_05271,1
5272,test_05272,0
5273,test_05273,1
5274,test_05274,1
5275,test_05275,1
5276,test_05276,1
5277,test_05277,1
5278,test_05278,1
5279,test_05279,1
5280,test_05280,1
5281,test_05281,1
5282,test_05282,1
5283,test_05283,1
5284,test_05284,1
5285,test_05285,1
5286,test_05286,0
5287,test_05287,1
5288,test_05288,1
5289,test_05289,1
5290,test_05290,1
5291,test_05291,1
5292,test_05292,1
5293,test_05293,1
5294,test_05294,1
5295,test_05295,1
5296,test_05296,1
5297,test_05297,1
5298,test_05298,1
5299,test_05299,1
5300,test_05300,1
5301,test_05301,1
5302,test_05302,0
5303,test_05303,1
5304,test_05304,1
5305,test_05305,1
5306,test_05306,1
5307,test_05307,1
5308,test_05308,1
5309,test_05309,1
5310,test_05310,1
5311,test_05311,1
5312,test_05312,1
5313,test_05313,1
5314,test_05314,1
5315,test_05315,1
5316,test_05316,1
5317,test_05317,1
5318,test_05318,1
5319,test_05319,1
5320,test_05320,0
5321,test_05321,1
5322,test_05322,1
5323,test_05323,1
5324,test_05324,1
5325,test_05325,1
5326,test_05326,1
5327,test_05327,1
5328,test_05328,1
5329,test_05329,1
5330,test_05330,1
5331,test_05331,1
5332,test_05332,1
5333,test_05333,1
5334,test_05334,1
5335,test_05335,0
5336,test_05336,1
5337,test_05337,1
5338,test_05338,1
5339,test_05339,1
5340,test_05340,1
5341,test_05341,1
5342,test_05342,1
5343,test_05343,1
5344,test_05344,0
5345,test_05345,1
5346,test_05346,0
5347,test_05347,0
5348,test_05348,1
5349,test_05349,1
5350,test_05350,1
5351,test_05351,1
5352,test_05352,1
5353,test_05353,0
5354,test_05354,1
5355,test_05355,1
5356,test_05356,1
5357,test_05357,1
5358,test_05358,1
5359,test_05359,1
5360,test_05360,1
5361,test_05361,1
5362,test_05362,1
5363,test_05363,1
5364,test_05364,1
5365,test_05365,1
5366,test_05366,1
5367,test_05367,1
5368,test_05368,1
5369,test_05369,1
5370,test_05370,1
5371,test_05371,1
5372,test_05372,1
5373,test_05373,1
5374,test_05374,1
5375,test_05375,1
5376,test_05376,0
5377,test_05377,1
5378,test_05378,1
5379,test_05379,1
5380,test_05380,1
5381,test_05381,1
5382,test_05382,1
5383,test_05383,1
5384,test_05384,1
5385,test_05385,1
5386,test_05386,1
5387,test_05387,1
5388,test_05388,1
5389,test_05389,1
5390,test_05390,1
5391,test_05391,0
5392,test_05392,1
5393,test_05393,1
5394,test_05394,1
5395,test_05395,1
5396,test_05396,1
5397,test_05397,1
5398,test_05398,1
5399,test_05399,1
5400,test_05400,1
5401,test_05401,1
5402,test_05402,1
5403,test_05403,1
5404,test_05404,0
5405,test_05405,0
5406,test_05406,1
5407,test_05407,1
5408,test_05408,1
5409,test_05409,1
5410,test_05410,1
5411,test_05411,1
5412,test_05412,0
5413,test_05413,1
5414,test_05414,1
5415,test_05415,1
5416,test_05416,1
5417,test_05417,1
5418,test_05418,1
5419,test_05419,1
5420,test_05420,1
5421,test_05421,1
5422,test_05422,1
5423,test_05423,1
5424,test_05424,1
5425,test_05425,1
5426,test_05426,1
5427,test_05427,1
5428,test_05428,1
5429,test_05429,1
5430,test_05430,1
5431,test_05431,1
5432,test_05432,1
5433,test_05433,1
5434,test_05434,1
5435,test_05435,1
5436,test_05436,0
5437,test_05437,1
5438,test_05438,1
5439,test_05439,1
5440,test_05440,1
5441,test_05441,1
5442,test_05442,1
5443,test_05443,1
5444,test_05444,1
5445,test_05445,1
5446,test_05446,1
5447,test_05447,1
5448,test_05448,1
5449,test_05449,1
5450,test_05450,1
5451,test_05451,1
5452,test_05452,1
5453,test_05453,1
5454,test_05454,1
5455,test_05455,1
5456,test_05456,1
5457,test_05457,1
5458,test_05458,1
5459,test_05459,1
5460,test_05460,1
5461,test_05461,0
5462,test_05462,1
5463,test_05463,1
5464,test_05464,1
5465,test_05465,1
5466,test_05466,1
5467,test_05467,1
5468,test_05468,1
5469,test_05469,1
5470,test_05470,1
5471,test_05471,1
5472,test_05472,1
5473,test_05473,1
5474,test_05474,1
5475,test_05475,1
5476,test_05476,1
5477,test_05477,1
5478,test_05478,1
5479,test_05479,1
5480,test_05480,1
5481,test_05481,1
5482,test_05482,1
5483,test_05483,0
5484,test_05484,1
5485,test_05485,1
5486,test_05486,1
5487,test_05487,1
5488,test_05488,0
5489,test_05489,1
5490,test_05490,1
5491,test_05491,0
5492,test_05492,1
5493,test_05493,1
5494,test_05494,1
5495,test_05495,0
5496,test_05496,1
5497,test_05497,1
5498,test_05498,1
5499,test_05499,1
5500,test_05500,1
5501,test_05501,1
5502,test_05502,1
5503,test_05503,1
5504,test_05504,1
5505,test_05505,0
5506,test_05506,1
5507,test_05507,1
5508,test_05508,1
5509,test_05509,1
5510,test_05510,1
5511,test_05511,1
5512,test_05512,1
5513,test_05513,1
5514,test_05514,1
5515,test_05515,1
5516,test_05516,1
5517,test_05517,1
5518,test_05518,1
5519,test_05519,1
5520,test_05520,1
5521,test_05521,1
5522,test_05522,1
5523,test_05523,1
5524,test_05524,1
5525,test_05525,1
5526,test_05526,1
5527,test_05527,1
5528,test_05528,1
5529,test_05529,1
5530,test_05530,1
5531,test_05531,1
5532,test_05532,0
5533,test_05533,1
5534,test_05534,1
5535,test_05535,1
5536,test_05536,1
5537,test_05537,1
5538,test_05538,1
5539,test_05539,1
5540,test_05540,1
5541,test_05541,1
5542,test_05542,1
5543,test_05543,0
5544,test_05544,1
5545,test_05545,1
5546,test_05546,1
5547,test_05547,0
5548,test_05548,1
5549,test_05549,1
5550,test_05550,1
5551,test_05551,1
5552,test_05552,1
5553,test_05553,1
5554,test_05554,0
5555,test_05555,1
5556,test_05556,1
5557,test_05557,1
5558,test_05558,1
5559,test_05559,1
5560,test_05560,1
5561,test_05561,1
5562,test_05562,1
5563,test_05563,1
5564,test_05564,1
5565,test_05565,1
5566,test_05566,1
5567,test_05567,0
5568,test_05568,1
5569,test_05569,1
5570,test_05570,1
5571,test_05571,1
5572,test_05572,1
5573,test_05573,1
5574,test_05574,1
5575,test_05575,1
5576,test_05576,0
5577,test_05577,1
5578,test_05578,1
5579,test_05579,1
5580,test_05580,1
5581,test_05581,0
5582,test_05582,1
5583,test_05583,1
5584,test_05584,1
5585,test_05585,0
5586,test_05586,1
5587,test_05587,1
5588,test_05588,1
5589,test_05589,1
5590,test_05590,0
5591,test_05591,1
5592,test_05592,1
5593,test_05593,1
5594,test_05594,1
5595,test_05595,1
5596,test_05596,1
5597,test_05597,1
5598,test_05598,1
5599,test_05599,0
5600,test_05600,1
5601,test_05601,1
5602,test_05602,1
5603,test_05603,1
5604,test_05604,1
5605,test_05605,1
5606,test_05606,1
5607,test_05607,1
5608,test_05608,1
5609,test_05609,1
5610,test_05610,0
5611,test_05611,1
5612,test_05612,1
5613,test_05613,1
5614,test_05614,1
5615,test_05615,1
5616,test_05616,1
5617,test_05617,1
5618,test_05618,1
5619,test_05619,1
5620,test_05620,1
5621,test_05621,1
5622,test_05622,0
5623,test_05623,1
5624,test_05624,0
5625,test_05625,1
5626,test_05626,1
5627,test_05627,1
5628,test_05628,1
5629,test_05629,1
5630,test_05630,1
5631,test_05631,1
5632,test_05632,1
5633,test_05633,1
5634,test_05634,1
5635,test_05635,1
5636,test_05636,1
5637,test_05637,1
5638,test_05638,1
5639,test_05639,1
5640,test_05640,1
5641,test_05641,1
5642,test_05642,1
5643,test_05643,1
5644,test_05644,1
5645,test_05645,1
5646,test_05646,1
5647,test_05647,1
5648,test_05648,1
5649,test_05649,0
5650,test_05650,1
5651,test_05651,1
5652,test_05652,0
5653,test_05653,1
5654,test_05654,1
5655,test_05655,1
5656,test_05656,1
5657,test_05657,0
5658,test_05658,1
5659,test_05659,1
5660,test_05660,1
5661,test_05661,1
5662,test_05662,1
5663,test_05663,1
5664,test_05664,1
5665,test_05665,1
5666,test_05666,1
5667,test_05667,1
5668,test_05668,1
5669,test_05669,1
5670,test_05670,1
5671,test_05671,1
5672,test_05672,1
5673,test_05673,1
5674,test_05674,0
5675,test_05675,1
5676,test_05676,1
5677,test_05677,1
5678,test_05678,1
5679,test_05679,0
5680,test_05680,1
5681,test_05681,1
5682,test_05682,1
5683,test_05683,1
5684,test_05684,1
5685,test_05685,1
5686,test_05686,1
5687,test_05687,1
5688,test_05688,1
5689,test_05689,1
5690,test_05690,1
5691,test_05691,1
5692,test_05692,0
5693,test_05693,1
5694,test_05694,1
5695,test_05695,1
5696,test_05696,1
5697,test_05697,1
5698,test_05698,1
5699,test_05699,1
5700,test_05700,1
5701,test_05701,1
5702,test_05702,1
5703,test_05703,1
5704,test_05704,1
5705,test_05705,1
5706,test_05706,1
5707,test_05707,1
5708,test_05708,1
5709,test_05709,1
5710,test_05710,0
5711,test_05711,1
5712,test_05712,0
5713,test_05713,1
5714,test_05714,1
5715,test_05715,1
5716,test_05716,1
5717,test_05717,1
5718,test_05718,1
5719,test_05719,1
5720,test_05720,1
5721,test_05721,1
5722,test_05722,1
5723,test_05723,1
5724,test_05724,1
5725,test_05725,1
5726,test_05726,1
5727,test_05727,1
5728,test_05728,1
5729,test_05729,1
5730,test_05730,1
5731,test_05731,1
5732,test_05732,1
5733,test_05733,1
5734,test_05734,1
5735,test_05735,1
5736,test_05736,1
5737,test_05737,1
5738,test_05738,0
5739,test_05739,1
5740,test_05740,1
5741,test_05741,1
5742,test_05742,1
5743,test_05743,0
5744,test_05744,1
5745,test_05745,1
5746,test_05746,1
5747,test_05747,0
5748,test_05748,1
5749,test_05749,1
5750,test_05750,1
5751,test_05751,1
5752,test_05752,1
5753,test_05753,1
5754,test_05754,1
5755,test_05755,1
5756,test_05756,1
5757,test_05757,1
5758,test_05758,1
5759,test_05759,1
5760,test_05760,1
5761,test_05761,1
5762,test_05762,1
5763,test_05763,1
5764,test_05764,0
5765,test_05765,1
5766,test_05766,1
5767,test_05767,1
5768,test_05768,1
5769,test_05769,1
5770,test_05770,1
5771,test_05771,1
5772,test_05772,1
5773,test_05773,1
5774,test_05774,0
5775,test_05775,1
5776,test_05776,1
5777,test_05777,1
5778,test_05778,1
5779,test_05779,0
5780,test_05780,1
5781,test_05781,1
5782,test_05782,1
5783,test_05783,1
5784,test_05784,1
5785,test_05785,1
5786,test_05786,1
5787,test_05787,1
5788,test_05788,1
5789,test_05789,1
5790,test_05790,1
5791,test_05791,1
5792,test_05792,1
5793,test_05793,1
5794,test_05794,1
5795,test_05795,1
5796,test_05796,1
5797,test_05797,1
5798,test_05798,1
5799,test_05799,1
5800,test_05800,1
5801,test_05801,0
5802,test_05802,0
5803,test_05803,1
5804,test_05804,1
5805,test_05805,1
5806,test_05806,1
5807,test_05807,1
5808,test_05808,0
5809,test_05809,1
5810,test_05810,1
5811,test_05811,0
5812,test_05812,1
5813,test_05813,1
5814,test_05814,1
5815,test_05815,1
5816,test_05816,1
5817,test_05817,1
5818,test_05818,1
5819,test_05819,1
5820,test_05820,1
5821,test_05821,1
5822,test_05822,1
5823,test_05823,1
5824,test_05824,0
5825,test_05825,1
5826,test_05826,1
5827,test_05827,0
5828,test_05828,1
5829,test_05829,1
5830,test_05830,1
5831,test_05831,1
5832,test_05832,1
5833,test_05833,1
5834,test_05834,1
5835,test_05835,1
5836,test_05836,1
5837,test_05837,1
5838,test_05838,1
5839,test_05839,1
5840,test_05840,1
5841,test_05841,1
5842,test_05842,1
5843,test_05843,1
5844,test_05844,0
5845,test_05845,0
5846,test_05846,1
5847,test_05847,1
5848,test_05848,1
5849,test_05849,1
5850,test_05850,1
5851,test_05851,1
5852,test_05852,1
5853,test_05853,1
5854,test_05854,0
5855,test_05855,1
5856,test_05856,1
5857,test_05857,1
5858,test_05858,1
5859,test_05859,1
5860,test_05860,1
5861,test_05861,1
5862,test_05862,1
5863,test_05863,1
5864,test_05864,1
5865,test_05865,1
5866,test_05866,1
5867,test_05867,1
5868,test_05868,1
5869,test_05869,1
5870,test_05870,1
5871,test_05871,1
5872,test_05872,0
5873,test_05873,0
5874,test_05874,1
5875,test_05875,0
5876,test_05876,1
5877,test_05877,1
5878,test_05878,1
5879,test_05879,1
5880,test_05880,0
5881,test_05881,1
5882,test_05882,1
5883,test_05883,1
5884,test_05884,1
5885,test_05885,1
5886,test_05886,1
5887,test_05887,1
5888,test_05888,1
5889,test_05889,1
5890,test_05890,1
5891,test_05891,1
5892,test_05892,1
5893,test_05893,1
5894,test_05894,1
5895,test_05895,1
5896,test_05896,0
5897,test_05897,1
5898,test_05898,1
5899,test_05899,1
5900,test_05900,1
5901,test_05901,1
5902,test_05902,1
5903,test_05903,1
5904,test_05904,1
5905,test_05905,1
5906,test_05906,1
5907,test_05907,1
5908,test_05908,1
5909,test_05909,0
5910,test_05910,1
5911,test_05911,1
5912,test_05912,1
5913,test_05913,1
5914,test_05914,1
5915,test_05915,1
5916,test_05916,1
5917,test_05917,1
5918,test_05918,1
5919,test_05919,1
5920,test_05920,1
5921,test_05921,0
5922,test_05922,1
5923,test_05923,1
5924,test_05924,1
5925,test_05925,1
5926,test_05926,1
5927,test_05927,1
5928,test_05928,1
5929,test_05929,0
5930,test_05930,1
5931,test_05931,1
5932,test_05932,1
5933,test_05933,1
5934,test_05934,1
5935,test_05935,1
5936,test_05936,1
5937,test_05937,1
5938,test_05938,1
5939,test_05939,1
5940,test_05940,1
5941,test_05941,1
5942,test_05942,1
5943,test_05943,1
5944,test_05944,0
5945,test_05945,1
5946,test_05946,1
5947,test_05947,1
5948,test_05948,0
5949,test_05949,1
5950,test_05950,1
5951,test_05951,1
5952,test_05952,0
5953,test_05953,1
5954,test_05954,1
5955,test_05955,1
5956,test_05956,1
5957,test_05957,1
5958,test_05958,1
5959,test_05959,1
5960,test_05960,1
5961,test_05961,1
5962,test_05962,1
5963,test_05963,1
5964,test_05964,1
5965,test_05965,1
5966,test_05966,1
5967,test_05967,1
5968,test_05968,1
5969,test_05969,1
5970,test_05970,1
5971,test_05971,1
5972,test_05972,1
5973,test_05973,1
5974,test_05974,1
5975,test_05975,1
5976,test_05976,1
5977,test_05977,1
5978,test_05978,1
5979,test_05979,1
5980,test_05980,1
5981,test_05981,1
5982,test_05982,1
5983,test_05983,1
5984,test_05984,0
5985,test_05985,1
5986,test_05986,1
5987,test_05987,1
5988,test_05988,1
5989,test_05989,1
5990,test_05990,1
5991,test_05991,0
5992,test_05992,1
5993,test_05993,1
5994,test_05994,0
5995,test_05995,1
5996,test_05996,1
5997,test_05997,1
5998,test_05998,0
5999,test_05999,1
6000,test_06000,1
6001,test_06001,1
6002,test_06002,1
6003,test_06003,1
6004,test_06004,1
6005,test_06005,1
6006,test_06006,1
6007,test_06007,1
6008,test_06008,1
6009,test_06009,1
6010,test_06010,1
6011,test_06011,1
6012,test_06012,1
6013,test_06013,1
6014,test_06014,1
6015,test_06015,1
6016,test_06016,1
6017,test_06017,1
6018,test_06018,1
6019,test_06019,1
6020,test_06020,1
6021,test_06021,1
6022,test_06022,1
6023,test_06023,1
6024,test_06024,0
6025,test_06025,1
6026,test_06026,1
6027,test_06027,1
6028,test_06028,1
6029,test_06029,1
6030,test_06030,1
6031,test_06031,1
6032,test_06032,1
6033,test_06033,1
6034,test_06034,1
6035,test_06035,1
6036,test_06036,1
6037,test_06037,1
6038,test_06038,1
6039,test_06039,1
6040,test_06040,0
6041,test_06041,1
6042,test_06042,1
6043,test_06043,1
6044,test_06044,1
6045,test_06045,1
6046,test_06046,1
6047,test_06047,1
6048,test_06048,1
6049,test_06049,1
6050,test_06050,1
6051,test_06051,1
6052,test_06052,1
6053,test_06053,1
6054,test_06054,1
6055,test_06055,1
6056,test_06056,1
6057,test_06057,1
6058,test_06058,1
6059,test_06059,1
6060,test_06060,1
6061,test_06061,1
6062,test_06062,1
6063,test_06063,1
6064,test_06064,0
6065,test_06065,1
6066,test_06066,1
6067,test_06067,1
6068,test_06068,1
6069,test_06069,0
6070,test_06070,1
6071,test_06071,1
6072,test_06072,1
6073,test_06073,0
6074,test_06074,0
6075,test_06075,1
6076,test_06076,1
6077,test_06077,1
6078,test_06078,1
6079,test_06079,1
6080,test_06080,1
6081,test_06081,1
6082,test_06082,1
6083,test_06083,0
6084,test_06084,1
6085,test_06085,1
6086,test_06086,1
6087,test_06087,1
6088,test_06088,1
6089,test_06089,1
6090,test_06090,0
6091,test_06091,1
6092,test_06092,1
6093,test_06093,0
6094,test_06094,0
6095,test_06095,1
6096,test_06096,1
6097,test_06097,1
6098,test_06098,1
6099,test_06099,1
6100,test_06100,1
6101,test_06101,1
6102,test_06102,1
6103,test_06103,0
6104,test_06104,1
6105,test_06105,1
6106,test_06106,1
6107,test_06107,1
6108,test_06108,1
6109,test_06109,1
6110,test_06110,0
6111,test_06111,1
6112,test_06112,1
6113,test_06113,1
6114,test_06114,1
6115,test_06115,1
6116,test_06116,1
6117,test_06117,1
6118,test_06118,1
6119,test_06119,1
6120,test_06120,1
6121,test_06121,1
6122,test_06122,0
6123,test_06123,1
6124,test_06124,1
6125,test_06125,1
6126,test_06126,1
6127,test_06127,1
6128,test_06128,0
6129,test_06129,1
6130,test_06130,1
6131,test_06131,1
6132,test_06132,0
6133,test_06133,1
6134,test_06134,1
6135,test_06135,1
6136,test_06136,1
6137,test_06137,1
6138,test_06138,1
6139,test_06139,1
6140,test_06140,1
6141,test_06141,0
6142,test_06142,1
6143,test_06143,1
6144,test_06144,1
6145,test_06145,1
6146,test_06146,1
6147,test_06147,1
6148,test_06148,1
6149,test_06149,1
6150,test_06150,1
6151,test_06151,0
6152,test_06152,1
6153,test_06153,1
6154,test_06154,1
6155,test_06155,1
6156,test_06156,0
6157,test_06157,1
6158,test_06158,1
6159,test_06159,1
6160,test_06160,1
6161,test_06161,0
6162,test_06162,1
6163,test_06163,1
6164,test_06164,1
6165,test_06165,1
6166,test_06166,1
6167,test_06167,0
6168,test_06168,1
6169,test_06169,1
6170,test_06170,1
6171,test_06171,1
6172,test_06172,1
6173,test_06173,1
6174,test_06174,1
6175,test_06175,1
6176,test_06176,1
6177,test_06177,1
6178,test_06178,1
6179,test_06179,1
6180,test_06180,1
6181,test_06181,1
6182,test_06182,1
6183,test_06183,1
6184,test_06184,1
6185,test_06185,1
6186,test_06186,1
6187,test_06187,1
6188,test_06188,1
6189,test_06189,1
6190,test_06190,1
6191,test_06191,1
6192,test_06192,1
6193,test_06193,1
6194,test_06194,1
6195,test_06195,0
6196,test_06196,1
6197,test_06197,1
6198,test_06198,1
6199,test_06199,1
6200,test_06200,1
6201,test_06201,1
6202,test_06202,0
6203,test_06203,1
6204,test_06204,1
6205,test_06205,1
6206,test_06206,1
6207,test_06207,1
6208,test_06208,1
6209,test_06209,1
6210,test_06210,1
6211,test_06211,1
6212,test_06212,1
6213,test_06213,1
6214,test_06214,1
6215,test_06215,1
6216,test_06216,1
6217,test_06217,1
6218,test_06218,1
6219,test_06219,0
6220,test_06220,1
6221,test_06221,1
6222,test_06222,1
6223,test_06223,1
6224,test_06224,1
6225,test_06225,1
6226,test_06226,1
6227,test_06227,1
6228,test_06228,1
6229,test_06229,1
6230,test_06230,1
6231,test_06231,1
6232,test_06232,0
6233,test_06233,1
6234,test_06234,1
6235,test_06235,1
6236,test_06236,1
6237,test_06237,1
6238,test_06238,1
6239,test_06239,1
6240,test_06240,1
6241,test_06241,1
6242,test_06242,1
6243,test_06243,1
6244,test_06244,1
6245,test_06245,0
6246,test_06246,1
6247,test_06247,1
6248,test_06248,1
6249,test_06249,1
6250,test_06250,1
6251,test_06251,1
6252,test_06252,0
6253,test_06253,1
6254,test_06254,1
6255,test_06255,1
6256,test_06256,1
6257,test_06257,1
6258,test_06258,1
6259,test_06259,1
6260,test_06260,1
6261,test_06261,1
6262,test_06262,1
6263,test_06263,1
6264,test_06264,1
6265,test_06265,1
6266,test_06266,0
6267,test_06267,1
6268,test_06268,1
6269,test_06269,1
6270,test_06270,1
6271,test_06271,1
6272,test_06272,1
6273,test_06273,1
6274,test_06274,0
6275,test_06275,0
6276,test_06276,1
6277,test_06277,1
6278,test_06278,1
6279,test_06279,1
6280,test_06280,1
6281,test_06281,1
6282,test_06282,1
6283,test_06283,1
6284,test_06284,0
6285,test_06285,1
6286,test_06286,1
6287,test_06287,1
6288,test_06288,1
6289,test_06289,1
6290,test_06290,1
6291,test_06291,1
6292,test_06292,1
6293,test_06293,1
6294,test_06294,1
6295,test_06295,1
6296,test_06296,1
6297,test_06297,1
6298,test_06298,1
6299,test_06299,1
6300,test_06300,1
6301,test_06301,1
6302,test_06302,1
6303,test_06303,1
6304,test_06304,1
6305,test_06305,1
6306,test_06306,0
6307,test_06307,1
6308,test_06308,1
6309,test_06309,0
6310,test_06310,1
6311,test_06311,1
6312,test_06312,1
6313,test_06313,1
6314,test_06314,1
6315,test_06315,1
6316,test_06316,1
6317,test_06317,0
6318,test_06318,1
6319,test_06319,1
6320,test_06320,1
6321,test_06321,1
6322,test_06322,1
6323,test_06323,1
6324,test_06324,1
6325,test_06325,0
6326,test_06326,1
6327,test_06327,1
6328,test_06328,0
6329,test_06329,1
6330,test_06330,1
6331,test_06331,1
6332,test_06332,1
6333,test_06333,1
6334,test_06334,1
6335,test_06335,1
6336,test_06336,0
6337,test_06337,1
6338,test_06338,1
6339,test_06339,1
6340,test_06340,1
6341,test_06341,1
6342,test_06342,1
6343,test_06343,1
6344,test_06344,1
6345,test_06345,0
6346,test_06346,1
6347,test_06347,1
6348,test_06348,1
6349,test_06349,1
6350,test_06350,1
6351,test_06351,1
6352,test_06352,1
6353,test_06353,1
6354,test_06354,1
6355,test_06355,0
6356,test_06356,1
6357,test_06357,1
6358,test_06358,1
6359,test_06359,1
6360,test_06360,1
6361,test_06361,1
6362,test_06362,1
6363,test_06363,1
6364,test_06364,1
6365,test_06365,1
6366,test_06366,1
6367,test_06367,1
6368,test_06368,1
6369,test_06369,1
6370,test_06370,1
6371,test_06371,1
6372,test_06372,1
6373,test_06373,1
6374,test_06374,1
6375,test_06375,1
6376,test_06376,1
6377,test_06377,1
6378,test_06378,1
6379,test_06379,1
6380,test_06380,1
6381,test_06381,1
6382,test_06382,1
6383,test_06383,1
6384,test_06384,1
6385,test_06385,1
6386,test_06386,1
6387,test_06387,1
6388,test_06388,1
6389,test_06389,1
6390,test_06390,1
6391,test_06391,1
6392,test_06392,1
6393,test_06393,1
6394,test_06394,1
6395,test_06395,1
6396,test_06396,0
6397,test_06397,1
6398,test_06398,1
6399,test_06399,1
6400,test_06400,1
6401,test_06401,1
6402,test_06402,1
6403,test_06403,1
6404,test_06404,1
6405,test_06405,1
6406,test_06406,1
6407,test_06407,1
6408,test_06408,0
6409,test_06409,1
6410,test_06410,1
6411,test_06411,1
6412,test_06412,1
6413,test_06413,1
6414,test_06414,1
6415,test_06415,1
6416,test_06416,0
6417,test_06417,1
6418,test_06418,1
6419,test_06419,1
6420,test_06420,1
6421,test_06421,1
6422,test_06422,1
6423,test_06423,1
6424,test_06424,1
6425,test_06425,1
6426,test_06426,1
6427,test_06427,1
6428,test_06428,1
6429,test_06429,0
6430,test_06430,1
6431,test_06431,1
6432,test_06432,1
6433,test_06433,1
6434,test_06434,1
6435,test_06435,1
6436,test_06436,1
6437,test_06437,1
6438,test_06438,1
6439,test_06439,1
6440,test_06440,1
6441,test_06441,1
6442,test_06442,1
6443,test_06443,1
6444,test_06444,1
6445,test_06445,1
6446,test_06446,0
6447,test_06447,1
6448,test_06448,1
6449,test_06449,1
6450,test_06450,1
6451,test_06451,1
6452,test_06452,1
6453,test_06453,1
6454,test_06454,1
6455,test_06455,1
6456,test_06456,1
6457,test_06457,0
6458,test_06458,1
6459,test_06459,1
6460,test_06460,1
6461,test_06461,1
6462,test_06462,1
6463,test_06463,1
6464,test_06464,1
6465,test_06465,1
6466,test_06466,1
6467,test_06467,1
6468,test_06468,1
6469,test_06469,1
6470,test_06470,1
6471,test_06471,1
6472,test_06472,1
6473,test_06473,1
6474,test_06474,1
6475,test_06475,1
6476,test_06476,1
6477,test_06477,0
6478,test_06478,1
6479,test_06479,1
6480,test_06480,1
6481,test_06481,0
6482,test_06482,1
6483,test_06483,1
6484,test_06484,1
6485,test_06485,1
6486,test_06486,1
6487,test_06487,1
6488,test_06488,1
6489,test_06489,1
6490,test_06490,1
6491,test_06491,1
6492,test_06492,1
6493,test_06493,1
6494,test_06494,1
6495,test_06495,1
6496,test_06496,1
6497,test_06497,1
6498,test_06498,1
6499,test_06499,0
6500,test_06500,1
6501,test_06501,1
6502,test_06502,1
6503,test_06503,0
6504,test_06504,1
6505,test_06505,1
6506,test_06506,1
6507,test_06507,1
6508,test_06508,1
6509,test_06509,1
6510,test_06510,1
6511,test_06511,1
6512,test_06512,1
6513,test_06513,1
6514,test_06514,1
6515,test_06515,1
6516,test_06516,1
6517,test_06517,1
6518,test_06518,1
6519,test_06519,1
6520,test_06520,1
6521,test_06521,1
6522,test_06522,1
6523,test_06523,1
6524,test_06524,1
6525,test_06525,1
6526,test_06526,1
6527,test_06527,0
6528,test_06528,1
6529,test_06529,1
6530,test_06530,1
6531,test_06531,1
6532,test_06532,1
6533,test_06533,1
6534,test_06534,1
6535,test_06535,0
6536,test_06536,1
6537,test_06537,1
6538,test_06538,1
6539,test_06539,1
6540,test_06540,1
6541,test_06541,1
6542,test_06542,1
6543,test_06543,1
6544,test_06544,1
6545,test_06545,0
6546,test_06546,1
6547,test_06547,1
6548,test_06548,1
6549,test_06549,1
6550,test_06550,1
6551,test_06551,1
6552,test_06552,1
6553,test_06553,1
6554,test_06554,0
6555,test_06555,1
6556,test_06556,1
6557,test_06557,1
6558,test_06558,1
6559,test_06559,1
6560,test_06560,1
6561,test_06561,1
6562,test_06562,1
6563,test_06563,1
6564,test_06564,1
6565,test_06565,1
6566,test_06566,1
6567,test_06567,0
6568,test_06568,1
6569,test_06569,0
6570,test_06570,1
6571,test_06571,1
6572,test_06572,1
6573,test_06573,1
6574,test_06574,1
6575,test_06575,1
6576,test_06576,1
6577,test_06577,0
6578,test_06578,1
6579,test_06579,1
6580,test_06580,1
6581,test_06581,1
6582,test_06582,0
6583,test_06583,1
6584,test_06584,0
6585,test_06585,1
6586,test_06586,1
6587,test_06587,1
6588,test_06588,1
6589,test_06589,1
6590,test_06590,1
6591,test_06591,1
6592,test_06592,1
6593,test_06593,1
6594,test_06594,1
6595,test_06595,0
6596,test_06596,1
6597,test_06597,1
6598,test_06598,1
6599,test_06599,0
6600,test_06600,1
6601,test_06601,1
6602,test_06602,1
6603,test_06603,1
6604,test_06604,1
6605,test_06605,1
6606,test_06606,1
6607,test_06607,1
6608,test_06608,1
6609,test_06609,0
6610,test_06610,1
6611,test_06611,1
6612,test_06612,1
6613,test_06613,1
6614,test_06614,1
6615,test_06615,1
6616,test_06616,1
6617,test_06617,1
6618,test_06618,0
6619,test_06619,1
6620,test_06620,1
6621,test_06621,1
6622,test_06622,1
6623,test_06623,1
6624,test_06624,1
6625,test_06625,1
6626,test_06626,1
6627,test_06627,1
6628,test_06628,1
6629,test_06629,1
6630,test_06630,1
6631,test_06631,1
6632,test_06632,1
6633,test_06633,1
6634,test_06634,1
6635,test_06635,1
6636,test_06636,1
6637,test_06637,1
6638,test_06638,0
6639,test_06639,1
6640,test_06640,1
6641,test_06641,1
6642,test_06642,1
6643,test_06643,1
6644,test_06644,1
6645,test_06645,1
6646,test_06646,1
6647,test_06647,1
6648,test_06648,0
6649,test_06649,1
6650,test_06650,1
6651,test_06651,1
6652,test_06652,1
6653,test_06653,1
6654,test_06654,1
6655,test_06655,1
6656,test_06656,1
6657,test_06657,1
6658,test_06658,1
6659,test_06659,1
6660,test_06660,1
6661,test_06661,1
6662,test_06662,1
6663,test_06663,1
6664,test_06664,1
6665,test_06665,1
6666,test_06666,1
6667,test_06667,1
6668,test_06668,1
6669,test_06669,1
6670,test_06670,0
6671,test_06671,1
6672,test_06672,1
6673,test_06673,0
6674,test_06674,1
6675,test_06675,1
6676,test_06676,1
6677,test_06677,1
6678,test_06678,1
6679,test_06679,1
6680,test_06680,0
6681,test_06681,1
6682,test_06682,1
6683,test_06683,1
6684,test_06684,0
6685,test_06685,1
6686,test_06686,1
6687,test_06687,1
6688,test_06688,1
6689,test_06689,1
6690,test_06690,1
6691,test_06691,1
6692,test_06692,1
6693,test_06693,1
6694,test_06694,1
6695,test_06695,1
6696,test_06696,1
6697,test_06697,1
6698,test_06698,1
6699,test_06699,1
6700,test_06700,1
6701,test_06701,1
6702,test_06702,0
6703,test_06703,1
6704,test_06704,1
6705,test_06705,1
6706,test_06706,1
6707,test_06707,1
6708,test_06708,1
6709,test_06709,1
6710,test_06710,1
6711,test_06711,1
6712,test_06712,1
6713,test_06713,1
6714,test_06714,1
6715,test_06715,0
6716,test_06716,1
6717,test_06717,1
6718,test_06718,1
6719,test_06719,1
6720,test_06720,1
6721,test_06721,1
6722,test_06722,1
6723,test_06723,1
6724,test_06724,1
6725,test_06725,1
6726,test_06726,1
6727,test_06727,1
6728,test_06728,1
6729,test_06729,0
6730,test_06730,1
6731,test_06731,0
6732,test_06732,1
6733,test_06733,1
6734,test_06734,1
6735,test_06735,1
6736,test_06736,1
6737,test_06737,1
6738,test_06738,1
6739,test_06739,1
6740,test_06740,1
6741,test_06741,1
6742,test_06742,1
6743,test_06743,1
6744,test_06744,0
6745,test_06745,1
6746,test_06746,1
6747,test_06747,1
6748,test_06748,1
6749,test_06749,1
6750,test_06750,1
6751,test_06751,1
6752,test_06752,1
6753,test_06753,1
6754,test_06754,1
6755,test_06755,1
6756,test_06756,0
6757,test_06757,1
6758,test_06758,1
6759,test_06759,1
6760,test_06760,0
6761,test_06761,0
6762,test_06762,1
6763,test_06763,1
6764,test_06764,1
6765,test_06765,1
6766,test_06766,1
6767,test_06767,1
6768,test_06768,1
6769,test_06769,1
6770,test_06770,1
6771,test_06771,1
6772,test_06772,1
6773,test_06773,0
6774,test_06774,1
6775,test_06775,1
6776,test_06776,1
6777,test_06777,1
6778,test_06778,1
6779,test_06779,1
6780,test_06780,1
6781,test_06781,1
6782,test_06782,1
6783,test_06783,1
6784,test_06784,1
6785,test_06785,1
6786,test_06786,1
6787,test_06787,1
6788,test_06788,1
6789,test_06789,1
6790,test_06790,1
6791,test_06791,1
6792,test_06792,1
6793,test_06793,1
6794,test_06794,1
6795,test_06795,1
6796,test_06796,1
6797,test_06797,1
6798,test_06798,1
6799,test_06799,1
6800,test_06800,1
6801,test_06801,1
6802,test_06802,1
6803,test_06803,1
6804,test_06804,1
6805,test_06805,1
6806,test_06806,1
6807,test_06807,1
6808,test_06808,1
6809,test_06809,1
6810,test_06810,1
6811,test_06811,1
6812,test_06812,1
6813,test_06813,1
6814,test_06814,1
6815,test_06815,1
6816,test_06816,1
6817,test_06817,1
6818,test_06818,1
6819,test_06819,1
6820,test_06820,1
6821,test_06821,1
6822,test_06822,0
6823,test_06823,1
6824,test_06824,1
6825,test_06825,1
6826,test_06826,1
6827,test_06827,1
6828,test_06828,1
6829,test_06829,1
6830,test_06830,0
6831,test_06831,1
6832,test_06832,1
6833,test_06833,1
6834,test_06834,1
6835,test_06835,1
6836,test_06836,1
6837,test_06837,1
6838,test_06838,1
6839,test_06839,1
6840,test_06840,1
6841,test_06841,1
6842,test_06842,1
6843,test_06843,1
6844,test_06844,1
6845,test_06845,1
6846,test_06846,1
6847,test_06847,1
6848,test_06848,1
6849,test_06849,1
6850,test_06850,0
6851,test_06851,1
6852,test_06852,1
6853,test_06853,1
6854,test_06854,0
6855,test_06855,1
6856,test_06856,1
6857,test_06857,1
6858,test_06858,1
6859,test_06859,0
6860,test_06860,1
6861,test_06861,1
6862,test_06862,1
6863,test_06863,1
6864,test_06864,1
6865,test_06865,1
6866,test_06866,1
6867,test_06867,0
6868,test_06868,1
6869,test_06869,1
6870,test_06870,1
6871,test_06871,1
6872,test_06872,1
6873,test_06873,1
6874,test_06874,1
6875,test_06875,1
6876,test_06876,1
6877,test_06877,1
6878,test_06878,1
6879,test_06879,1
6880,test_06880,1
6881,test_06881,0
6882,test_06882,1
6883,test_06883,1
6884,test_06884,1
6885,test_06885,1
6886,test_06886,1
6887,test_06887,1
6888,test_06888,1
6889,test_06889,0
6890,test_06890,1
6891,test_06891,1
6892,test_06892,1
6893,test_06893,1
6894,test_06894,1
6895,test_06895,1
6896,test_06896,1
6897,test_06897,1
6898,test_06898,1
6899,test_06899,1
6900,test_06900,1
6901,test_06901,1
6902,test_06902,1
6903,test_06903,1
6904,test_06904,1
6905,test_06905,1
6906,test_06906,1
6907,test_06907,1
6908,test_06908,1
6909,test_06909,1
6910,test_06910,1
6911,test_06911,1
6912,test_06912,1
6913,test_06913,1
6914,test_06914,1
6915,test_06915,1
6916,test_06916,1
6917,test_06917,1
6918,test_06918,1
6919,test_06919,1
6920,test_06920,1
6921,test_06921,1
6922,test_06922,1
6923,test_06923,1
6924,test_06924,1
6925,test_06925,1
6926,test_06926,1
6927,test_06927,1
6928,test_06928,1
6929,test_06929,1
6930,test_06930,1
6931,test_06931,1
6932,test_06932,1
6933,test_06933,1
6934,test_06934,1
6935,test_06935,1
6936,test_06936,0
6937,test_06937,1
6938,test_06938,1
6939,test_06939,1
6940,test_06940,1
6941,test_06941,1
6942,test_06942,1
6943,test_06943,1
6944,test_06944,1
6945,test_06945,1
6946,test_06946,1
6947,test_06947,1
6948,test_06948,1
6949,test_06949,1
6950,test_06950,1
6951,test_06951,1
6952,test_06952,1
6953,test_06953,1
6954,test_06954,1
6955,test_06955,1
6956,test_06956,1
6957,test_06957,0
6958,test_06958,1
6959,test_06959,1
6960,test_06960,1
6961,test_06961,1
6962,test_06962,1
6963,test_06963,0
6964,test_06964,1
6965,test_06965,1
6966,test_06966,1
6967,test_06967,1
6968,test_06968,1
6969,test_06969,1
6970,test_06970,1
6971,test_06971,1
6972,test_06972,1
6973,test_06973,1
6974,test_06974,1
6975,test_06975,1
6976,test_06976,1
6977,test_06977,1
6978,test_06978,1
6979,test_06979,1
6980,test_06980,1
6981,test_06981,1
6982,test_06982,1
6983,test_06983,1
6984,test_06984,1
6985,test_06985,1
6986,test_06986,1
6987,test_06987,1
6988,test_06988,1
6989,test_06989,1
6990,test_06990,1
6991,test_06991,1
6992,test_06992,1
6993,test_06993,1
6994,test_06994,1
6995,test_06995,1
6996,test_06996,1
6997,test_06997,1
6998,test_06998,1
6999,test_06999,1
7000,test_07000,0
7001,test_07001,1
7002,test_07002,1
7003,test_07003,1
7004,test_07004,1
7005,test_07005,1
7006,test_07006,1
7007,test_07007,1
7008,test_07008,0
7009,test_07009,1
7010,test_07010,1
7011,test_07011,1
7012,test_07012,0
7013,test_07013,1
7014,test_07014,1
7015,test_07015,1
7016,test_07016,1
7017,test_07017,1
7018,test_07018,1
7019,test_07019,1
7020,test_07020,1
7021,test_07021,1
7022,test_07022,1
7023,test_07023,1
7024,test_07024,0
7025,test_07025,1
7026,test_07026,1
7027,test_07027,0
7028,test_07028,1
7029,test_07029,0
7030,test_07030,1
7031,test_07031,1
7032,test_07032,1
7033,test_07033,1
7034,test_07034,1
7035,test_07035,1
7036,test_07036,1
7037,test_07037,1
7038,test_07038,1
7039,test_07039,1
7040,test_07040,1
7041,test_07041,1
7042,test_07042,1
7043,test_07043,0
7044,test_07044,1
7045,test_07045,1
7046,test_07046,1
7047,test_07047,1
7048,test_07048,1
7049,test_07049,1
7050,test_07050,1
7051,test_07051,1
7052,test_07052,1
7053,test_07053,1
7054,test_07054,1
7055,test_07055,1
7056,test_07056,1
7057,test_07057,1
7058,test_07058,1
7059,test_07059,1
7060,test_07060,1
7061,test_07061,1
7062,test_07062,1
7063,test_07063,1
7064,test_07064,1
7065,test_07065,1
7066,test_07066,1
7067,test_07067,1
7068,test_07068,1
7069,test_07069,1
7070,test_07070,1
7071,test_07071,1
7072,test_07072,1
7073,test_07073,1
7074,test_07074,1
7075,test_07075,1
7076,test_07076,0
7077,test_07077,1
7078,test_07078,1
7079,test_07079,1
7080,test_07080,1
7081,test_07081,1
7082,test_07082,1
7083,test_07083,1
7084,test_07084,1
7085,test_07085,0
7086,test_07086,1
7087,test_07087,1
7088,test_07088,1
7089,test_07089,0
7090,test_07090,1
7091,test_07091,1
7092,test_07092,1
7093,test_07093,1
7094,test_07094,1
7095,test_07095,1
7096,test_07096,1
7097,test_07097,1
7098,test_07098,1
7099,test_07099,1
7100,test_07100,1
7101,test_07101,1
7102,test_07102,1
7103,test_07103,1
7104,test_07104,1
7105,test_07105,1
7106,test_07106,1
7107,test_07107,1
7108,test_07108,1
7109,test_07109,1
7110,test_07110,1
7111,test_07111,1
7112,test_07112,1
7113,test_07113,1
7114,test_07114,1
7115,test_07115,1
7116,test_07116,1
7117,test_07117,1
7118,test_07118,0
7119,test_07119,1
7120,test_07120,1
7121,test_07121,0
7122,test_07122,1
7123,test_07123,1
7124,test_07124,1
7125,test_07125,1
7126,test_07126,0
7127,test_07127,1
7128,test_07128,1
7129,test_07129,1
7130,test_07130,1
7131,test_07131,1
7132,test_07132,1
7133,test_07133,0
7134,test_07134,1
7135,test_07135,1
7136,test_07136,1
7137,test_07137,0
7138,test_07138,1
7139,test_07139,1
7140,test_07140,1
7141,test_07141,1
7142,test_07142,1
7143,test_07143,1
7144,test_07144,1
7145,test_07145,1
7146,test_07146,1
7147,test_07147,1
7148,test_07148,1
7149,test_07149,1
7150,test_07150,1
7151,test_07151,1
7152,test_07152,0
7153,test_07153,1
7154,test_07154,1
7155,test_07155,1
7156,test_07156,1
7157,test_07157,1
7158,test_07158,1
7159,test_07159,1
7160,test_07160,1
7161,test_07161,1
7162,test_07162,1
7163,test_07163,1
7164,test_07164,1
7165,test_07165,1
7166,test_07166,1
7167,test_07167,1
7168,test_07168,1
7169,test_07169,1
7170,test_07170,1
7171,test_07171,1
7172,test_07172,1
7173,test_07173,0
7174,test_07174,1
7175,test_07175,1
7176,test_07176,1
7177,test_07177,1
7178,test_07178,1
7179,test_07179,1
7180,test_07180,1
7181,test_07181,1
7182,test_07182,1
7183,test_07183,1
7184,test_07184,1
7185,test_07185,1
7186,test_07186,1
7187,test_07187,1
7188,test_07188,1
7189,test_07189,1
7190,test_07190,1
7191,test_07191,1
7192,test_07192,1
7193,test_07193,1
7194,test_07194,0
7195,test_07195,1
7196,test_07196,1
7197,test_07197,1
7198,test_07198,1
7199,test_07199,0
7200,test_07200,1
7201,test_07201,1
7202,test_07202,1
7203,test_07203,0
7204,test_07204,1
7205,test_07205,1
7206,test_07206,1
7207,test_07207,1
7208,test_07208,1
7209,test_07209,1
7210,test_07210,1
7211,test_07211,1
7212,test_07212,1
7213,test_07213,1
7214,test_07214,1
7215,test_07215,1
7216,test_07216,1
7217,test_07217,1
7218,test_07218,1
7219,test_07219,1
7220,test_07220,1
7221,test_07221,0
7222,test_07222,1
7223,test_07223,1
7224,test_07224,1
7225,test_07225,1
7226,test_07226,1
7227,test_07227,1
7228,test_07228,1
7229,test_07229,0
7230,test_07230,1
7231,test_07231,1
7232,test_07232,0
7233,test_07233,1
7234,test_07234,1
7235,test_07235,1
7236,test_07236,1
7237,test_07237,0
7238,test_07238,1
7239,test_07239,1
7240,test_07240,0
7241,test_07241,0
7242,test_07242,1
7243,test_07243,0
7244,test_07244,1
7245,test_07245,1
7246,test_07246,1
7247,test_07247,1
7248,test_07248,1
7249,test_07249,1
7250,test_07250,1
7251,test_07251,1
7252,test_07252,0
7253,test_07253,1
7254,test_07254,1
7255,test_07255,1
7256,test_07256,1
7257,test_07257,1
7258,test_07258,0
7259,test_07259,1
7260,test_07260,1
7261,test_07261,1
7262,test_07262,1
7263,test_07263,1
7264,test_07264,1
7265,test_07265,1
7266,test_07266,1
7267,test_07267,0
7268,test_07268,1
7269,test_07269,1
7270,test_07270,1
7271,test_07271,1
7272,test_07272,1
7273,test_07273,1
7274,test_07274,1
7275,test_07275,1
7276,test_07276,1
7277,test_07277,1
7278,test_07278,1
7279,test_07279,1
7280,test_07280,1
7281,test_07281,1
7282,test_07282,1
7283,test_07283,1
7284,test_07284,1
7285,test_07285,1
7286,test_07286,1
7287,test_07287,0
7288,test_07288,1
7289,test_07289,0
7290,test_07290,1
7291,test_07291,1
7292,test_07292,1
7293,test_07293,1
7294,test_07294,1
7295,test_07295,0
7296,test_07296,1
7297,test_07297,1
7298,test_07298,1
7299,test_07299,1
7300,test_07300,1
7301,test_07301,1
7302,test_07302,1
7303,test_07303,1
7304,test_07304,1
7305,test_07305,1
7306,test_07306,1
7307,test_07307,1
7308,test_07308,1
7309,test_07309,1
7310,test_07310,1
7311,test_07311,1
7312,test_07312,1
7313,test_07313,0
7314,test_07314,1
7315,test_07315,1
7316,test_07316,1
7317,test_07317,1
7318,test_07318,1
7319,test_07319,1
7320,test_07320,1
7321,test_07321,1
7322,test_07322,1
7323,test_07323,1
7324,test_07324,1
7325,test_07325,1
7326,test_07326,0
7327,test_07327,1
7328,test_07328,1
7329,test_07329,0
7330,test_07330,1
7331,test_07331,1
7332,test_07332,1
7333,test_07333,0
7334,test_07334,0
7335,test_07335,1
7336,test_07336,1
7337,test_07337,1
7338,test_07338,1
7339,test_07339,1
7340,test_07340,1
7341,test_07341,0
7342,test_07342,0
7343,test_07343,1
7344,test_07344,1
7345,test_07345,1
7346,test_07346,1
7347,test_07347,1
7348,test_07348,1
7349,test_07349,1
7350,test_07350,1
7351,test_07351,1
7352,test_07352,1
7353,test_07353,1
7354,test_07354,1
7355,test_07355,1
7356,test_07356,1
7357,test_07357,1
7358,test_07358,1
7359,test_07359,1
7360,test_07360,1
7361,test_07361,1
7362,test_07362,1
7363,test_07363,1
7364,test_07364,1
7365,test_07365,1
7366,test_07366,1
7367,test_07367,1
7368,test_07368,1
7369,test_07369,1
7370,test_07370,1
7371,test_07371,1
7372,test_07372,0
7373,test_07373,1
7374,test_07374,0
7375,test_07375,0
7376,test_07376,1
7377,test_07377,1
7378,test_07378,1
7379,test_07379,1
7380,test_07380,1
7381,test_07381,1
7382,test_07382,1
7383,test_07383,1
7384,test_07384,1
7385,test_07385,1
7386,test_07386,1
7387,test_07387,1
7388,test_07388,1
7389,test_07389,1
7390,test_07390,1
7391,test_07391,1
7392,test_07392,1
7393,test_07393,1
7394,test_07394,1
7395,test_07395,1
7396,test_07396,1
7397,test_07397,1
7398,test_07398,1
7399,test_07399,0
7400,test_07400,0
7401,test_07401,1
7402,test_07402,1
7403,test_07403,1
7404,test_07404,1
7405,test_07405,1
7406,test_07406,1
7407,test_07407,1
7408,test_07408,1
7409,test_07409,1
7410,test_07410,0
7411,test_07411,1
7412,test_07412,1
7413,test_07413,1
7414,test_07414,1
7415,test_07415,1
7416,test_07416,1
7417,test_07417,1
7418,test_07418,0
7419,test_07419,1
7420,test_07420,1
7421,test_07421,1
7422,test_07422,1
7423,test_07423,1
7424,test_07424,0
7425,test_07425,1
7426,test_07426,0
7427,test_07427,1
7428,test_07428,0
7429,test_07429,1
7430,test_07430,1
7431,test_07431,0
7432,test_07432,1
7433,test_07433,1
7434,test_07434,1
7435,test_07435,1
7436,test_07436,1
7437,test_07437,1
7438,test_07438,1
7439,test_07439,1
7440,test_07440,1
7441,test_07441,1
7442,test_07442,1
7443,test_07443,1
7444,test_07444,1
7445,test_07445,1
7446,test_07446,1
7447,test_07447,0
7448,test_07448,1
7449,test_07449,1
7450,test_07450,1
7451,test_07451,1
7452,test_07452,1
7453,test_07453,1
7454,test_07454,1
7455,test_07455,0
7456,test_07456,1
7457,test_07457,0
7458,test_07458,1
7459,test_07459,1
7460,test_07460,1
7461,test_07461,0
7462,test_07462,1
7463,test_07463,1
7464,test_07464,1
7465,test_07465,1
7466,test_07466,1
7467,test_07467,1
7468,test_07468,1
7469,test_07469,0
7470,test_07470,1
7471,test_07471,1
7472,test_07472,1
7473,test_07473,1
7474,test_07474,1
7475,test_07475,1
7476,test_07476,1
7477,test_07477,1
7478,test_07478,1
7479,test_07479,0
7480,test_07480,0
7481,test_07481,1
7482,test_07482,1
7483,test_07483,1
7484,test_07484,1
7485,test_07485,1
7486,test_07486,1
7487,test_07487,1
7488,test_07488,1
7489,test_07489,1
7490,test_07490,1
7491,test_07491,1
7492,test_07492,1
7493,test_07493,1
7494,test_07494,1
7495,test_07495,1
7496,test_07496,1
7497,test_07497,1
7498,test_07498,0
7499,test_07499,1
7500,test_07500,1
7501,test_07501,1
7502,test_07502,1
7503,test_07503,1
7504,test_07504,1
7505,test_07505,1
7506,test_07506,1
7507,test_07507,1
7508,test_07508,1
7509,test_07509,1
7510,test_07510,1
7511,test_07511,1
7512,test_07512,1
7513,test_07513,1
7514,test_07514,1
7515,test_07515,0
7516,test_07516,1
7517,test_07517,1
7518,test_07518,1
7519,test_07519,1
7520,test_07520,1
7521,test_07521,1
7522,test_07522,0
7523,test_07523,0
7524,test_07524,1
7525,test_07525,1
7526,test_07526,1
7527,test_07527,1
7528,test_07528,1
7529,test_07529,1
7530,test_07530,1
7531,test_07531,1
7532,test_07532,1
7533,test_07533,1
7534,test_07534,1
7535,test_07535,1
7536,test_07536,1
7537,test_07537,1
7538,test_07538,1
7539,test_07539,1
7540,test_07540,1
7541,test_07541,1
7542,test_07542,1
7543,test_07543,1
7544,test_07544,1
7545,test_07545,1
7546,test_07546,1
7547,test_07547,1
7548,test_07548,1
7549,test_07549,1
7550,test_07550,0
7551,test_07551,1
7552,test_07552,1
7553,test_07553,1
7554,test_07554,1
7555,test_07555,1
7556,test_07556,1
7557,test_07557,1
7558,test_07558,1
7559,test_07559,1
7560,test_07560,1
7561,test_07561,1
7562,test_07562,1
7563,test_07563,1
7564,test_07564,1
7565,test_07565,1
7566,test_07566,0
7567,test_07567,0
7568,test_07568,1
7569,test_07569,0
7570,test_07570,1
7571,test_07571,1
7572,test_07572,1
7573,test_07573,1
7574,test_07574,0
7575,test_07575,1
7576,test_07576,1
7577,test_07577,1
7578,test_07578,1
7579,test_07579,1
7580,test_07580,1
7581,test_07581,1
7582,test_07582,1
7583,test_07583,1
7584,test_07584,1
7585,test_07585,1
7586,test_07586,1
7587,test_07587,1
7588,test_07588,1
7589,test_07589,1
7590,test_07590,1
7591,test_07591,1
7592,test_07592,1
7593,test_07593,1
7594,test_07594,1
7595,test_07595,1
7596,test_07596,1
7597,test_07597,1
7598,test_07598,1
7599,test_07599,1
7600,test_07600,1
7601,test_07601,1
7602,test_07602,1
7603,test_07603,1
7604,test_07604,0
7605,test_07605,1
7606,test_07606,1
7607,test_07607,1
7608,test_07608,1
7609,test_07609,1
7610,test_07610,1
7611,test_07611,1
7612,test_07612,1
7613,test_07613,1
7614,test_07614,1
7615,test_07615,1
7616,test_07616,1
7617,test_07617,1
7618,test_07618,1
7619,test_07619,1
7620,test_07620,1
7621,test_07621,1
7622,test_07622,0
7623,test_07623,1
7624,test_07624,1
7625,test_07625,1
7626,test_07626,1
7627,test_07627,1
7628,test_07628,1
7629,test_07629,1
7630,test_07630,0
7631,test_07631,1
7632,test_07632,1
7633,test_07633,1
7634,test_07634,1
7635,test_07635,1
7636,test_07636,1
7637,test_07637,0
7638,test_07638,0
7639,test_07639,1
7640,test_07640,1
7641,test_07641,1
7642,test_07642,1
7643,test_07643,1
7644,test_07644,1
7645,test_07645,1
7646,test_07646,1
7647,test_07647,1
7648,test_07648,1
7649,test_07649,0
7650,test_07650,1
7651,test_07651,1
7652,test_07652,1
7653,test_07653,1
7654,test_07654,1
7655,test_07655,1
7656,test_07656,1
7657,test_07657,1
7658,test_07658,1
7659,test_07659,1
7660,test_07660,1
7661,test_07661,1
7662,test_07662,1
7663,test_07663,1
7664,test_07664,1
7665,test_07665,0
7666,test_07666,1
7667,test_07667,1
7668,test_07668,1
7669,test_07669,1
7670,test_07670,1
7671,test_07671,0
7672,test_07672,1
7673,test_07673,1
7674,test_07674,1
7675,test_07675,1
7676,test_07676,1
7677,test_07677,1
7678,test_07678,1
7679,test_07679,1
7680,test_07680,1
7681,test_07681,0
7682,test_07682,1
7683,test_07683,1
7684,test_07684,1
7685,test_07685,1
7686,test_07686,1
7687,test_07687,0
7688,test_07688,0
7689,test_07689,1
7690,test_07690,1
7691,test_07691,1
7692,test_07692,1
7693,test_07693,1
7694,test_07694,1
7695,test_07695,1
7696,test_07696,1
7697,test_07697,1
7698,test_07698,1
7699,test_07699,1
7700,test_07700,1
7701,test_07701,1
7702,test_07702,1
7703,test_07703,1
7704,test_07704,1
7705,test_07705,1
7706,test_07706,1
7707,test_07707,1
7708,test_07708,1
7709,test_07709,1
7710,test_07710,1
7711,test_07711,1
7712,test_07712,1
7713,test_07713,1
7714,test_07714,0
7715,test_07715,1
7716,test_07716,1
7717,test_07717,1
7718,test_07718,1
7719,test_07719,1
7720,test_07720,1
7721,test_07721,0
7722,test_07722,1
7723,test_07723,1
7724,test_07724,1
7725,test_07725,1
7726,test_07726,1
7727,test_07727,1
7728,test_07728,1
7729,test_07729,1
7730,test_07730,1
7731,test_07731,1
7732,test_07732,1
7733,test_07733,1
7734,test_07734,1
7735,test_07735,0
7736,test_07736,1
7737,test_07737,1
7738,test_07738,0
7739,test_07739,1
7740,test_07740,1
7741,test_07741,1
7742,test_07742,0
7743,test_07743,1
7744,test_07744,1
7745,test_07745,1
7746,test_07746,1
7747,test_07747,1
7748,test_07748,1
7749,test_07749,1
7750,test_07750,1
7751,test_07751,1
7752,test_07752,1
7753,test_07753,1
7754,test_07754,1
7755,test_07755,1
7756,test_07756,1
7757,test_07757,1
7758,test_07758,1
7759,test_07759,1
7760,test_07760,1
7761,test_07761,1
7762,test_07762,1
7763,test_07763,1
7764,test_07764,1
7765,test_07765,1
7766,test_07766,1
7767,test_07767,1
7768,test_07768,1
7769,test_07769,1
7770,test_07770,1
7771,test_07771,1
7772,test_07772,1
7773,test_07773,1
7774,test_07774,1
7775,test_07775,1
7776,test_07776,1
7777,test_07777,1
7778,test_07778,1
7779,test_07779,1
7780,test_07780,1
7781,test_07781,0
7782,test_07782,1
7783,test_07783,1
7784,test_07784,1
7785,test_07785,1
7786,test_07786,1
7787,test_07787,1
7788,test_07788,1
7789,test_07789,1
7790,test_07790,1
7791,test_07791,1
7792,test_07792,0
7793,test_07793,1
7794,test_07794,1
7795,test_07795,1
7796,test_07796,1
7797,test_07797,1
7798,test_07798,0
7799,test_07799,1
7800,test_07800,1
7801,test_07801,1
7802,test_07802,1
7803,test_07803,0
7804,test_07804,1
7805,test_07805,1
7806,test_07806,1
7807,test_07807,1
7808,test_07808,1
7809,test_07809,1
7810,test_07810,1
7811,test_07811,1
7812,test_07812,1
7813,test_07813,1
7814,test_07814,0
7815,test_07815,1
7816,test_07816,1
7817,test_07817,0
7818,test_07818,1
7819,test_07819,1
7820,test_07820,1
7821,test_07821,0
7822,test_07822,1
7823,test_07823,1
7824,test_07824,1
7825,test_07825,1
7826,test_07826,1
7827,test_07827,1
7828,test_07828,1
7829,test_07829,1
7830,test_07830,1
7831,test_07831,1
7832,test_07832,0
7833,test_07833,1
7834,test_07834,1
7835,test_07835,1
7836,test_07836,1
7837,test_07837,0
7838,test_07838,1
7839,test_07839,1
7840,test_07840,1
7841,test_07841,1
7842,test_07842,1
7843,test_07843,1
7844,test_07844,1
7845,test_07845,1
7846,test_07846,1
7847,test_07847,1
7848,test_07848,1
7849,test_07849,1
7850,test_07850,1
7851,test_07851,1
7852,test_07852,1
7853,test_07853,1
7854,test_07854,1
7855,test_07855,1
7856,test_07856,1
7857,test_07857,1
7858,test_07858,1
7859,test_07859,0
7860,test_07860,1
7861,test_07861,1
7862,test_07862,1
7863,test_07863,1
7864,test_07864,1
7865,test_07865,1
7866,test_07866,1
7867,test_07867,1
7868,test_07868,1
7869,test_07869,1
7870,test_07870,1
7871,test_07871,1
7872,test_07872,1
7873,test_07873,1
7874,test_07874,1
7875,test_07875,1
7876,test_07876,1
7877,test_07877,1
7878,test_07878,1
7879,test_07879,1
7880,test_07880,1
7881,test_07881,1
7882,test_07882,1
7883,test_07883,1
7884,test_07884,1
7885,test_07885,1
7886,test_07886,1
7887,test_07887,1
7888,test_07888,1
7889,test_07889,1
7890,test_07890,1
7891,test_07891,1
7892,test_07892,1
7893,test_07893,1
7894,test_07894,1
7895,test_07895,1
7896,test_07896,0
7897,test_07897,1
7898,test_07898,1
7899,test_07899,1
7900,test_07900,1
7901,test_07901,1
7902,test_07902,1
7903,test_07903,1
7904,test_07904,1
7905,test_07905,1
7906,test_07906,1
7907,test_07907,1
7908,test_07908,1
7909,test_07909,1
7910,test_07910,1
7911,test_07911,0
7912,test_07912,1
7913,test_07913,1
7914,test_07914,1
7915,test_07915,1
7916,test_07916,1
7917,test_07917,1
7918,test_07918,1
7919,test_07919,1
7920,test_07920,1
7921,test_07921,1
7922,test_07922,1
7923,test_07923,1
7924,test_07924,1
7925,test_07925,1
7926,test_07926,0
7927,test_07927,1
7928,test_07928,1
7929,test_07929,1
7930,test_07930,1
7931,test_07931,1
7932,test_07932,1
7933,test_07933,1
7934,test_07934,1
7935,test_07935,1
7936,test_07936,1
7937,test_07937,1
7938,test_07938,0
7939,test_07939,1
7940,test_07940,1
7941,test_07941,0
7942,test_07942,1
7943,test_07943,0
7944,test_07944,1
7945,test_07945,1
7946,test_07946,1
7947,test_07947,1
7948,test_07948,1
7949,test_07949,1
7950,test_07950,1
7951,test_07951,1
7952,test_07952,1
7953,test_07953,1
7954,test_07954,1
7955,test_07955,1
7956,test_07956,0
7957,test_07957,1
7958,test_07958,1
7959,test_07959,1
7960,test_07960,1
7961,test_07961,1
7962,test_07962,1
7963,test_07963,1
7964,test_07964,1
7965,test_07965,1
7966,test_07966,1
7967,test_07967,0
7968,test_07968,1
7969,test_07969,1
7970,test_07970,0
7971,test_07971,1
7972,test_07972,1
7973,test_07973,0
7974,test_07974,1
7975,test_07975,0
7976,test_07976,1
7977,test_07977,1
7978,test_07978,1
7979,test_07979,1
7980,test_07980,1
7981,test_07981,1
7982,test_07982,1
7983,test_07983,1
7984,test_07984,1
7985,test_07985,1
7986,test_07986,1
7987,test_07987,1
7988,test_07988,1
7989,test_07989,1
7990,test_07990,1
7991,test_07991,1
7992,test_07992,1
7993,test_07993,1
7994,test_07994,0
7995,test_07995,1
7996,test_07996,1
7997,test_07997,1
7998,test_07998,1
7999,test_07999,1
8000,test_08000,1
8001,test_08001,1
8002,test_08002,1
8003,test_08003,1
8004,test_08004,1
8005,test_08005,1
8006,test_08006,1
8007,test_08007,1
8008,test_08008,1
8009,test_08009,1
8010,test_08010,0
8011,test_08011,1
8012,test_08012,1
8013,test_08013,1
8014,test_08014,1
8015,test_08015,1
8016,test_08016,1
8017,test_08017,0
8018,test_08018,1
8019,test_08019,1
8020,test_08020,1
8021,test_08021,1
8022,test_08022,1
8023,test_08023,1
8024,test_08024,1
8025,test_08025,1
8026,test_08026,1
8027,test_08027,1
8028,test_08028,1
8029,test_08029,1
8030,test_08030,1
8031,test_08031,1
8032,test_08032,1
8033,test_08033,1
8034,test_08034,1
8035,test_08035,1
8036,test_08036,1
8037,test_08037,1
8038,test_08038,1
8039,test_08039,1
8040,test_08040,1
8041,test_08041,1
8042,test_08042,1
8043,test_08043,1
8044,test_08044,1
8045,test_08045,0
8046,test_08046,1
8047,test_08047,1
8048,test_08048,0
8049,test_08049,1
8050,test_08050,1
8051,test_08051,1
8052,test_08052,1
8053,test_08053,1
8054,test_08054,1
8055,test_08055,1
8056,test_08056,1
8057,test_08057,1
8058,test_08058,1
8059,test_08059,1
8060,test_08060,1
8061,test_08061,1
8062,test_08062,1
8063,test_08063,1
8064,test_08064,1
8065,test_08065,1
8066,test_08066,1
8067,test_08067,1
8068,test_08068,1
8069,test_08069,1
8070,test_08070,1
8071,test_08071,1
8072,test_08072,1
8073,test_08073,1
8074,test_08074,0
8075,test_08075,1
8076,test_08076,1
8077,test_08077,1
8078,test_08078,1
8079,test_08079,1
8080,test_08080,1
8081,test_08081,1
8082,test_08082,1
8083,test_08083,1
8084,test_08084,1
8085,test_08085,1
8086,test_08086,1
8087,test_08087,1
8088,test_08088,1
8089,test_08089,1
8090,test_08090,1
8091,test_08091,1
8092,test_08092,1
8093,test_08093,1
8094,test_08094,1
8095,test_08095,1
8096,test_08096,1
8097,test_08097,1
8098,test_08098,1
8099,test_08099,0
8100,test_08100,1
8101,test_08101,1
8102,test_08102,1
8103,test_08103,1
8104,test_08104,1
8105,test_08105,1
8106,test_08106,1
8107,test_08107,1
8108,test_08108,1
8109,test_08109,1
8110,test_08110,1
8111,test_08111,1
8112,test_08112,1
8113,test_08113,1
8114,test_08114,1
8115,test_08115,1
8116,test_08116,0
8117,test_08117,1
8118,test_08118,1
8119,test_08119,1
8120,test_08120,0
8121,test_08121,1
8122,test_08122,1
8123,test_08123,0
8124,test_08124,1
8125,test_08125,1
8126,test_08126,1
8127,test_08127,0
8128,test_08128,1
8129,test_08129,1
8130,test_08130,1
8131,test_08131,1
8132,test_08132,1
8133,test_08133,1
8134,test_08134,1
8135,test_08135,1
8136,test_08136,1
8137,test_08137,1
8138,test_08138,1
8139,test_08139,1
8140,test_08140,1
8141,test_08141,1
8142,test_08142,1
8143,test_08143,1
8144,test_08144,1
8145,test_08145,1
8146,test_08146,1
8147,test_08147,1
8148,test_08148,0
8149,test_08149,1
8150,test_08150,1
8151,test_08151,1
8152,test_08152,0
8153,test_08153,1
8154,test_08154,1
8155,test_08155,1
8156,test_08156,1
8157,test_08157,1
8158,test_08158,1
8159,test_08159,1
8160,test_08160,1
8161,test_08161,1
8162,test_08162,1
8163,test_08163,1
8164,test_08164,1
8165,test_08165,1
8166,test_08166,1
8167,test_08167,1
8168,test_08168,1
8169,test_08169,1
8170,test_08170,1
8171,test_08171,1
8172,test_08172,0
8173,test_08173,1
8174,test_08174,1
8175,test_08175,1
8176,test_08176,1
8177,test_08177,1
8178,test_08178,1
8179,test_08179,1
8180,test_08180,1
8181,test_08181,1
8182,test_08182,1
8183,test_08183,1
8184,test_08184,0
8185,test_08185,1
8186,test_08186,0
8187,test_08187,1
8188,test_08188,0
8189,test_08189,1
8190,test_08190,1
8191,test_08191,1
8192,test_08192,1
8193,test_08193,1
8194,test_08194,0
8195,test_08195,1
8196,test_08196,1
8197,test_08197,1
8198,test_08198,0
8199,test_08199,1
8200,test_08200,1
8201,test_08201,1
8202,test_08202,1
8203,test_08203,0
8204,test_08204,1
8205,test_08205,1
8206,test_08206,1
8207,test_08207,1
8208,test_08208,1
8209,test_08209,1
8210,test_08210,0
8211,test_08211,1
8212,test_08212,1
8213,test_08213,1
8214,test_08214,1
8215,test_08215,1
8216,test_08216,1
8217,test_08217,1
8218,test_08218,1
8219,test_08219,1
8220,test_08220,1
8221,test_08221,1
8222,test_08222,1
8223,test_08223,1
8224,test_08224,1
8225,test_08225,1
8226,test_08226,1
8227,test_08227,1
8228,test_08228,1
8229,test_08229,1
8230,test_08230,1
8231,test_08231,1
8232,test_08232,1
8233,test_08233,1
8234,test_08234,1
8235,test_08235,1
8236,test_08236,1
8237,test_08237,1
8238,test_08238,1
8239,test_08239,1
8240,test_08240,1
8241,test_08241,1
8242,test_08242,1
8243,test_08243,1
8244,test_08244,1
8245,test_08245,0
8246,test_08246,1
8247,test_08247,1
8248,test_08248,1
8249,test_08249,1
8250,test_08250,1
8251,test_08251,1
8252,test_08252,1
8253,test_08253,1
8254,test_08254,1
8255,test_08255,1
8256,test_08256,1
8257,test_08257,1
8258,test_08258,1
8259,test_08259,1
8260,test_08260,1
8261,test_08261,1
8262,test_08262,1
8263,test_08263,1
8264,test_08264,1
8265,test_08265,1
8266,test_08266,1
8267,test_08267,1
8268,test_08268,1
8269,test_08269,1
8270,test_08270,0
8271,test_08271,1
8272,test_08272,1
8273,test_08273,1
8274,test_08274,1
8275,test_08275,1
8276,test_08276,1
8277,test_08277,1
8278,test_08278,1
8279,test_08279,1
8280,test_08280,1
8281,test_08281,1
8282,test_08282,1
8283,test_08283,1
8284,test_08284,1
8285,test_08285,1
8286,test_08286,1
8287,test_08287,0
8288,test_08288,1
8289,test_08289,1
8290,test_08290,1
8291,test_08291,1
8292,test_08292,1
8293,test_08293,1
8294,test_08294,1
8295,test_08295,1
8296,test_08296,0
8297,test_08297,1
8298,test_08298,1
8299,test_08299,1
8300,test_08300,1
8301,test_08301,1
8302,test_08302,1
8303,test_08303,1
8304,test_08304,1
8305,test_08305,1
8306,test_08306,1
8307,test_08307,1
8308,test_08308,0
8309,test_08309,1
8310,test_08310,1
8311,test_08311,1
8312,test_08312,1
8313,test_08313,1
8314,test_08314,1
8315,test_08315,1
8316,test_08316,1
8317,test_08317,0
8318,test_08318,1
8319,test_08319,1
8320,test_08320,1
8321,test_08321,1
8322,test_08322,1
8323,test_08323,1
8324,test_08324,1
8325,test_08325,1
8326,test_08326,1
8327,test_08327,1
8328,test_08328,1
8329,test_08329,1
8330,test_08330,1
8331,test_08331,0
8332,test_08332,1
8333,test_08333,1
8334,test_08334,1
8335,test_08335,1
8336,test_08336,1
8337,test_08337,1
8338,test_08338,1
8339,test_08339,1
8340,test_08340,1
8341,test_08341,1
8342,test_08342,1
8343,test_08343,1
8344,test_08344,1
8345,test_08345,1
8346,test_08346,1
8347,test_08347,1
8348,test_08348,1
8349,test_08349,1
8350,test_08350,0
8351,test_08351,1
8352,test_08352,1
8353,test_08353,1
8354,test_08354,1
8355,test_08355,1
8356,test_08356,0
8357,test_08357,1
8358,test_08358,1
8359,test_08359,1
8360,test_08360,1
8361,test_08361,1
8362,test_08362,1
8363,test_08363,1
8364,test_08364,1
8365,test_08365,1
8366,test_08366,0
8367,test_08367,1
8368,test_08368,1
8369,test_08369,0
8370,test_08370,1
8371,test_08371,1
8372,test_08372,1
8373,test_08373,1
8374,test_08374,1
8375,test_08375,0
8376,test_08376,1
8377,test_08377,1
8378,test_08378,1
8379,test_08379,1
8380,test_08380,1
8381,test_08381,1
8382,test_08382,1
8383,test_08383,1
8384,test_08384,0
8385,test_08385,1
8386,test_08386,1
8387,test_08387,1
8388,test_08388,1
8389,test_08389,0
8390,test_08390,1
8391,test_08391,0
8392,test_08392,1
8393,test_08393,1
8394,test_08394,1
8395,test_08395,1
8396,test_08396,1
8397,test_08397,1
8398,test_08398,1
8399,test_08399,1
8400,test_08400,1
8401,test_08401,1
8402,test_08402,1
8403,test_08403,1
8404,test_08404,1
8405,test_08405,1
8406,test_08406,1
8407,test_08407,1
8408,test_08408,0
8409,test_08409,1
8410,test_08410,1
8411,test_08411,1
8412,test_08412,1
8413,test_08413,1
8414,test_08414,1
8415,test_08415,1
8416,test_08416,1
8417,test_08417,1
8418,test_08418,1
8419,test_08419,1
8420,test_08420,1
8421,test_08421,1
8422,test_08422,1
8423,test_08423,1
8424,test_08424,1
8425,test_08425,1
8426,test_08426,1
8427,test_08427,1
8428,test_08428,1
8429,test_08429,1
8430,test_08430,1
8431,test_08431,1
8432,test_08432,1
8433,test_08433,1
8434,test_08434,1
8435,test_08435,1
8436,test_08436,1
8437,test_08437,1
8438,test_08438,1
8439,test_08439,1
8440,test_08440,0
8441,test_08441,1
8442,test_08442,0
8443,test_08443,1
8444,test_08444,1
8445,test_08445,1
8446,test_08446,1
8447,test_08447,1
8448,test_08448,1
8449,test_08449,1
8450,test_08450,0
8451,test_08451,1
8452,test_08452,1
8453,test_08453,1
8454,test_08454,1
8455,test_08455,1
8456,test_08456,1
8457,test_08457,1
8458,test_08458,1
8459,test_08459,0
8460,test_08460,1
8461,test_08461,1
8462,test_08462,1
8463,test_08463,1
8464,test_08464,1
8465,test_08465,1
8466,test_08466,1
8467,test_08467,1
8468,test_08468,1
8469,test_08469,1
8470,test_08470,1
8471,test_08471,0
8472,test_08472,1
8473,test_08473,1
8474,test_08474,1
8475,test_08475,1
8476,test_08476,1
8477,test_08477,1
8478,test_08478,1
8479,test_08479,1
8480,test_08480,1
8481,test_08481,0
8482,test_08482,1
8483,test_08483,0
8484,test_08484,1
8485,test_08485,1
8486,test_08486,1
8487,test_08487,1
8488,test_08488,1
8489,test_08489,1
8490,test_08490,1
8491,test_08491,1
8492,test_08492,1
8493,test_08493,1
8494,test_08494,1
8495,test_08495,1
8496,test_08496,1
8497,test_08497,1
8498,test_08498,1
8499,test_08499,0
8500,test_08500,1
8501,test_08501,0
8502,test_08502,1
8503,test_08503,1
8504,test_08504,1
8505,test_08505,1
8506,test_08506,0
8507,test_08507,1
8508,test_08508,0
8509,test_08509,1
8510,test_08510,1
8511,test_08511,1
8512,test_08512,1
8513,test_08513,1
8514,test_08514,1
8515,test_08515,1
8516,test_08516,1
8517,test_08517,1
8518,test_08518,1
8519,test_08519,1
8520,test_08520,1
8521,test_08521,0
8522,test_08522,1
8523,test_08523,1
8524,test_08524,0
8525,test_08525,1
8526,test_08526,1
8527,test_08527,1
8528,test_08528,1
8529,test_08529,1
8530,test_08530,1
8531,test_08531,1
8532,test_08532,0
8533,test_08533,1
8534,test_08534,1
8535,test_08535,0
8536,test_08536,1
8537,test_08537,1
8538,test_08538,1
8539,test_08539,1
8540,test_08540,0
8541,test_08541,1
8542,test_08542,0
8543,test_08543,1
8544,test_08544,1
8545,test_08545,1
8546,test_08546,1
8547,test_08547,1
8548,test_08548,1
8549,test_08549,1
8550,test_08550,1
8551,test_08551,1
8552,test_08552,1
8553,test_08553,1
8554,test_08554,1
8555,test_08555,1
8556,test_08556,1
8557,test_08557,1
8558,test_08558,1
8559,test_08559,1
8560,test_08560,1
8561,test_08561,1
8562,test_08562,1
8563,test_08563,0
8564,test_08564,1
8565,test_08565,1
8566,test_08566,1
8567,test_08567,1
8568,test_08568,1
8569,test_08569,0
8570,test_08570,1
8571,test_08571,0
8572,test_08572,1
8573,test_08573,1
8574,test_08574,1
8575,test_08575,1
8576,test_08576,1
8577,test_08577,1
8578,test_08578,1
8579,test_08579,1
8580,test_08580,1
8581,test_08581,1
8582,test_08582,1
8583,test_08583,1
8584,test_08584,1
8585,test_08585,1
8586,test_08586,1
8587,test_08587,1
8588,test_08588,0
8589,test_08589,1
8590,test_08590,1
8591,test_08591,1
8592,test_08592,1
8593,test_08593,1
8594,test_08594,1
8595,test_08595,1
8596,test_08596,1
8597,test_08597,0
8598,test_08598,1
8599,test_08599,1
8600,test_08600,1
8601,test_08601,1
8602,test_08602,1
8603,test_08603,0
8604,test_08604,1
8605,test_08605,1
8606,test_08606,1
8607,test_08607,1
8608,test_08608,1
8609,test_08609,1
8610,test_08610,1
8611,test_08611,1
8612,test_08612,1
8613,test_08613,1
8614,test_08614,1
8615,test_08615,1
8616,test_08616,1
8617,test_08617,1
8618,test_08618,1
8619,test_08619,1
8620,test_08620,1
8621,test_08621,1
8622,test_08622,1
8623,test_08623,1
8624,test_08624,0
8625,test_08625,1
8626,test_08626,0
8627,test_08627,1
8628,test_08628,1
8629,test_08629,0
8630,test_08630,1
8631,test_08631,1
8632,test_08632,1
8633,test_08633,1
8634,test_08634,0
8635,test_08635,1
8636,test_08636,1
8637,test_08637,1
8638,test_08638,1
8639,test_08639,0
8640,test_08640,0
8641,test_08641,1
8642,test_08642,0
8643,test_08643,1
8644,test_08644,1
8645,test_08645,1
8646,test_08646,1
8647,test_08647,1
8648,test_08648,1
8649,test_08649,0
8650,test_08650,1
8651,test_08651,1
8652,test_08652,0
8653,test_08653,1
8654,test_08654,1
8655,test_08655,1
8656,test_08656,1
8657,test_08657,1
8658,test_08658,1
8659,test_08659,1
8660,test_08660,1
8661,test_08661,1
8662,test_08662,1
8663,test_08663,1
8664,test_08664,1
8665,test_08665,1
8666,test_08666,1
8667,test_08667,1
8668,test_08668,1
8669,test_08669,1
8670,test_08670,1
8671,test_08671,1
8672,test_08672,1
8673,test_08673,1
8674,test_08674,1
8675,test_08675,1
8676,test_08676,1
8677,test_08677,1
8678,test_08678,1
8679,test_08679,0
8680,test_08680,1
8681,test_08681,1
8682,test_08682,0
8683,test_08683,1
8684,test_08684,0
8685,test_08685,0
8686,test_08686,1
8687,test_08687,0
8688,test_08688,1
8689,test_08689,1
8690,test_08690,1
8691,test_08691,1
8692,test_08692,1
8693,test_08693,1
8694,test_08694,1
8695,test_08695,1
8696,test_08696,0
8697,test_08697,1
8698,test_08698,1
8699,test_08699,1
8700,test_08700,1
8701,test_08701,1
8702,test_08702,1
8703,test_08703,1
8704,test_08704,1
8705,test_08705,1
8706,test_08706,1
8707,test_08707,1
8708,test_08708,1
8709,test_08709,1
8710,test_08710,1
8711,test_08711,1
8712,test_08712,0
8713,test_08713,1
8714,test_08714,1
8715,test_08715,1
8716,test_08716,0
8717,test_08717,1
8718,test_08718,1
8719,test_08719,1
8720,test_08720,1
8721,test_08721,1
8722,test_08722,1
8723,test_08723,1
8724,test_08724,1
8725,test_08725,1
8726,test_08726,1
8727,test_08727,1
8728,test_08728,1
8729,test_08729,1
8730,test_08730,1
8731,test_08731,1
8732,test_08732,0
8733,test_08733,1
8734,test_08734,1
8735,test_08735,1
8736,test_08736,1
8737,test_08737,1
8738,test_08738,1
8739,test_08739,0
8740,test_08740,1
8741,test_08741,1
8742,test_08742,1
8743,test_08743,0
8744,test_08744,1
8745,test_08745,1
8746,test_08746,1
8747,test_08747,1
8748,test_08748,1
8749,test_08749,0
8750,test_08750,1
8751,test_08751,1
8752,test_08752,1
8753,test_08753,1
8754,test_08754,1
8755,test_08755,1
8756,test_08756,1
8757,test_08757,1
8758,test_08758,1
8759,test_08759,1
8760,test_08760,1
8761,test_08761,1
8762,test_08762,1
8763,test_08763,1
8764,test_08764,1
8765,test_08765,1
8766,test_08766,1
8767,test_08767,1
8768,test_08768,1
8769,test_08769,1
8770,test_08770,1
8771,test_08771,1
8772,test_08772,1
8773,test_08773,1
8774,test_08774,1
8775,test_08775,1
8776,test_08776,0
8777,test_08777,1
8778,test_08778,1
8779,test_08779,1
8780,test_08780,1
8781,test_08781,1
8782,test_08782,1
8783,test_08783,1
8784,test_08784,1
8785,test_08785,1
8786,test_08786,1
8787,test_08787,1
8788,test_08788,1
8789,test_08789,1
8790,test_08790,1
8791,test_08791,1
8792,test_08792,1
8793,test_08793,0
8794,test_08794,1
8795,test_08795,1
8796,test_08796,1
8797,test_08797,1
8798,test_08798,1
8799,test_08799,1
8800,test_08800,1
8801,test_08801,1
8802,test_08802,1
8803,test_08803,1
8804,test_08804,1
8805,test_08805,1
8806,test_08806,1
8807,test_08807,1
8808,test_08808,1
8809,test_08809,1
8810,test_08810,1
8811,test_08811,1
8812,test_08812,1
8813,test_08813,1
8814,test_08814,0
8815,test_08815,1
8816,test_08816,1
8817,test_08817,1
8818,test_08818,1
8819,test_08819,1
8820,test_08820,1
8821,test_08821,1
8822,test_08822,1
8823,test_08823,0
8824,test_08824,0
8825,test_08825,1
8826,test_08826,1
8827,test_08827,1
8828,test_08828,1
8829,test_08829,1
8830,test_08830,1
8831,test_08831,1
8832,test_08832,1
8833,test_08833,1
8834,test_08834,0
8835,test_08835,1
8836,test_08836,1
8837,test_08837,1
8838,test_08838,1
8839,test_08839,0
8840,test_08840,1
8841,test_08841,1
8842,test_08842,1
8843,test_08843,1
8844,test_08844,1
8845,test_08845,1
8846,test_08846,1
8847,test_08847,0
8848,test_08848,1
8849,test_08849,1
8850,test_08850,1
8851,test_08851,1
8852,test_08852,1
8853,test_08853,1
8854,test_08854,1
8855,test_08855,1
8856,test_08856,1
8857,test_08857,1
8858,test_08858,1
8859,test_08859,0
8860,test_08860,1
8861,test_08861,1
8862,test_08862,1
8863,test_08863,0
8864,test_08864,1
8865,test_08865,1
8866,test_08866,1
8867,test_08867,1
8868,test_08868,1
8869,test_08869,1
8870,test_08870,1
8871,test_08871,0
8872,test_08872,1
8873,test_08873,1
8874,test_08874,1
8875,test_08875,1
8876,test_08876,0
8877,test_08877,1
8878,test_08878,1
8879,test_08879,0
8880,test_08880,1
8881,test_08881,1
8882,test_08882,1
8883,test_08883,1
8884,test_08884,1
8885,test_08885,1
8886,test_08886,1
8887,test_08887,1
8888,test_08888,1
8889,test_08889,1
8890,test_08890,1
8891,test_08891,1
8892,test_08892,0
8893,test_08893,1
8894,test_08894,1
8895,test_08895,1
8896,test_08896,1
8897,test_08897,1
8898,test_08898,1
8899,test_08899,1
8900,test_08900,1
8901,test_08901,1
8902,test_08902,1
8903,test_08903,1
8904,test_08904,1
8905,test_08905,1
8906,test_08906,1
8907,test_08907,1
8908,test_08908,1
8909,test_08909,1
8910,test_08910,1
8911,test_08911,1
8912,test_08912,1
8913,test_08913,1
8914,test_08914,1
8915,test_08915,1
8916,test_08916,1
8917,test_08917,0
8918,test_08918,1
8919,test_08919,0
8920,test_08920,1
8921,test_08921,1
8922,test_08922,1
8923,test_08923,0
8924,test_08924,1
8925,test_08925,0
8926,test_08926,1
8927,test_08927,1
8928,test_08928,1
8929,test_08929,1
8930,test_08930,1
8931,test_08931,1
8932,test_08932,1
8933,test_08933,1
8934,test_08934,1
8935,test_08935,1
8936,test_08936,1
8937,test_08937,1
8938,test_08938,1
8939,test_08939,1
8940,test_08940,1
8941,test_08941,1
8942,test_08942,1
8943,test_08943,1
8944,test_08944,1
8945,test_08945,1
8946,test_08946,1
8947,test_08947,1
8948,test_08948,1
8949,test_08949,1
8950,test_08950,1
8951,test_08951,1
8952,test_08952,1
8953,test_08953,1
8954,test_08954,1
8955,test_08955,1
8956,test_08956,1
8957,test_08957,1
8958,test_08958,1
8959,test_08959,1
8960,test_08960,1
8961,test_08961,1
8962,test_08962,1
8963,test_08963,1
8964,test_08964,1
8965,test_08965,0
8966,test_08966,1
8967,test_08967,0
8968,test_08968,1
8969,test_08969,1
8970,test_08970,1
8971,test_08971,0
8972,test_08972,0
8973,test_08973,1
8974,test_08974,1
8975,test_08975,1
8976,test_08976,1
8977,test_08977,1
8978,test_08978,1
8979,test_08979,1
8980,test_08980,1
8981,test_08981,1
8982,test_08982,1
8983,test_08983,1
8984,test_08984,1
8985,test_08985,1
8986,test_08986,0
8987,test_08987,1
8988,test_08988,1
8989,test_08989,1
8990,test_08990,1
8991,test_08991,1
8992,test_08992,1
8993,test_08993,1
8994,test_08994,1
8995,test_08995,1
8996,test_08996,1
8997,test_08997,1
8998,test_08998,1
8999,test_08999,1
9000,test_09000,0
9001,test_09001,1
9002,test_09002,1
9003,test_09003,1
9004,test_09004,1
9005,test_09005,1
9006,test_09006,0
9007,test_09007,1
9008,test_09008,1
9009,test_09009,1
9010,test_09010,1
9011,test_09011,1
9012,test_09012,1
9013,test_09013,1
9014,test_09014,1
9015,test_09015,1
9016,test_09016,0
9017,test_09017,1
9018,test_09018,1
9019,test_09019,1
9020,test_09020,1
9021,test_09021,1
9022,test_09022,1
9023,test_09023,1
9024,test_09024,1
9025,test_09025,1
9026,test_09026,1
9027,test_09027,1
9028,test_09028,1
9029,test_09029,0
9030,test_09030,1
9031,test_09031,0
9032,test_09032,1
9033,test_09033,1
9034,test_09034,1
9035,test_09035,1
9036,test_09036,0
9037,test_09037,1
9038,test_09038,1
9039,test_09039,1
9040,test_09040,1
9041,test_09041,1
9042,test_09042,1
9043,test_09043,1
9044,test_09044,1
9045,test_09045,1
9046,test_09046,1
9047,test_09047,1
9048,test_09048,1
9049,test_09049,1
9050,test_09050,1
9051,test_09051,1
9052,test_09052,1
9053,test_09053,1
9054,test_09054,0
9055,test_09055,1
9056,test_09056,1
9057,test_09057,1
9058,test_09058,1
9059,test_09059,0
9060,test_09060,1
9061,test_09061,1
9062,test_09062,1
9063,test_09063,1
9064,test_09064,1
9065,test_09065,1
9066,test_09066,1
9067,test_09067,1
9068,test_09068,0
9069,test_09069,1
9070,test_09070,1
9071,test_09071,0
9072,test_09072,1
9073,test_09073,1
9074,test_09074,1
9075,test_09075,1
9076,test_09076,1
9077,test_09077,1
9078,test_09078,1
9079,test_09079,1
9080,test_09080,1
9081,test_09081,1
9082,test_09082,1
9083,test_09083,1
9084,test_09084,1
9085,test_09085,1
9086,test_09086,1
9087,test_09087,1
9088,test_09088,1
9089,test_09089,1
9090,test_09090,1
9091,test_09091,1
9092,test_09092,0
9093,test_09093,1
9094,test_09094,1
9095,test_09095,1
9096,test_09096,1
9097,test_09097,1
9098,test_09098,0
9099,test_09099,1
9100,test_09100,1
9101,test_09101,1
9102,test_09102,1
9103,test_09103,1
9104,test_09104,1
9105,test_09105,1
9106,test_09106,1
9107,test_09107,1
9108,test_09108,1
9109,test_09109,1
9110,test_09110,1
9111,test_09111,1
9112,test_09112,1
9113,test_09113,1
9114,test_09114,1
9115,test_09115,1
9116,test_09116,1
9117,test_09117,1
9118,test_09118,1
9119,test_09119,1
9120,test_09120,1
9121,test_09121,1
9122,test_09122,1
9123,test_09123,1
9124,test_09124,1
9125,test_09125,1
9126,test_09126,1
9127,test_09127,1
9128,test_09128,1
9129,test_09129,1
9130,test_09130,1
9131,test_09131,1
9132,test_09132,0
9133,test_09133,1
9134,test_09134,0
9135,test_09135,1
9136,test_09136,1
9137,test_09137,1
9138,test_09138,0
9139,test_09139,1
9140,test_09140,1
9141,test_09141,1
9142,test_09142,1
9143,test_09143,1
9144,test_09144,1
9145,test_09145,1
9146,test_09146,1
9147,test_09147,1
9148,test_09148,1
9149,test_09149,1
9150,test_09150,1
9151,test_09151,1
9152,test_09152,1
9153,test_09153,1
9154,test_09154,0
9155,test_09155,1
9156,test_09156,1
9157,test_09157,1
9158,test_09158,1
9159,test_09159,1
9160,test_09160,0
9161,test_09161,0
9162,test_09162,1
9163,test_09163,1
9164,test_09164,1
9165,test_09165,1
9166,test_09166,1
9167,test_09167,1
9168,test_09168,1
9169,test_09169,0
9170,test_09170,1
9171,test_09171,1
9172,test_09172,1
9173,test_09173,1
9174,test_09174,1
9175,test_09175,1
9176,test_09176,1
9177,test_09177,1
9178,test_09178,1
9179,test_09179,1
9180,test_09180,1
9181,test_09181,1
9182,test_09182,1
9183,test_09183,1
9184,test_09184,1
9185,test_09185,1
9186,test_09186,1
9187,test_09187,1
9188,test_09188,1
9189,test_09189,0
9190,test_09190,1
9191,test_09191,1
9192,test_09192,1
9193,test_09193,1
9194,test_09194,1
9195,test_09195,1
9196,test_09196,1
9197,test_09197,1
9198,test_09198,1
9199,test_09199,1
9200,test_09200,1
9201,test_09201,1
9202,test_09202,1
9203,test_09203,1
9204,test_09204,1
9205,test_09205,1
9206,test_09206,1
9207,test_09207,1
9208,test_09208,1
9209,test_09209,1
9210,test_09210,1
9211,test_09211,1
9212,test_09212,1
9213,test_09213,1
9214,test_09214,1
9215,test_09215,1
9216,test_09216,1
9217,test_09217,1
9218,test_09218,1
9219,test_09219,1
9220,test_09220,1
9221,test_09221,1
9222,test_09222,1
9223,test_09223,1
9224,test_09224,1
9225,test_09225,1
9226,test_09226,1
9227,test_09227,1
9228,test_09228,1
9229,test_09229,1
9230,test_09230,1
9231,test_09231,1
9232,test_09232,1
9233,test_09233,1
9234,test_09234,0
9235,test_09235,1
9236,test_09236,1
9237,test_09237,1
9238,test_09238,1
9239,test_09239,1
9240,test_09240,0
9241,test_09241,1
9242,test_09242,1
9243,test_09243,1
9244,test_09244,1
9245,test_09245,1
9246,test_09246,0
9247,test_09247,1
9248,test_09248,1
9249,test_09249,0
9250,test_09250,1
9251,test_09251,0
9252,test_09252,1
9253,test_09253,1
9254,test_09254,1
9255,test_09255,1
9256,test_09256,1
9257,test_09257,1
9258,test_09258,1
9259,test_09259,1
9260,test_09260,1
9261,test_09261,1
9262,test_09262,1
9263,test_09263,0
9264,test_09264,0
9265,test_09265,1
9266,test_09266,1
9267,test_09267,1
9268,test_09268,1
9269,test_09269,1
9270,test_09270,1
9271,test_09271,1
9272,test_09272,1
9273,test_09273,1
9274,test_09274,1
9275,test_09275,1
9276,test_09276,0
9277,test_09277,1
9278,test_09278,1
9279,test_09279,1
9280,test_09280,1
9281,test_09281,1
9282,test_09282,0
9283,test_09283,1
9284,test_09284,1
9285,test_09285,1
9286,test_09286,1
9287,test_09287,1
9288,test_09288,1
9289,test_09289,1
9290,test_09290,1
9291,test_09291,1
9292,test_09292,1
9293,test_09293,1
9294,test_09294,1
9295,test_09295,1
9296,test_09296,1
9297,test_09297,1
9298,test_09298,1
9299,test_09299,1
9300,test_09300,1
9301,test_09301,1
9302,test_09302,1
9303,test_09303,1
9304,test_09304,1
9305,test_09305,1
9306,test_09306,1
9307,test_09307,0
9308,test_09308,1
9309,test_09309,1
9310,test_09310,1
9311,test_09311,0
9312,test_09312,1
9313,test_09313,1
9314,test_09314,1
9315,test_09315,1
9316,test_09316,1
9317,test_09317,1
9318,test_09318,1
9319,test_09319,1
9320,test_09320,1
9321,test_09321,1
9322,test_09322,1
9323,test_09323,1
9324,test_09324,0
9325,test_09325,1
9326,test_09326,1
9327,test_09327,1
9328,test_09328,1
9329,test_09329,0
9330,test_09330,1
9331,test_09331,1
9332,test_09332,1
9333,test_09333,1
9334,test_09334,1
9335,test_09335,0
9336,test_09336,1
9337,test_09337,1
9338,test_09338,1
9339,test_09339,1
9340,test_09340,1
9341,test_09341,1
9342,test_09342,1
9343,test_09343,1
9344,test_09344,1
9345,test_09345,1
9346,test_09346,1
9347,test_09347,1
9348,test_09348,1
9349,test_09349,1
9350,test_09350,1
9351,test_09351,1
9352,test_09352,1
9353,test_09353,1
9354,test_09354,1
9355,test_09355,1
9356,test_09356,1
9357,test_09357,0
9358,test_09358,1
9359,test_09359,1
9360,test_09360,1
9361,test_09361,1
9362,test_09362,1
9363,test_09363,1
9364,test_09364,1
9365,test_09365,1
9366,test_09366,1
9367,test_09367,1
9368,test_09368,1
9369,test_09369,1
9370,test_09370,1
9371,test_09371,1
9372,test_09372,1
9373,test_09373,1
9374,test_09374,1
9375,test_09375,1
9376,test_09376,1
9377,test_09377,1
9378,test_09378,1
9379,test_09379,1
9380,test_09380,1
9381,test_09381,1
9382,test_09382,1
9383,test_09383,1
9384,test_09384,1
9385,test_09385,1
9386,test_09386,1
9387,test_09387,1
9388,test_09388,1
9389,test_09389,1
9390,test_09390,1
9391,test_09391,1
9392,test_09392,1
9393,test_09393,1
9394,test_09394,1
9395,test_09395,1
9396,test_09396,1
9397,test_09397,1
9398,test_09398,1
9399,test_09399,1
9400,test_09400,0
9401,test_09401,1
9402,test_09402,0
9403,test_09403,1
9404,test_09404,1
9405,test_09405,1
9406,test_09406,1
9407,test_09407,1
9408,test_09408,1
9409,test_09409,1
9410,test_09410,1
9411,test_09411,1
9412,test_09412,1
9413,test_09413,1
9414,test_09414,1
9415,test_09415,1
9416,test_09416,1
9417,test_09417,1
9418,test_09418,1
9419,test_09419,1
9420,test_09420,1
9421,test_09421,1
9422,test_09422,1
9423,test_09423,1
9424,test_09424,1
9425,test_09425,1
9426,test_09426,1
9427,test_09427,1
9428,test_09428,1
9429,test_09429,1
9430,test_09430,0
9431,test_09431,1
9432,test_09432,1
9433,test_09433,1
9434,test_09434,1
9435,test_09435,1
9436,test_09436,1
9437,test_09437,1
9438,test_09438,1
9439,test_09439,1
9440,test_09440,1
9441,test_09441,1
9442,test_09442,1
9443,test_09443,1
9444,test_09444,1
9445,test_09445,1
9446,test_09446,1
9447,test_09447,1
9448,test_09448,1
9449,test_09449,1
9450,test_09450,1
9451,test_09451,1
9452,test_09452,1
9453,test_09453,1
9454,test_09454,1
9455,test_09455,1
9456,test_09456,1
9457,test_09457,0
9458,test_09458,1
9459,test_09459,1
9460,test_09460,1
9461,test_09461,1
9462,test_09462,1
9463,test_09463,1
9464,test_09464,1
9465,test_09465,1
9466,test_09466,1
9467,test_09467,1
9468,test_09468,1
9469,test_09469,0
9470,test_09470,1
9471,test_09471,1
9472,test_09472,1
9473,test_09473,1
9474,test_09474,1
9475,test_09475,1
9476,test_09476,1
9477,test_09477,0
9478,test_09478,0
9479,test_09479,1
9480,test_09480,1
9481,test_09481,1
9482,test_09482,1
9483,test_09483,1
9484,test_09484,1
9485,test_09485,1
9486,test_09486,1
9487,test_09487,1
9488,test_09488,1
9489,test_09489,0
9490,test_09490,1
9491,test_09491,1
9492,test_09492,1
9493,test_09493,1
9494,test_09494,1
9495,test_09495,1
9496,test_09496,1
9497,test_09497,1
9498,test_09498,1
9499,test_09499,1
9500,test_09500,1
9501,test_09501,1
9502,test_09502,1
9503,test_09503,1
9504,test_09504,1
9505,test_09505,1
9506,test_09506,1
9507,test_09507,1
9508,test_09508,1
9509,test_09509,1
9510,test_09510,1
9511,test_09511,1
9512,test_09512,1
9513,test_09513,1
9514,test_09514,1
9515,test_09515,1
9516,test_09516,1
9517,test_09517,1
9518,test_09518,1
9519,test_09519,1
9520,test_09520,1
9521,test_09521,1
9522,test_09522,1
9523,test_09523,1
9524,test_09524,1
9525,test_09525,0
9526,test_09526,1
9527,test_09527,1
9528,test_09528,1
9529,test_09529,1
9530,test_09530,1
9531,test_09531,0
9532,test_09532,1
9533,test_09533,1
9534,test_09534,1
9535,test_09535,1
9536,test_09536,0
9537,test_09537,1
9538,test_09538,0
9539,test_09539,1
9540,test_09540,1
9541,test_09541,1
9542,test_09542,1
9543,test_09543,0
9544,test_09544,1
9545,test_09545,1
9546,test_09546,0
9547,test_09547,1
9548,test_09548,1
9549,test_09549,1
9550,test_09550,1
9551,test_09551,1
9552,test_09552,1
9553,test_09553,1
9554,test_09554,1
9555,test_09555,1
9556,test_09556,0
9557,test_09557,1
9558,test_09558,1
9559,test_09559,1
9560,test_09560,1
9561,test_09561,1
9562,test_09562,1
9563,test_09563,1
9564,test_09564,0
9565,test_09565,1
9566,test_09566,1
9567,test_09567,1
9568,test_09568,1
9569,test_09569,1
9570,test_09570,1
9571,test_09571,1
9572,test_09572,1
9573,test_09573,1
9574,test_09574,1
9575,test_09575,1
9576,test_09576,1
9577,test_09577,1
9578,test_09578,0
9579,test_09579,1
9580,test_09580,1
9581,test_09581,1
9582,test_09582,0
9583,test_09583,1
9584,test_09584,1
9585,test_09585,0
9586,test_09586,1
9587,test_09587,1
9588,test_09588,1
9589,test_09589,1
9590,test_09590,1
9591,test_09591,0
9592,test_09592,1
9593,test_09593,1
9594,test_09594,1
9595,test_09595,1
9596,test_09596,1
9597,test_09597,1
9598,test_09598,0
9599,test_09599,1
9600,test_09600,1
9601,test_09601,1
9602,test_09602,0
9603,test_09603,1
9604,test_09604,1
9605,test_09605,0
9606,test_09606,1
9607,test_09607,1
9608,test_09608,1
9609,test_09609,1
9610,test_09610,1
9611,test_09611,1
9612,test_09612,1
9613,test_09613,1
9614,test_09614,1
9615,test_09615,1
9616,test_09616,1
9617,test_09617,1
9618,test_09618,1
9619,test_09619,1
9620,test_09620,1
9621,test_09621,1
9622,test_09622,1
9623,test_09623,1
9624,test_09624,1
9625,test_09625,1
9626,test_09626,1
9627,test_09627,1
9628,test_09628,1
9629,test_09629,1
9630,test_09630,1
9631,test_09631,1
9632,test_09632,0
9633,test_09633,1
9634,test_09634,1
9635,test_09635,1
9636,test_09636,1
9637,test_09637,1
9638,test_09638,1
9639,test_09639,1
9640,test_09640,1
9641,test_09641,1
9642,test_09642,1
9643,test_09643,1
9644,test_09644,1
9645,test_09645,1
9646,test_09646,1
9647,test_09647,1
9648,test_09648,1
9649,test_09649,1
9650,test_09650,1
9651,test_09651,1
9652,test_09652,1
9653,test_09653,1
9654,test_09654,1
9655,test_09655,1
9656,test_09656,1
9657,test_09657,1
9658,test_09658,0
9659,test_09659,1
9660,test_09660,1
9661,test_09661,1
9662,test_09662,1
9663,test_09663,1
9664,test_09664,1
9665,test_09665,1
9666,test_09666,1
9667,test_09667,0
9668,test_09668,1
9669,test_09669,1
9670,test_09670,1
9671,test_09671,1
9672,test_09672,1
9673,test_09673,0
9674,test_09674,0
9675,test_09675,1
9676,test_09676,1
9677,test_09677,0
9678,test_09678,0
9679,test_09679,1
9680,test_09680,1
9681,test_09681,1
9682,test_09682,1
9683,test_09683,0
9684,test_09684,1
9685,test_09685,1
9686,test_09686,1
9687,test_09687,1
9688,test_09688,1
9689,test_09689,1
9690,test_09690,1
9691,test_09691,1
9692,test_09692,1
9693,test_09693,1
9694,test_09694,1
9695,test_09695,1
9696,test_09696,1
9697,test_09697,1
9698,test_09698,1
9699,test_09699,1
9700,test_09700,1
9701,test_09701,1
9702,test_09702,1
9703,test_09703,1
9704,test_09704,0
9705,test_09705,1
9706,test_09706,0
9707,test_09707,1
9708,test_09708,1
9709,test_09709,0
9710,test_09710,1
9711,test_09711,1
9712,test_09712,1
9713,test_09713,1
9714,test_09714,1
9715,test_09715,1
9716,test_09716,1
9717,test_09717,1
9718,test_09718,1
9719,test_09719,1
9720,test_09720,1
9721,test_09721,1
9722,test_09722,1
9723,test_09723,1
9724,test_09724,1
9725,test_09725,1
9726,test_09726,1
9727,test_09727,1
9728,test_09728,1
9729,test_09729,1
9730,test_09730,1
9731,test_09731,1
9732,test_09732,1
9733,test_09733,1
9734,test_09734,1
9735,test_09735,1
9736,test_09736,1
9737,test_09737,1
9738,test_09738,1
9739,test_09739,0
9740,test_09740,1
9741,test_09741,1
9742,test_09742,1
9743,test_09743,1
9744,test_09744,1
9745,test_09745,1
9746,test_09746,1
9747,test_09747,0
9748,test_09748,1
9749,test_09749,0
9750,test_09750,1
9751,test_09751,0
9752,test_09752,1
9753,test_09753,1
9754,test_09754,1
9755,test_09755,1
9756,test_09756,1
9757,test_09757,1
9758,test_09758,1
9759,test_09759,1
9760,test_09760,0
9761,test_09761,1
9762,test_09762,1
9763,test_09763,1
9764,test_09764,1
9765,test_09765,1
9766,test_09766,1
9767,test_09767,1
9768,test_09768,1
9769,test_09769,1
9770,test_09770,1
9771,test_09771,1
9772,test_09772,1
9773,test_09773,1
9774,test_09774,1
9775,test_09775,1
9776,test_09776,1
9777,test_09777,0
9778,test_09778,1
9779,test_09779,1
9780,test_09780,1
9781,test_09781,1
9782,test_09782,1
9783,test_09783,1
9784,test_09784,1
9785,test_09785,1
9786,test_09786,1
9787,test_09787,1
9788,test_09788,0
9789,test_09789,1
9790,test_09790,1
9791,test_09791,1
9792,test_09792,0
9793,test_09793,0
9794,test_09794,1
9795,test_09795,1
9796,test_09796,1
9797,test_09797,1
9798,test_09798,0
9799,test_09799,1
9800,test_09800,1
9801,test_09801,1
9802,test_09802,0
9803,test_09803,1
9804,test_09804,1
9805,test_09805,1
9806,test_09806,1
9807,test_09807,1
9808,test_09808,1
9809,test_09809,0
9810,test_09810,1
9811,test_09811,1
9812,test_09812,1
9813,test_09813,1
9814,test_09814,1
9815,test_09815,0
9816,test_09816,1
9817,test_09817,1
9818,test_09818,1
9819,test_09819,0
9820,test_09820,0
9821,test_09821,1
9822,test_09822,1
9823,test_09823,1
9824,test_09824,1
9825,test_09825,1
9826,test_09826,1
9827,test_09827,1
9828,test_09828,1
9829,test_09829,1
9830,test_09830,1
9831,test_09831,1
9832,test_09832,0
9833,test_09833,1
9834,test_09834,0
9835,test_09835,1
9836,test_09836,1
9837,test_09837,1
9838,test_09838,1
9839,test_09839,1
9840,test_09840,1
9841,test_09841,1
9842,test_09842,0
9843,test_09843,1
9844,test_09844,1
9845,test_09845,1
9846,test_09846,1
9847,test_09847,1
9848,test_09848,0
9849,test_09849,1
9850,test_09850,1
9851,test_09851,1
9852,test_09852,0
9853,test_09853,1
9854,test_09854,1
9855,test_09855,1
9856,test_09856,1
9857,test_09857,1
9858,test_09858,0
9859,test_09859,1
9860,test_09860,1
9861,test_09861,1
9862,test_09862,1
9863,test_09863,1
9864,test_09864,1
9865,test_09865,1
9866,test_09866,1
9867,test_09867,1
9868,test_09868,1
9869,test_09869,1
9870,test_09870,1
9871,test_09871,1
9872,test_09872,1
9873,test_09873,1
9874,test_09874,1
9875,test_09875,0
9876,test_09876,1
9877,test_09877,0
9878,test_09878,1
9879,test_09879,1
9880,test_09880,1
9881,test_09881,1
9882,test_09882,1
9883,test_09883,0
9884,test_09884,1
9885,test_09885,1
9886,test_09886,1
9887,test_09887,1
9888,test_09888,1
9889,test_09889,1
9890,test_09890,1
9891,test_09891,1
9892,test_09892,1
9893,test_09893,1
9894,test_09894,1
9895,test_09895,0
9896,test_09896,1
9897,test_09897,1
9898,test_09898,0
9899,test_09899,1
9900,test_09900,0
9901,test_09901,1
9902,test_09902,1
9903,test_09903,0
9904,test_09904,1
9905,test_09905,1
9906,test_09906,1
9907,test_09907,1
9908,test_09908,1
9909,test_09909,1
9910,test_09910,1
9911,test_09911,1
9912,test_09912,0
9913,test_09913,1
9914,test_09914,1
9915,test_09915,1
9916,test_09916,1
9917,test_09917,1
9918,test_09918,0
9919,test_09919,1
9920,test_09920,1
9921,test_09921,1
9922,test_09922,1
9923,test_09923,1
9924,test_09924,0
9925,test_09925,1
9926,test_09926,1
9927,test_09927,1
9928,test_09928,1
9929,test_09929,1
9930,test_09930,1
9931,test_09931,1
9932,test_09932,1
9933,test_09933,1
9934,test_09934,1
9935,test_09935,1
9936,test_09936,1
9937,test_09937,1
9938,test_09938,1
9939,test_09939,0
9940,test_09940,1
9941,test_09941,1
9942,test_09942,0
9943,test_09943,1
9944,test_09944,0
9945,test_09945,1
9946,test_09946,0
9947,test_09947,1
9948,test_09948,1
9949,test_09949,1
9950,test_09950,1
9951,test_09951,1
9952,test_09952,1
9953,test_09953,1
9954,test_09954,1
9955,test_09955,1
9956,test_09956,1
9957,test_09957,1
9958,test_09958,1
9959,test_09959,1
9960,test_09960,1
9961,test_09961,1
9962,test_09962,1
9963,test_09963,1
9964,test_09964,1
9965,test_09965,1
9966,test_09966,1
9967,test_09967,1
9968,test_09968,1
9969,test_09969,1
9970,test_09970,1
9971,test_09971,1
9972,test_09972,1
9973,test_09973,1
9974,test_09974,1
9975,test_09975,1
9976,test_09976,1
9977,test_09977,1
9978,test_09978,1
9979,test_09979,1
9980,test_09980,1
9981,test_09981,1
9982,test_09982,1
9983,test_09983,1
9984,test_09984,0
9985,test_09985,1
9986,test_09986,1
9987,test_09987,1
9988,test_09988,1
9989,test_09989,1
9990,test_09990,1
9991,test_09991,1
9992,test_09992,1
9993,test_09993,1
9994,test_09994,1
9995,test_09995,1
9996,test_09996,1
9997,test_09997,1
9998,test_09998,1
9999,test_09999,1
10000,test_10000,1
10001,test_10001,1
10002,test_10002,1
10003,test_10003,1
10004,test_10004,1
10005,test_10005,1
10006,test_10006,1
10007,test_10007,1
10008,test_10008,1
10009,test_10009,1
10010,test_10010,1
10011,test_10011,1
10012,test_10012,1
10013,test_10013,1
10014,test_10014,1
10015,test_10015,1
10016,test_10016,1
10017,test_10017,1
10018,test_10018,1
10019,test_10019,1
10020,test_10020,1
10021,test_10021,1
10022,test_10022,1
10023,test_10023,1
10024,test_10024,1
10025,test_10025,1
10026,test_10026,0
10027,test_10027,1
10028,test_10028,1
10029,test_10029,1
10030,test_10030,1
10031,test_10031,0
10032,test_10032,1
10033,test_10033,1
10034,test_10034,1
10035,test_10035,1
10036,test_10036,1
10037,test_10037,1
10038,test_10038,1
10039,test_10039,1
10040,test_10040,0
10041,test_10041,1
10042,test_10042,1
10043,test_10043,1
10044,test_10044,1
10045,test_10045,1
10046,test_10046,1
10047,test_10047,1
10048,test_10048,1
10049,test_10049,1
10050,test_10050,1
10051,test_10051,1
10052,test_10052,1
10053,test_10053,1
10054,test_10054,1
10055,test_10055,1
10056,test_10056,1
10057,test_10057,1
10058,test_10058,1
10059,test_10059,1
10060,test_10060,1
10061,test_10061,1
10062,test_10062,1
10063,test_10063,1
10064,test_10064,1
10065,test_10065,1
10066,test_10066,1
10067,test_10067,1
10068,test_10068,1
10069,test_10069,1
10070,test_10070,1
10071,test_10071,1
10072,test_10072,1
10073,test_10073,1
10074,test_10074,0
10075,test_10075,0
10076,test_10076,1
10077,test_10077,1
10078,test_10078,1
10079,test_10079,1
10080,test_10080,1
10081,test_10081,1
10082,test_10082,1
10083,test_10083,1
10084,test_10084,1
10085,test_10085,1
10086,test_10086,1
10087,test_10087,1
10088,test_10088,1
10089,test_10089,1
10090,test_10090,1
10091,test_10091,1
10092,test_10092,1
10093,test_10093,1
10094,test_10094,0
10095,test_10095,1
10096,test_10096,1
10097,test_10097,1
10098,test_10098,0
10099,test_10099,1
10100,test_10100,1
10101,test_10101,1
10102,test_10102,1
10103,test_10103,1
10104,test_10104,1
10105,test_10105,1
10106,test_10106,1
10107,test_10107,1
10108,test_10108,0
10109,test_10109,1
10110,test_10110,1
10111,test_10111,0
10112,test_10112,1
10113,test_10113,0
10114,test_10114,1
10115,test_10115,1
10116,test_10116,1
10117,test_10117,1
10118,test_10118,1
10119,test_10119,1
10120,test_10120,1
10121,test_10121,1
10122,test_10122,1
10123,test_10123,0
10124,test_10124,1
10125,test_10125,1
10126,test_10126,1
10127,test_10127,1
10128,test_10128,0
10129,test_10129,1
10130,test_10130,1
10131,test_10131,1
10132,test_10132,1
10133,test_10133,1
10134,test_10134,1
10135,test_10135,0
10136,test_10136,1
10137,test_10137,1
10138,test_10138,1
10139,test_10139,1
10140,test_10140,1
10141,test_10141,1
10142,test_10142,1
10143,test_10143,0
10144,test_10144,1
10145,test_10145,1
10146,test_10146,0
10147,test_10147,1
10148,test_10148,1
10149,test_10149,0
10150,test_10150,1
10151,test_10151,1
10152,test_10152,1
10153,test_10153,1
10154,test_10154,1
10155,test_10155,1
10156,test_10156,1
10157,test_10157,1
10158,test_10158,1
10159,test_10159,1
10160,test_10160,1
10161,test_10161,1
10162,test_10162,1
10163,test_10163,1
10164,test_10164,1
10165,test_10165,1
10166,test_10166,1
10167,test_10167,1
10168,test_10168,1
10169,test_10169,1
10170,test_10170,1
10171,test_10171,1
10172,test_10172,1
10173,test_10173,1
10174,test_10174,1
10175,test_10175,1
10176,test_10176,1
10177,test_10177,1
10178,test_10178,1
10179,test_10179,1
10180,test_10180,1
10181,test_10181,1
10182,test_10182,1
10183,test_10183,1
10184,test_10184,0
10185,test_10185,1
10186,test_10186,1
10187,test_10187,1
10188,test_10188,1
10189,test_10189,1
10190,test_10190,1
10191,test_10191,1
10192,test_10192,1
10193,test_10193,1
10194,test_10194,1
10195,test_10195,1
10196,test_10196,1
10197,test_10197,1
10198,test_10198,1
10199,test_10199,1
10200,test_10200,1
10201,test_10201,1
10202,test_10202,0
10203,test_10203,1
10204,test_10204,1
10205,test_10205,1
10206,test_10206,1
10207,test_10207,1
10208,test_10208,1
10209,test_10209,1
10210,test_10210,1
10211,test_10211,1
10212,test_10212,1
10213,test_10213,1
10214,test_10214,1
10215,test_10215,1
10216,test_10216,1
10217,test_10217,1
10218,test_10218,1
10219,test_10219,1
10220,test_10220,1
10221,test_10221,1
10222,test_10222,1
10223,test_10223,0
10224,test_10224,1
10225,test_10225,0
10226,test_10226,1
10227,test_10227,1
10228,test_10228,1
10229,test_10229,1
10230,test_10230,0
10231,test_10231,1
10232,test_10232,1
10233,test_10233,1
10234,test_10234,1
10235,test_10235,1
10236,test_10236,1
10237,test_10237,1
10238,test_10238,1
10239,test_10239,1
10240,test_10240,1
10241,test_10241,1
10242,test_10242,1
10243,test_10243,1
10244,test_10244,0
10245,test_10245,1
10246,test_10246,1
10247,test_10247,1
10248,test_10248,1
10249,test_10249,1
10250,test_10250,1
10251,test_10251,1
10252,test_10252,1
10253,test_10253,1
10254,test_10254,1
10255,test_10255,1
10256,test_10256,0
10257,test_10257,1
10258,test_10258,1
10259,test_10259,1
10260,test_10260,0
10261,test_10261,1
10262,test_10262,1
10263,test_10263,1
10264,test_10264,1
10265,test_10265,1
10266,test_10266,1
10267,test_10267,1
10268,test_10268,1
10269,test_10269,1
10270,test_10270,1
10271,test_10271,1
10272,test_10272,1
10273,test_10273,1
10274,test_10274,1
10275,test_10275,1
10276,test_10276,1
10277,test_10277,1
10278,test_10278,1
10279,test_10279,1
10280,test_10280,1
10281,test_10281,1
10282,test_10282,1
10283,test_10283,1
10284,test_10284,1
10285,test_10285,1
10286,test_10286,1
10287,test_10287,1
10288,test_10288,1
10289,test_10289,1
10290,test_10290,1
10291,test_10291,1
10292,test_10292,1
10293,test_10293,1
10294,test_10294,1
10295,test_10295,1
10296,test_10296,1
10297,test_10297,1
10298,test_10298,1
10299,test_10299,1
10300,test_10300,0
10301,test_10301,0
10302,test_10302,1
10303,test_10303,1
10304,test_10304,1
10305,test_10305,1
10306,test_10306,1
10307,test_10307,1
10308,test_10308,1
10309,test_10309,1
10310,test_10310,1
10311,test_10311,1
10312,test_10312,1
10313,test_10313,0
10314,test_10314,1
10315,test_10315,1
10316,test_10316,1
10317,test_10317,1
10318,test_10318,1
10319,test_10319,1
10320,test_10320,1
10321,test_10321,1
10322,test_10322,1
10323,test_10323,1
10324,test_10324,1
10325,test_10325,1
10326,test_10326,1
10327,test_10327,0
10328,test_10328,1
10329,test_10329,1
10330,test_10330,1
10331,test_10331,1
10332,test_10332,1
10333,test_10333,1
10334,test_10334,1
10335,test_10335,1
10336,test_10336,1
10337,test_10337,1
10338,test_10338,1
10339,test_10339,1
10340,test_10340,0
10341,test_10341,1
10342,test_10342,0
10343,test_10343,1
10344,test_10344,1
10345,test_10345,0
10346,test_10346,1
10347,test_10347,1
10348,test_10348,1
10349,test_10349,1
10350,test_10350,1
10351,test_10351,1
10352,test_10352,1
10353,test_10353,1
10354,test_10354,1
10355,test_10355,1
10356,test_10356,0
10357,test_10357,1
10358,test_10358,1
10359,test_10359,1
10360,test_10360,0
10361,test_10361,1
10362,test_10362,1
10363,test_10363,1
10364,test_10364,1
10365,test_10365,1
10366,test_10366,1
10367,test_10367,1
10368,test_10368,0
10369,test_10369,1
10370,test_10370,1
10371,test_10371,1
10372,test_10372,1
10373,test_10373,1
10374,test_10374,1
10375,test_10375,1
10376,test_10376,1
10377,test_10377,1
10378,test_10378,1
10379,test_10379,1
10380,test_10380,1
10381,test_10381,1
10382,test_10382,1
10383,test_10383,1
10384,test_10384,1
10385,test_10385,1
10386,test_10386,1
10387,test_10387,1
10388,test_10388,1
10389,test_10389,1
10390,test_10390,1
10391,test_10391,1
10392,test_10392,1
10393,test_10393,1
10394,test_10394,1
10395,test_10395,1
10396,test_10396,0
10397,test_10397,1
10398,test_10398,1
10399,test_10399,1
10400,test_10400,1
10401,test_10401,1
10402,test_10402,1
10403,test_10403,1
10404,test_10404,1
10405,test_10405,1
10406,test_10406,1
10407,test_10407,1
10408,test_10408,0
10409,test_10409,1
10410,test_10410,1
10411,test_10411,1
10412,test_10412,1
10413,test_10413,1
10414,test_10414,1
10415,test_10415,1
10416,test_10416,1
10417,test_10417,0
10418,test_10418,1
10419,test_10419,1
10420,test_10420,0
10421,test_10421,1
10422,test_10422,1
10423,test_10423,1
10424,test_10424,1
10425,test_10425,1
10426,test_10426,1
10427,test_10427,1
10428,test_10428,1
10429,test_10429,1
10430,test_10430,1
10431,test_10431,0
10432,test_10432,1
10433,test_10433,1
10434,test_10434,1
10435,test_10435,1
10436,test_10436,1
10437,test_10437,1
10438,test_10438,1
10439,test_10439,0
10440,test_10440,1
10441,test_10441,1
10442,test_10442,1
10443,test_10443,1
10444,test_10444,1
10445,test_10445,1
10446,test_10446,1
10447,test_10447,1
10448,test_10448,1
10449,test_10449,1
10450,test_10450,1
10451,test_10451,1
10452,test_10452,1
10453,test_10453,1
10454,test_10454,1
10455,test_10455,1
10456,test_10456,1
10457,test_10457,1
10458,test_10458,1
10459,test_10459,1
10460,test_10460,0
10461,test_10461,0
10462,test_10462,1
10463,test_10463,1
10464,test_10464,1
10465,test_10465,1
10466,test_10466,1
10467,test_10467,1
10468,test_10468,1
10469,test_10469,1
10470,test_10470,1
10471,test_10471,1
10472,test_10472,1
10473,test_10473,1
10474,test_10474,1
10475,test_10475,0
10476,test_10476,1
10477,test_10477,1
10478,test_10478,1
10479,test_10479,1
10480,test_10480,1
10481,test_10481,1
10482,test_10482,1
10483,test_10483,1
10484,test_10484,1
10485,test_10485,1
10486,test_10486,1
10487,test_10487,1
10488,test_10488,1
10489,test_10489,1
10490,test_10490,1
10491,test_10491,1
10492,test_10492,1
10493,test_10493,1
10494,test_10494,1
10495,test_10495,1
10496,test_10496,0
10497,test_10497,1
10498,test_10498,1
10499,test_10499,1
10500,test_10500,1
10501,test_10501,1
10502,test_10502,1
10503,test_10503,1
10504,test_10504,1
10505,test_10505,0
10506,test_10506,1
10507,test_10507,1
10508,test_10508,1
10509,test_10509,1
10510,test_10510,0
10511,test_10511,1
10512,test_10512,1
10513,test_10513,1
10514,test_10514,1
10515,test_10515,1
10516,test_10516,1
10517,test_10517,1
10518,test_10518,1
10519,test_10519,1
10520,test_10520,1
10521,test_10521,0
10522,test_10522,1
10523,test_10523,1
10524,test_10524,1
10525,test_10525,1
10526,test_10526,0
10527,test_10527,1
10528,test_10528,1
10529,test_10529,1
10530,test_10530,1
10531,test_10531,1
10532,test_10532,1
10533,test_10533,1
10534,test_10534,1
10535,test_10535,1
10536,test_10536,1
10537,test_10537,1
10538,test_10538,1
10539,test_10539,1
10540,test_10540,1
10541,test_10541,1
10542,test_10542,1
10543,test_10543,1
10544,test_10544,1
10545,test_10545,1
10546,test_10546,1
10547,test_10547,1
10548,test_10548,0
10549,test_10549,1
10550,test_10550,1
10551,test_10551,1
10552,test_10552,1
10553,test_10553,1
10554,test_10554,1
10555,test_10555,1
10556,test_10556,1
10557,test_10557,1
10558,test_10558,1
10559,test_10559,1
10560,test_10560,1
10561,test_10561,1
10562,test_10562,1
10563,test_10563,0
10564,test_10564,1
10565,test_10565,1
10566,test_10566,0
10567,test_10567,1
10568,test_10568,1
10569,test_10569,1
10570,test_10570,1
10571,test_10571,0
10572,test_10572,1
10573,test_10573,1
10574,test_10574,1
10575,test_10575,1
10576,test_10576,1
10577,test_10577,1
10578,test_10578,1
10579,test_10579,1
10580,test_10580,1
10581,test_10581,1
10582,test_10582,1
10583,test_10583,1
10584,test_10584,0
10585,test_10585,1
10586,test_10586,1
10587,test_10587,1
10588,test_10588,1
10589,test_10589,1
10590,test_10590,1
10591,test_10591,1
10592,test_10592,0
10593,test_10593,1
10594,test_10594,1
10595,test_10595,1
10596,test_10596,1
10597,test_10597,1
10598,test_10598,1
10599,test_10599,1
10600,test_10600,1
10601,test_10601,1
10602,test_10602,1
10603,test_10603,1
10604,test_10604,1
10605,test_10605,1
10606,test_10606,1
10607,test_10607,1
10608,test_10608,1
10609,test_10609,1
10610,test_10610,1
10611,test_10611,1
10612,test_10612,1
10613,test_10613,1
10614,test_10614,0
10615,test_10615,1
10616,test_10616,1
10617,test_10617,0
10618,test_10618,1
10619,test_10619,1
10620,test_10620,1
10621,test_10621,1
10622,test_10622,1
10623,test_10623,1
10624,test_10624,1
10625,test_10625,1
10626,test_10626,0
10627,test_10627,1
10628,test_10628,1
10629,test_10629,1
10630,test_10630,1
10631,test_10631,1
10632,test_10632,1
10633,test_10633,1
10634,test_10634,1
10635,test_10635,1
10636,test_10636,1
10637,test_10637,0
10638,test_10638,1
10639,test_10639,1
10640,test_10640,1
10641,test_10641,1
10642,test_10642,1
10643,test_10643,1
10644,test_10644,1
10645,test_10645,0
10646,test_10646,1
10647,test_10647,0
10648,test_10648,1
10649,test_10649,1
10650,test_10650,0
10651,test_10651,1
10652,test_10652,1
10653,test_10653,1
10654,test_10654,1
10655,test_10655,1
10656,test_10656,1
10657,test_10657,1
10658,test_10658,1
10659,test_10659,1
10660,test_10660,1
10661,test_10661,1
10662,test_10662,1
10663,test_10663,1
10664,test_10664,1
10665,test_10665,1
10666,test_10666,0
10667,test_10667,1
10668,test_10668,1
10669,test_10669,1
10670,test_10670,1
10671,test_10671,1
10672,test_10672,1
10673,test_10673,1
10674,test_10674,1
10675,test_10675,1
10676,test_10676,1
10677,test_10677,1
10678,test_10678,1
10679,test_10679,1
10680,test_10680,1
10681,test_10681,1
10682,test_10682,1
10683,test_10683,1
10684,test_10684,1
10685,test_10685,1
10686,test_10686,1
10687,test_10687,1
10688,test_10688,1
10689,test_10689,1
10690,test_10690,1
10691,test_10691,1
10692,test_10692,1
10693,test_10693,1
10694,test_10694,1
10695,test_10695,1
10696,test_10696,1
10697,test_10697,1
10698,test_10698,0
10699,test_10699,1
10700,test_10700,1
10701,test_10701,1
10702,test_10702,1
10703,test_10703,1
10704,test_10704,1
10705,test_10705,1
10706,test_10706,1
10707,test_10707,1
10708,test_10708,1
10709,test_10709,1
10710,test_10710,1
10711,test_10711,1
10712,test_10712,1
10713,test_10713,1
10714,test_10714,1
10715,test_10715,1
10716,test_10716,1
10717,test_10717,1
10718,test_10718,1
10719,test_10719,1
10720,test_10720,1
10721,test_10721,1
10722,test_10722,0
10723,test_10723,1
10724,test_10724,1
10725,test_10725,1
10726,test_10726,1
10727,test_10727,1
10728,test_10728,1
10729,test_10729,1
10730,test_10730,1
10731,test_10731,1
10732,test_10732,1
10733,test_10733,1
10734,test_10734,1
10735,test_10735,1
10736,test_10736,1
10737,test_10737,1
10738,test_10738,1
10739,test_10739,1
10740,test_10740,1
10741,test_10741,1
10742,test_10742,1
10743,test_10743,1
10744,test_10744,1
10745,test_10745,1
10746,test_10746,0
10747,test_10747,1
10748,test_10748,1
10749,test_10749,1
10750,test_10750,1
10751,test_10751,1
10752,test_10752,1
10753,test_10753,1
10754,test_10754,1
10755,test_10755,1
10756,test_10756,1
10757,test_10757,1
10758,test_10758,1
10759,test_10759,1
10760,test_10760,1
10761,test_10761,1
10762,test_10762,1
10763,test_10763,1
10764,test_10764,1
10765,test_10765,1
10766,test_10766,1
10767,test_10767,0
10768,test_10768,1
10769,test_10769,1
10770,test_10770,1
10771,test_10771,1
10772,test_10772,1
10773,test_10773,1
10774,test_10774,1
10775,test_10775,1
10776,test_10776,1
10777,test_10777,1
10778,test_10778,1
10779,test_10779,1
10780,test_10780,0
10781,test_10781,0
10782,test_10782,1
10783,test_10783,1
10784,test_10784,0
10785,test_10785,1
10786,test_10786,1
10787,test_10787,1
10788,test_10788,1
10789,test_10789,1
10790,test_10790,1
10791,test_10791,1
10792,test_10792,1
10793,test_10793,1
10794,test_10794,0
10795,test_10795,1
10796,test_10796,1
10797,test_10797,0
10798,test_10798,1
10799,test_10799,1
10800,test_10800,1
10801,test_10801,1
10802,test_10802,1
10803,test_10803,1
10804,test_10804,0
10805,test_10805,1
10806,test_10806,1
10807,test_10807,1
10808,test_10808,1
10809,test_10809,1
10810,test_10810,1
10811,test_10811,1
10812,test_10812,1
10813,test_10813,1
10814,test_10814,1
10815,test_10815,1
10816,test_10816,1
10817,test_10817,1
10818,test_10818,1
10819,test_10819,0
10820,test_10820,1
10821,test_10821,1
10822,test_10822,1
10823,test_10823,1
10824,test_10824,1
10825,test_10825,0
10826,test_10826,1
10827,test_10827,1
10828,test_10828,1
10829,test_10829,1
10830,test_10830,1
10831,test_10831,1
10832,test_10832,1
10833,test_10833,1
10834,test_10834,1
10835,test_10835,0
10836,test_10836,0
10837,test_10837,1
10838,test_10838,1
10839,test_10839,1
10840,test_10840,1
10841,test_10841,0
10842,test_10842,1
10843,test_10843,1
10844,test_10844,1
10845,test_10845,1
10846,test_10846,1
10847,test_10847,1
10848,test_10848,1
10849,test_10849,1
10850,test_10850,1
10851,test_10851,1
10852,test_10852,1
10853,test_10853,1
10854,test_10854,1
10855,test_10855,1
10856,test_10856,1
10857,test_10857,1
10858,test_10858,1
10859,test_10859,1
10860,test_10860,0
10861,test_10861,0
10862,test_10862,1
10863,test_10863,1
10864,test_10864,1
10865,test_10865,1
10866,test_10866,1
10867,test_10867,1
10868,test_10868,1
10869,test_10869,1
10870,test_10870,1
10871,test_10871,0
10872,test_10872,1
10873,test_10873,1
10874,test_10874,1
10875,test_10875,1
10876,test_10876,1
10877,test_10877,1
10878,test_10878,1
10879,test_10879,1
10880,test_10880,1
10881,test_10881,0
10882,test_10882,1
10883,test_10883,1
10884,test_10884,1
10885,test_10885,1
10886,test_10886,1
10887,test_10887,1
10888,test_10888,1
10889,test_10889,1
10890,test_10890,0
10891,test_10891,1
10892,test_10892,1
10893,test_10893,1
10894,test_10894,1
10895,test_10895,0
10896,test_10896,1
10897,test_10897,1
10898,test_10898,0
10899,test_10899,1
10900,test_10900,0
10901,test_10901,1
10902,test_10902,1
10903,test_10903,1
10904,test_10904,1
10905,test_10905,1
10906,test_10906,1
10907,test_10907,1
10908,test_10908,1
10909,test_10909,1
10910,test_10910,1
10911,test_10911,1
10912,test_10912,1
10913,test_10913,1
10914,test_10914,1
10915,test_10915,1
10916,test_10916,1
10917,test_10917,1
10918,test_10918,1
10919,test_10919,1
10920,test_10920,1
10921,test_10921,1
10922,test_10922,0
10923,test_10923,1
10924,test_10924,1
10925,test_10925,1
10926,test_10926,1
10927,test_10927,1
10928,test_10928,1
10929,test_10929,1
10930,test_10930,1
10931,test_10931,1
10932,test_10932,1
10933,test_10933,1
10934,test_10934,1
10935,test_10935,1
10936,test_10936,1
10937,test_10937,1
10938,test_10938,1
10939,test_10939,1
10940,test_10940,1
10941,test_10941,1
10942,test_10942,1
10943,test_10943,1
10944,test_10944,1
10945,test_10945,1
10946,test_10946,1
10947,test_10947,1
10948,test_10948,1
10949,test_10949,1
10950,test_10950,1
10951,test_10951,0
10952,test_10952,1
10953,test_10953,1
10954,test_10954,1
10955,test_10955,1
10956,test_10956,1
10957,test_10957,1
10958,test_10958,0
10959,test_10959,1
10960,test_10960,0
10961,test_10961,0
10962,test_10962,1
10963,test_10963,1
10964,test_10964,1
10965,test_10965,1
10966,test_10966,1
10967,test_10967,1
10968,test_10968,1
10969,test_10969,1
10970,test_10970,1
10971,test_10971,0
10972,test_10972,1
10973,test_10973,1
10974,test_10974,1
10975,test_10975,1
10976,test_10976,1
10977,test_10977,1
10978,test_10978,1
10979,test_10979,0
10980,test_10980,1
10981,test_10981,1
10982,test_10982,1
10983,test_10983,1
10984,test_10984,1
10985,test_10985,1
10986,test_10986,1
10987,test_10987,1
10988,test_10988,1
10989,test_10989,1
10990,test_10990,0
10991,test_10991,1
10992,test_10992,1
10993,test_10993,0
10994,test_10994,1
10995,test_10995,1
10996,test_10996,1
10997,test_10997,1
10998,test_10998,1
10999,test_10999,1
11000,test_11000,1
11001,test_11001,1
11002,test_11002,0
11003,test_11003,1
11004,test_11004,1
11005,test_11005,1
11006,test_11006,1
11007,test_11007,1
11008,test_11008,1
11009,test_11009,1
11010,test_11010,1
11011,test_11011,1
11012,test_11012,1
11013,test_11013,1
11014,test_11014,1
11015,test_11015,0
11016,test_11016,1
11017,test_11017,1
11018,test_11018,1
11019,test_11019,1
11020,test_11020,1
11021,test_11021,1
11022,test_11022,1
11023,test_11023,0
11024,test_11024,1
11025,test_11025,1
11026,test_11026,1
11027,test_11027,1
11028,test_11028,0
11029,test_11029,1
11030,test_11030,1
11031,test_11031,1
11032,test_11032,1
11033,test_11033,1
11034,test_11034,0
11035,test_11035,1
11036,test_11036,1
11037,test_11037,0
11038,test_11038,1
11039,test_11039,1
11040,test_11040,1
11041,test_11041,1
11042,test_11042,1
11043,test_11043,0
11044,test_11044,1
11045,test_11045,1
11046,test_11046,1
11047,test_11047,1
11048,test_11048,1
11049,test_11049,1
11050,test_11050,1
11051,test_11051,1
11052,test_11052,0
11053,test_11053,1
11054,test_11054,1
11055,test_11055,0
11056,test_11056,0
11057,test_11057,1
11058,test_11058,1
11059,test_11059,1
11060,test_11060,1
11061,test_11061,1
11062,test_11062,1
11063,test_11063,1
11064,test_11064,1
11065,test_11065,1
11066,test_11066,1
11067,test_11067,1
11068,test_11068,1
11069,test_11069,1
11070,test_11070,1
11071,test_11071,1
11072,test_11072,1
11073,test_11073,1
11074,test_11074,1
11075,test_11075,1
11076,test_11076,1
11077,test_11077,1
11078,test_11078,1
11079,test_11079,1
11080,test_11080,1
11081,test_11081,0
11082,test_11082,1
11083,test_11083,1
11084,test_11084,1
11085,test_11085,1
11086,test_11086,1
11087,test_11087,0
11088,test_11088,1
11089,test_11089,1
11090,test_11090,1
11091,test_11091,1
11092,test_11092,1
11093,test_11093,1
11094,test_11094,1
11095,test_11095,1
11096,test_11096,1
11097,test_11097,1
11098,test_11098,0
11099,test_11099,1
11100,test_11100,1
11101,test_11101,1
11102,test_11102,1
11103,test_11103,1
11104,test_11104,1
11105,test_11105,1
11106,test_11106,1
11107,test_11107,1
11108,test_11108,1
11109,test_11109,1
11110,test_11110,1
11111,test_11111,1
11112,test_11112,1
11113,test_11113,1
11114,test_11114,1
11115,test_11115,1
11116,test_11116,1
11117,test_11117,1
11118,test_11118,1
11119,test_11119,1
11120,test_11120,1
11121,test_11121,1
11122,test_11122,0
11123,test_11123,1
11124,test_11124,1
11125,test_11125,1
11126,test_11126,1
11127,test_11127,1
11128,test_11128,1
11129,test_11129,1
11130,test_11130,1
11131,test_11131,1
11132,test_11132,1
11133,test_11133,1
11134,test_11134,1
11135,test_11135,0
11136,test_11136,1
11137,test_11137,1
11138,test_11138,1
11139,test_11139,0
11140,test_11140,0
11141,test_11141,1
11142,test_11142,1
11143,test_11143,1
11144,test_11144,1
11145,test_11145,1
11146,test_11146,1
11147,test_11147,1
11148,test_11148,1
11149,test_11149,1
11150,test_11150,1
11151,test_11151,1
11152,test_11152,1
11153,test_11153,1
11154,test_11154,1
11155,test_11155,1
11156,test_11156,0
11157,test_11157,1
11158,test_11158,1
11159,test_11159,1
11160,test_11160,1
11161,test_11161,1
11162,test_11162,1
11163,test_11163,1
11164,test_11164,1
11165,test_11165,1
11166,test_11166,1
11167,test_11167,1
11168,test_11168,1
11169,test_11169,1
11170,test_11170,1
11171,test_11171,1
11172,test_11172,1
11173,test_11173,1
11174,test_11174,0
11175,test_11175,1
11176,test_11176,0
11177,test_11177,0
11178,test_11178,1
11179,test_11179,1
11180,test_11180,1
11181,test_11181,0
11182,test_11182,1
11183,test_11183,1
11184,test_11184,1
11185,test_11185,1
11186,test_11186,1
11187,test_11187,1
11188,test_11188,1
11189,test_11189,1
11190,test_11190,1
11191,test_11191,1
11192,test_11192,1
11193,test_11193,1
11194,test_11194,1
11195,test_11195,1
11196,test_11196,1
11197,test_11197,1
11198,test_11198,1
11199,test_11199,1
11200,test_11200,0
11201,test_11201,1
11202,test_11202,1
11203,test_11203,1
11204,test_11204,1
11205,test_11205,1
11206,test_11206,0
11207,test_11207,1
11208,test_11208,1
11209,test_11209,1
11210,test_11210,1
11211,test_11211,0
11212,test_11212,1
11213,test_11213,1
11214,test_11214,1
11215,test_11215,0
11216,test_11216,1
11217,test_11217,1
11218,test_11218,1
11219,test_11219,1
11220,test_11220,1
11221,test_11221,1
11222,test_11222,1
11223,test_11223,1
11224,test_11224,1
11225,test_11225,1
11226,test_11226,1
11227,test_11227,1
11228,test_11228,1
11229,test_11229,1
11230,test_11230,1
11231,test_11231,1
11232,test_11232,1
11233,test_11233,1
11234,test_11234,1
11235,test_11235,1
11236,test_11236,1
11237,test_11237,1
11238,test_11238,1
11239,test_11239,1
11240,test_11240,1
11241,test_11241,1
11242,test_11242,1
11243,test_11243,1
11244,test_11244,1
11245,test_11245,1
11246,test_11246,1
11247,test_11247,1
11248,test_11248,1
11249,test_11249,1
11250,test_11250,1
11251,test_11251,1
11252,test_11252,1
11253,test_11253,1
11254,test_11254,0
11255,test_11255,1
11256,test_11256,1
11257,test_11257,1
11258,test_11258,1
11259,test_11259,1
11260,test_11260,1
11261,test_11261,1
11262,test_11262,1
11263,test_11263,1
11264,test_11264,1
11265,test_11265,1
11266,test_11266,1
11267,test_11267,1
11268,test_11268,1
11269,test_11269,1
11270,test_11270,1
11271,test_11271,1
11272,test_11272,1
11273,test_11273,1
11274,test_11274,1
11275,test_11275,1
11276,test_11276,1
11277,test_11277,1
11278,test_11278,1
11279,test_11279,1
11280,test_11280,0
11281,test_11281,1
11282,test_11282,1
11283,test_11283,1
11284,test_11284,1
11285,test_11285,1
11286,test_11286,1
11287,test_11287,1
11288,test_11288,1
11289,test_11289,1
11290,test_11290,1
11291,test_11291,1
11292,test_11292,1
11293,test_11293,0
11294,test_11294,1
11295,test_11295,1
11296,test_11296,1
11297,test_11297,1
11298,test_11298,0
11299,test_11299,1
11300,test_11300,1
11301,test_11301,1
11302,test_11302,1
11303,test_11303,1
11304,test_11304,1
11305,test_11305,0
11306,test_11306,1
11307,test_11307,1
11308,test_11308,1
11309,test_11309,1
11310,test_11310,1
11311,test_11311,0
11312,test_11312,1
11313,test_11313,1
11314,test_11314,1
11315,test_11315,1
11316,test_11316,1
11317,test_11317,1
11318,test_11318,1
11319,test_11319,1
11320,test_11320,1
11321,test_11321,0
11322,test_11322,1
11323,test_11323,1
11324,test_11324,1
11325,test_11325,1
11326,test_11326,1
11327,test_11327,1
11328,test_11328,1
11329,test_11329,1
11330,test_11330,1
11331,test_11331,1
11332,test_11332,1
11333,test_11333,1
11334,test_11334,1
11335,test_11335,1
11336,test_11336,1
11337,test_11337,0
11338,test_11338,1
11339,test_11339,1
11340,test_11340,1
11341,test_11341,1
11342,test_11342,1
11343,test_11343,1
11344,test_11344,1
11345,test_11345,1
11346,test_11346,1
11347,test_11347,1
11348,test_11348,1
11349,test_11349,0
11350,test_11350,1
11351,test_11351,1
11352,test_11352,0
11353,test_11353,1
11354,test_11354,1
11355,test_11355,1
11356,test_11356,1
11357,test_11357,1
11358,test_11358,1
11359,test_11359,1
11360,test_11360,1
11361,test_11361,0
11362,test_11362,1
11363,test_11363,0
11364,test_11364,1
11365,test_11365,1
11366,test_11366,1
11367,test_11367,1
11368,test_11368,1
11369,test_11369,0
11370,test_11370,1
11371,test_11371,1
11372,test_11372,1
11373,test_11373,1
11374,test_11374,1
11375,test_11375,1
11376,test_11376,1
11377,test_11377,1
11378,test_11378,1
11379,test_11379,0
11380,test_11380,1
11381,test_11381,1
11382,test_11382,1
11383,test_11383,1
11384,test_11384,1
11385,test_11385,1
11386,test_11386,1
11387,test_11387,1
11388,test_11388,1
11389,test_11389,1
11390,test_11390,1
11391,test_11391,1
11392,test_11392,1
11393,test_11393,1
11394,test_11394,1
11395,test_11395,1
11396,test_11396,1
11397,test_11397,1
11398,test_11398,1
11399,test_11399,1
11400,test_11400,1
11401,test_11401,1
11402,test_11402,1
11403,test_11403,1
11404,test_11404,0
11405,test_11405,1
11406,test_11406,1
11407,test_11407,1
11408,test_11408,0
11409,test_11409,1
11410,test_11410,1
11411,test_11411,1
11412,test_11412,1
11413,test_11413,1
11414,test_11414,1
11415,test_11415,1
11416,test_11416,1
11417,test_11417,1
11418,test_11418,1
11419,test_11419,1
11420,test_11420,1
11421,test_11421,1
11422,test_11422,1
11423,test_11423,1
11424,test_11424,1
11425,test_11425,1
11426,test_11426,1
11427,test_11427,1
11428,test_11428,1
11429,test_11429,1
11430,test_11430,1
11431,test_11431,1
11432,test_11432,1
11433,test_11433,1
11434,test_11434,1
11435,test_11435,1
11436,test_11436,1
11437,test_11437,1
11438,test_11438,1
11439,test_11439,1
11440,test_11440,1
11441,test_11441,1
11442,test_11442,1
11443,test_11443,0
11444,test_11444,1
11445,test_11445,1
11446,test_11446,1
11447,test_11447,0
11448,test_11448,1
11449,test_11449,1
11450,test_11450,1
11451,test_11451,1
11452,test_11452,1
11453,test_11453,1
11454,test_11454,1
11455,test_11455,1
11456,test_11456,1
11457,test_11457,1
11458,test_11458,1
11459,test_11459,1
11460,test_11460,1
11461,test_11461,1
11462,test_11462,1
11463,test_11463,1
11464,test_11464,1
11465,test_11465,1
11466,test_11466,1
11467,test_11467,1
11468,test_11468,1
11469,test_11469,1
11470,test_11470,1
11471,test_11471,1
11472,test_11472,1
11473,test_11473,1
11474,test_11474,1
11475,test_11475,1
11476,test_11476,1
11477,test_11477,1
11478,test_11478,1
11479,test_11479,1
11480,test_11480,1
11481,test_11481,1
11482,test_11482,0
11483,test_11483,1
11484,test_11484,1
11485,test_11485,1
11486,test_11486,1
11487,test_11487,1
11488,test_11488,1
11489,test_11489,1
11490,test_11490,1
11491,test_11491,1
11492,test_11492,1
11493,test_11493,1
11494,test_11494,1
11495,test_11495,1
11496,test_11496,1
11497,test_11497,1
11498,test_11498,0
11499,test_11499,1
11500,test_11500,1
11501,test_11501,1
11502,test_11502,1
11503,test_11503,1
11504,test_11504,1
11505,test_11505,1
11506,test_11506,1
11507,test_11507,1
11508,test_11508,1
11509,test_11509,1
11510,test_11510,0
11511,test_11511,0
11512,test_11512,1
11513,test_11513,1
11514,test_11514,1
11515,test_11515,0
11516,test_11516,1
11517,test_11517,1
11518,test_11518,0
11519,test_11519,1
11520,test_11520,1
11521,test_11521,1
11522,test_11522,1
11523,test_11523,1
11524,test_11524,1
11525,test_11525,1
11526,test_11526,1
11527,test_11527,1
11528,test_11528,1
11529,test_11529,0
11530,test_11530,0
11531,test_11531,1
11532,test_11532,1
11533,test_11533,1
11534,test_11534,1
11535,test_11535,1
11536,test_11536,0
11537,test_11537,1
11538,test_11538,1
11539,test_11539,1
11540,test_11540,1
11541,test_11541,1
11542,test_11542,0
11543,test_11543,1
11544,test_11544,1
11545,test_11545,1
11546,test_11546,1
11547,test_11547,1
11548,test_11548,1
11549,test_11549,1
11550,test_11550,1
11551,test_11551,1
11552,test_11552,1
11553,test_11553,0
11554,test_11554,1
11555,test_11555,1
11556,test_11556,1
11557,test_11557,1
11558,test_11558,0
11559,test_11559,1
11560,test_11560,1
11561,test_11561,1
11562,test_11562,1
11563,test_11563,1
11564,test_11564,1
11565,test_11565,1
11566,test_11566,1
11567,test_11567,1
11568,test_11568,1
11569,test_11569,1
11570,test_11570,0
11571,test_11571,0
11572,test_11572,1
11573,test_11573,1
11574,test_11574,1
11575,test_11575,1
11576,test_11576,1
11577,test_11577,1
11578,test_11578,1
11579,test_11579,1
11580,test_11580,1
11581,test_11581,1
11582,test_11582,1
11583,test_11583,1
11584,test_11584,1
11585,test_11585,1
11586,test_11586,1
11587,test_11587,1
11588,test_11588,1
11589,test_11589,1
11590,test_11590,1
11591,test_11591,1
11592,test_11592,1
11593,test_11593,0
11594,test_11594,1
11595,test_11595,1
11596,test_11596,1
11597,test_11597,1
11598,test_11598,1
11599,test_11599,1
11600,test_11600,1
11601,test_11601,1
11602,test_11602,1
11603,test_11603,1
11604,test_11604,1
11605,test_11605,1
11606,test_11606,1
11607,test_11607,1
11608,test_11608,1
11609,test_11609,1
11610,test_11610,1
11611,test_11611,1
11612,test_11612,0
11613,test_11613,0
11614,test_11614,1
11615,test_11615,1
11616,test_11616,1
11617,test_11617,1
11618,test_11618,1
11619,test_11619,1
11620,test_11620,1
11621,test_11621,1
11622,test_11622,1
11623,test_11623,0
11624,test_11624,1
11625,test_11625,1
11626,test_11626,1
11627,test_11627,1
11628,test_11628,1
11629,test_11629,1
11630,test_11630,1
11631,test_11631,1
11632,test_11632,1
11633,test_11633,1
11634,test_11634,1
11635,test_11635,1
11636,test_11636,1
11637,test_11637,1
11638,test_11638,0
11639,test_11639,1
11640,test_11640,1
11641,test_11641,1
11642,test_11642,0
11643,test_11643,1
11644,test_11644,1
11645,test_11645,1
11646,test_11646,1
11647,test_11647,1
11648,test_11648,1
11649,test_11649,1
11650,test_11650,1
11651,test_11651,1
11652,test_11652,1
11653,test_11653,0
11654,test_11654,1
11655,test_11655,1
11656,test_11656,1
11657,test_11657,1
11658,test_11658,0
11659,test_11659,1
11660,test_11660,1
11661,test_11661,1
11662,test_11662,1
11663,test_11663,1
11664,test_11664,1
11665,test_11665,1
11666,test_11666,1
11667,test_11667,1
11668,test_11668,1
11669,test_11669,1
11670,test_11670,1
11671,test_11671,1
11672,test_11672,1
11673,test_11673,1
11674,test_11674,1
11675,test_11675,1
11676,test_11676,0
11677,test_11677,1
11678,test_11678,1
11679,test_11679,1
11680,test_11680,1
11681,test_11681,1
11682,test_11682,0
11683,test_11683,1
11684,test_11684,1
11685,test_11685,1
11686,test_11686,1
11687,test_11687,1
11688,test_11688,1
11689,test_11689,1
11690,test_11690,1
11691,test_11691,1
11692,test_11692,1
11693,test_11693,1
11694,test_11694,1
11695,test_11695,1
11696,test_11696,1
11697,test_11697,1
11698,test_11698,1
11699,test_11699,1
11700,test_11700,1
11701,test_11701,1
11702,test_11702,1
11703,test_11703,1
11704,test_11704,1
11705,test_11705,1
11706,test_11706,1
11707,test_11707,1
11708,test_11708,1
11709,test_11709,1
11710,test_11710,1
11711,test_11711,1
11712,test_11712,1
11713,test_11713,1
11714,test_11714,1
11715,test_11715,1
11716,test_11716,1
11717,test_11717,1
11718,test_11718,0
11719,test_11719,1
11720,test_11720,1
11721,test_11721,1
11722,test_11722,1
11723,test_11723,1
11724,test_11724,1
11725,test_11725,1
11726,test_11726,1
11727,test_11727,1
11728,test_11728,1
11729,test_11729,1
11730,test_11730,0
11731,test_11731,1
11732,test_11732,1
11733,test_11733,1
11734,test_11734,1
11735,test_11735,1
11736,test_11736,1
11737,test_11737,1
11738,test_11738,1
11739,test_11739,1
11740,test_11740,1
11741,test_11741,0
11742,test_11742,1
11743,test_11743,1
11744,test_11744,1
11745,test_11745,1
11746,test_11746,1
11747,test_11747,1
11748,test_11748,1
11749,test_11749,1
11750,test_11750,1
11751,test_11751,1
11752,test_11752,1
11753,test_11753,1
11754,test_11754,1
11755,test_11755,1
11756,test_11756,1
11757,test_11757,0
11758,test_11758,1
11759,test_11759,1
11760,test_11760,1
11761,test_11761,1
11762,test_11762,1
11763,test_11763,1
11764,test_11764,1
11765,test_11765,0
11766,test_11766,1
11767,test_11767,1
11768,test_11768,1
11769,test_11769,1
11770,test_11770,1
11771,test_11771,1
11772,test_11772,1
11773,test_11773,1
11774,test_11774,1
11775,test_11775,1
11776,test_11776,1
11777,test_11777,1
11778,test_11778,1
11779,test_11779,1
11780,test_11780,1
11781,test_11781,1
11782,test_11782,1
11783,test_11783,1
11784,test_11784,1
11785,test_11785,1
11786,test_11786,1
11787,test_11787,1
11788,test_11788,0
11789,test_11789,1
11790,test_11790,1
11791,test_11791,1
11792,test_11792,0
11793,test_11793,1
11794,test_11794,1
11795,test_11795,1
11796,test_11796,1
11797,test_11797,1
11798,test_11798,1
11799,test_11799,1
11800,test_11800,1
11801,test_11801,1
11802,test_11802,1
11803,test_11803,1
11804,test_11804,0
11805,test_11805,0
11806,test_11806,1
11807,test_11807,0
11808,test_11808,1
11809,test_11809,1
11810,test_11810,1
11811,test_11811,1
11812,test_11812,1
11813,test_11813,1
11814,test_11814,1
11815,test_11815,1
11816,test_11816,1
11817,test_11817,0
11818,test_11818,0
11819,test_11819,1
11820,test_11820,1
11821,test_11821,1
11822,test_11822,1
11823,test_11823,1
11824,test_11824,1
11825,test_11825,1
11826,test_11826,1
11827,test_11827,1
11828,test_11828,0
11829,test_11829,1
11830,test_11830,1
11831,test_11831,1
11832,test_11832,0
11833,test_11833,1
11834,test_11834,1
11835,test_11835,1
11836,test_11836,1
11837,test_11837,1
11838,test_11838,1
11839,test_11839,1
11840,test_11840,1
11841,test_11841,1
11842,test_11842,1
11843,test_11843,1
11844,test_11844,1
11845,test_11845,1
11846,test_11846,1
11847,test_11847,1
11848,test_11848,1
11849,test_11849,1
11850,test_11850,1
11851,test_11851,1
11852,test_11852,1
11853,test_11853,1
11854,test_11854,1
11855,test_11855,1
11856,test_11856,1
11857,test_11857,1
11858,test_11858,1
11859,test_11859,1
11860,test_11860,1
11861,test_11861,1
11862,test_11862,1
11863,test_11863,0
11864,test_11864,1
11865,test_11865,1
11866,test_11866,1
11867,test_11867,1
11868,test_11868,1
11869,test_11869,1
11870,test_11870,0
11871,test_11871,1
11872,test_11872,1
11873,test_11873,1
11874,test_11874,1
11875,test_11875,1
11876,test_11876,0
11877,test_11877,1
11878,test_11878,0
11879,test_11879,1
11880,test_11880,1
11881,test_11881,1
11882,test_11882,1
11883,test_11883,1
11884,test_11884,1
11885,test_11885,0
11886,test_11886,1
11887,test_11887,1
11888,test_11888,1
11889,test_11889,1
11890,test_11890,1
11891,test_11891,1
11892,test_11892,1
11893,test_11893,0
11894,test_11894,1
11895,test_11895,1
11896,test_11896,1
11897,test_11897,1
11898,test_11898,1
11899,test_11899,1
11900,test_11900,1
11901,test_11901,1
11902,test_11902,1
11903,test_11903,1
11904,test_11904,1
11905,test_11905,1
11906,test_11906,1
11907,test_11907,1
11908,test_11908,1
11909,test_11909,1
11910,test_11910,0
11911,test_11911,1
11912,test_11912,1
11913,test_11913,0
11914,test_11914,1
11915,test_11915,1
11916,test_11916,1
11917,test_11917,1
11918,test_11918,1
11919,test_11919,1
11920,test_11920,1
11921,test_11921,1
11922,test_11922,1
11923,test_11923,1
11924,test_11924,1
11925,test_11925,1
11926,test_11926,1
11927,test_11927,1
11928,test_11928,1
11929,test_11929,1
11930,test_11930,1
11931,test_11931,1
11932,test_11932,1
11933,test_11933,0
11934,test_11934,1
11935,test_11935,1
11936,test_11936,0
11937,test_11937,1
11938,test_11938,1
11939,test_11939,1
11940,test_11940,1
11941,test_11941,1
11942,test_11942,0
11943,test_11943,1
11944,test_11944,1
11945,test_11945,1
11946,test_11946,1
11947,test_11947,1
11948,test_11948,1
11949,test_11949,1
11950,test_11950,1
11951,test_11951,1
11952,test_11952,1
11953,test_11953,1
11954,test_11954,1
11955,test_11955,1
11956,test_11956,0
11957,test_11957,0
11958,test_11958,1
11959,test_11959,1
11960,test_11960,1
11961,test_11961,1
11962,test_11962,1
11963,test_11963,1
11964,test_11964,1
11965,test_11965,1
11966,test_11966,1
11967,test_11967,1
11968,test_11968,1
11969,test_11969,1
11970,test_11970,1
11971,test_11971,1
11972,test_11972,1
11973,test_11973,1
11974,test_11974,1
11975,test_11975,1
11976,test_11976,0
11977,test_11977,1
11978,test_11978,0
11979,test_11979,1
11980,test_11980,1
11981,test_11981,1
11982,test_11982,1
11983,test_11983,0
11984,test_11984,0
11985,test_11985,1
11986,test_11986,0
11987,test_11987,1
11988,test_11988,1
11989,test_11989,1
11990,test_11990,1
11991,test_11991,1
11992,test_11992,1
11993,test_11993,1
11994,test_11994,1
11995,test_11995,1
11996,test_11996,1
11997,test_11997,1
11998,test_11998,1
11999,test_11999,1
12000,test_12000,1
12001,test_12001,1
12002,test_12002,1
12003,test_12003,0
12004,test_12004,1
12005,test_12005,1
12006,test_12006,1
12007,test_12007,1
12008,test_12008,1
12009,test_12009,1
12010,test_12010,1
12011,test_12011,1
12012,test_12012,1
12013,test_12013,1
12014,test_12014,1
12015,test_12015,1
12016,test_12016,1
12017,test_12017,1
12018,test_12018,1
12019,test_12019,1
12020,test_12020,1
12021,test_12021,1
12022,test_12022,0
12023,test_12023,1
12024,test_12024,1
12025,test_12025,0
12026,test_12026,1
12027,test_12027,0
12028,test_12028,1
12029,test_12029,1
12030,test_12030,0
12031,test_12031,1
12032,test_12032,1
12033,test_12033,1
12034,test_12034,1
12035,test_12035,1
12036,test_12036,1
12037,test_12037,0
12038,test_12038,1
12039,test_12039,1
12040,test_12040,1
12041,test_12041,1
12042,test_12042,0
12043,test_12043,1
12044,test_12044,1
12045,test_12045,1
12046,test_12046,1
12047,test_12047,1
12048,test_12048,1
12049,test_12049,1
12050,test_12050,1
12051,test_12051,1
12052,test_12052,1
12053,test_12053,1
12054,test_12054,1
12055,test_12055,1
12056,test_12056,1
12057,test_12057,1
12058,test_12058,1
12059,test_12059,1
12060,test_12060,0
12061,test_12061,1
12062,test_12062,1
12063,test_12063,1
12064,test_12064,1
12065,test_12065,1
12066,test_12066,1
12067,test_12067,1
12068,test_12068,1
12069,test_12069,0
12070,test_12070,1
12071,test_12071,1
12072,test_12072,1
12073,test_12073,0
12074,test_12074,1
12075,test_12075,1
12076,test_12076,1
12077,test_12077,1
12078,test_12078,1
12079,test_12079,1
12080,test_12080,1
12081,test_12081,1
12082,test_12082,1
12083,test_12083,1
12084,test_12084,1
12085,test_12085,1
12086,test_12086,1
12087,test_12087,1
12088,test_12088,0
12089,test_12089,1
12090,test_12090,1
12091,test_12091,1
12092,test_12092,1
12093,test_12093,1
12094,test_12094,1
12095,test_12095,1
12096,test_12096,1
12097,test_12097,1
12098,test_12098,1
12099,test_12099,1
12100,test_12100,1
12101,test_12101,1
12102,test_12102,1
12103,test_12103,1
12104,test_12104,1
12105,test_12105,0
12106,test_12106,1
12107,test_12107,1
12108,test_12108,1
12109,test_12109,1
12110,test_12110,1
12111,test_12111,1
12112,test_12112,1
12113,test_12113,1
12114,test_12114,1
12115,test_12115,1
12116,test_12116,1
12117,test_12117,1
12118,test_12118,1
12119,test_12119,1
12120,test_12120,0
12121,test_12121,1
12122,test_12122,1
12123,test_12123,1
12124,test_12124,1
12125,test_12125,1
12126,test_12126,1
12127,test_12127,1
12128,test_12128,1
12129,test_12129,1
12130,test_12130,1
12131,test_12131,1
12132,test_12132,1
12133,test_12133,1
12134,test_12134,1
12135,test_12135,1
12136,test_12136,1
12137,test_12137,1
12138,test_12138,1
12139,test_12139,1
12140,test_12140,1
12141,test_12141,1
12142,test_12142,0
12143,test_12143,1
12144,test_12144,1
12145,test_12145,1
12146,test_12146,1
12147,test_12147,1
12148,test_12148,1
12149,test_12149,1
12150,test_12150,1
12151,test_12151,1
12152,test_12152,1
12153,test_12153,1
12154,test_12154,1
12155,test_12155,1
12156,test_12156,1
12157,test_12157,1
12158,test_12158,1
12159,test_12159,1
12160,test_12160,1
12161,test_12161,1
12162,test_12162,1
12163,test_12163,1
12164,test_12164,1
12165,test_12165,1
12166,test_12166,1
12167,test_12167,1
12168,test_12168,1
12169,test_12169,0
12170,test_12170,1
12171,test_12171,1
12172,test_12172,1
12173,test_12173,1
12174,test_12174,0
12175,test_12175,1
12176,test_12176,1
12177,test_12177,1
12178,test_12178,1
12179,test_12179,1
12180,test_12180,1
12181,test_12181,1
12182,test_12182,1
12183,test_12183,1
12184,test_12184,1
12185,test_12185,1
12186,test_12186,1
12187,test_12187,1
12188,test_12188,1
12189,test_12189,1
12190,test_12190,1
12191,test_12191,1
12192,test_12192,1
12193,test_12193,1
12194,test_12194,1
12195,test_12195,1
12196,test_12196,1
12197,test_12197,1
12198,test_12198,0
12199,test_12199,1
12200,test_12200,0
12201,test_12201,1
12202,test_12202,1
12203,test_12203,1
12204,test_12204,1
12205,test_12205,1
12206,test_12206,1
12207,test_12207,1
12208,test_12208,1
12209,test_12209,1
12210,test_12210,1
12211,test_12211,1
12212,test_12212,1
12213,test_12213,1
12214,test_12214,1
12215,test_12215,1
12216,test_12216,0
12217,test_12217,1
12218,test_12218,1
12219,test_12219,1
12220,test_12220,1
12221,test_12221,1
12222,test_12222,1
12223,test_12223,1
12224,test_12224,1
12225,test_12225,1
12226,test_12226,1
12227,test_12227,0
12228,test_12228,1
12229,test_12229,1
12230,test_12230,1
12231,test_12231,1
12232,test_12232,1
12233,test_12233,1
12234,test_12234,1
12235,test_12235,1
12236,test_12236,1
12237,test_12237,0
12238,test_12238,1
12239,test_12239,1
12240,test_12240,1
12241,test_12241,1
12242,test_12242,1
12243,test_12243,1
12244,test_12244,1
12245,test_12245,1
12246,test_12246,1
12247,test_12247,1
12248,test_12248,1
12249,test_12249,1
12250,test_12250,0
12251,test_12251,1
12252,test_12252,1
12253,test_12253,1
12254,test_12254,1
12255,test_12255,1
12256,test_12256,0
12257,test_12257,1
12258,test_12258,1
12259,test_12259,1
12260,test_12260,1
12261,test_12261,1
12262,test_12262,1
12263,test_12263,1
12264,test_12264,1
12265,test_12265,0
12266,test_12266,1
12267,test_12267,1
12268,test_12268,1
12269,test_12269,1
12270,test_12270,1
12271,test_12271,1
12272,test_12272,0
12273,test_12273,1
12274,test_12274,1
12275,test_12275,1
12276,test_12276,1
12277,test_12277,1
12278,test_12278,0
12279,test_12279,0
12280,test_12280,1
12281,test_12281,1
12282,test_12282,1
12283,test_12283,1
12284,test_12284,1
12285,test_12285,1
12286,test_12286,1
12287,test_12287,1
12288,test_12288,1
12289,test_12289,1
12290,test_12290,1
12291,test_12291,1
12292,test_12292,1
12293,test_12293,1
12294,test_12294,1
12295,test_12295,0
12296,test_12296,1
12297,test_12297,1
12298,test_12298,1
12299,test_12299,1
12300,test_12300,1
12301,test_12301,1
12302,test_12302,0
12303,test_12303,1
12304,test_12304,1
12305,test_12305,1
12306,test_12306,1
12307,test_12307,1
12308,test_12308,1
12309,test_12309,1
12310,test_12310,1
12311,test_12311,1
12312,test_12312,1
12313,test_12313,1
12314,test_12314,1
12315,test_12315,1
12316,test_12316,1
12317,test_12317,1
12318,test_12318,1
12319,test_12319,1
12320,test_12320,1
12321,test_12321,1
12322,test_12322,1
12323,test_12323,1
12324,test_12324,1
12325,test_12325,1
12326,test_12326,1
12327,test_12327,1
12328,test_12328,1
12329,test_12329,1
12330,test_12330,1
12331,test_12331,1
12332,test_12332,1
12333,test_12333,1
12334,test_12334,1
12335,test_12335,1
12336,test_12336,1
12337,test_12337,1
12338,test_12338,1
12339,test_12339,1
12340,test_12340,1
12341,test_12341,1
12342,test_12342,1
12343,test_12343,1
12344,test_12344,1
12345,test_12345,1
12346,test_12346,1
12347,test_12347,1
12348,test_12348,1
12349,test_12349,1
12350,test_12350,1
12351,test_12351,1
12352,test_12352,1
12353,test_12353,1
12354,test_12354,1
12355,test_12355,0
12356,test_12356,1
12357,test_12357,1
12358,test_12358,1
12359,test_12359,1
12360,test_12360,1
12361,test_12361,1
12362,test_12362,1
12363,test_12363,1
12364,test_12364,1
12365,test_12365,1
12366,test_12366,1
12367,test_12367,0
12368,test_12368,1
12369,test_12369,1
12370,test_12370,1
12371,test_12371,1
12372,test_12372,1
12373,test_12373,1
12374,test_12374,1
12375,test_12375,1
12376,test_12376,1
12377,test_12377,1
12378,test_12378,0
12379,test_12379,1
12380,test_12380,1
12381,test_12381,1
12382,test_12382,1
12383,test_12383,1
12384,test_12384,1
12385,test_12385,1
12386,test_12386,0
12387,test_12387,1
12388,test_12388,1
12389,test_12389,1
12390,test_12390,1
12391,test_12391,1
12392,test_12392,1
12393,test_12393,1
12394,test_12394,1
12395,test_12395,1
12396,test_12396,1
12397,test_12397,1
12398,test_12398,1
12399,test_12399,1
12400,test_12400,1
12401,test_12401,1
12402,test_12402,1
12403,test_12403,1
12404,test_12404,1
12405,test_12405,1
12406,test_12406,1
12407,test_12407,1
12408,test_12408,1
12409,test_12409,1
12410,test_12410,1
12411,test_12411,1
12412,test_12412,1
12413,test_12413,1
12414,test_12414,1
12415,test_12415,0
12416,test_12416,1
12417,test_12417,0
12418,test_12418,1
12419,test_12419,1
12420,test_12420,1
12421,test_12421,1
12422,test_12422,1
12423,test_12423,1
12424,test_12424,1
12425,test_12425,0
12426,test_12426,1
12427,test_12427,1
12428,test_12428,1
12429,test_12429,1
12430,test_12430,1
12431,test_12431,1
12432,test_12432,1
12433,test_12433,1
12434,test_12434,1
12435,test_12435,1
12436,test_12436,1
12437,test_12437,1
12438,test_12438,1
12439,test_12439,1
12440,test_12440,1
12441,test_12441,1
12442,test_12442,1
12443,test_12443,1
12444,test_12444,1
12445,test_12445,0
12446,test_12446,1
12447,test_12447,1
12448,test_12448,1
12449,test_12449,1
12450,test_12450,1
12451,test_12451,1
12452,test_12452,1
12453,test_12453,1
12454,test_12454,1
12455,test_12455,1
12456,test_12456,1
12457,test_12457,1
12458,test_12458,1
12459,test_12459,1
12460,test_12460,1
12461,test_12461,1
12462,test_12462,1
12463,test_12463,1
12464,test_12464,1
12465,test_12465,1
12466,test_12466,1
12467,test_12467,1
12468,test_12468,1
12469,test_12469,1
12470,test_12470,1
12471,test_12471,1
12472,test_12472,0
12473,test_12473,0
12474,test_12474,1
12475,test_12475,1
12476,test_12476,1
12477,test_12477,1
12478,test_12478,1
12479,test_12479,1
12480,test_12480,1
12481,test_12481,1
12482,test_12482,1
12483,test_12483,1
12484,test_12484,1
12485,test_12485,1
12486,test_12486,0
12487,test_12487,1
12488,test_12488,1
12489,test_12489,1
12490,test_12490,1
12491,test_12491,0
12492,test_12492,1
12493,test_12493,1
12494,test_12494,1
12495,test_12495,1
12496,test_12496,0
12497,test_12497,1
12498,test_12498,1
12499,test_12499,1
12500,test_12500,1
12501,test_12501,1
12502,test_12502,1
12503,test_12503,0
12504,test_12504,1
12505,test_12505,1
12506,test_12506,1
12507,test_12507,1
12508,test_12508,1
12509,test_12509,1
12510,test_12510,1
12511,test_12511,0
12512,test_12512,1
12513,test_12513,1
12514,test_12514,1
12515,test_12515,1
12516,test_12516,1
12517,test_12517,1
12518,test_12518,1
12519,test_12519,1
12520,test_12520,0
12521,test_12521,1
12522,test_12522,1
12523,test_12523,1
12524,test_12524,1
12525,test_12525,1
12526,test_12526,1
12527,test_12527,1
12528,test_12528,1
12529,test_12529,1
12530,test_12530,1
12531,test_12531,1
12532,test_12532,0
12533,test_12533,1
12534,test_12534,1
12535,test_12535,1
12536,test_12536,1
12537,test_12537,1
12538,test_12538,1
12539,test_12539,1
12540,test_12540,1
12541,test_12541,1
12542,test_12542,1
12543,test_12543,0
12544,test_12544,1
12545,test_12545,1
12546,test_12546,1
12547,test_12547,1
12548,test_12548,0
12549,test_12549,1
12550,test_12550,1
12551,test_12551,0
12552,test_12552,0
12553,test_12553,0
12554,test_12554,1
12555,test_12555,1
12556,test_12556,1
12557,test_12557,1
12558,test_12558,1
12559,test_12559,1
12560,test_12560,1
12561,test_12561,1
12562,test_12562,1
12563,test_12563,1
12564,test_12564,1
12565,test_12565,1
12566,test_12566,1
12567,test_12567,1
12568,test_12568,0
12569,test_12569,1
12570,test_12570,1
12571,test_12571,1
12572,test_12572,1
12573,test_12573,0
12574,test_12574,1
12575,test_12575,1
12576,test_12576,0
12577,test_12577,1
12578,test_12578,1
12579,test_12579,1
12580,test_12580,1
12581,test_12581,1
12582,test_12582,1
12583,test_12583,1
12584,test_12584,0
12585,test_12585,1
12586,test_12586,1
12587,test_12587,1
12588,test_12588,1
12589,test_12589,1
12590,test_12590,1
12591,test_12591,1
12592,test_12592,1
12593,test_12593,1
12594,test_12594,1
12595,test_12595,1
12596,test_12596,1
12597,test_12597,1
12598,test_12598,1
12599,test_12599,1
12600,test_12600,1
12601,test_12601,1
12602,test_12602,1
12603,test_12603,1
12604,test_12604,1
12605,test_12605,1
12606,test_12606,1
12607,test_12607,1
12608,test_12608,1
12609,test_12609,1
12610,test_12610,1
12611,test_12611,1
12612,test_12612,0
12613,test_12613,1
12614,test_12614,1
12615,test_12615,1
12616,test_12616,1
12617,test_12617,1
12618,test_12618,1
12619,test_12619,1
12620,test_12620,0
12621,test_12621,1
12622,test_12622,1
12623,test_12623,1
12624,test_12624,1
12625,test_12625,1
12626,test_12626,1
12627,test_12627,0
12628,test_12628,1
12629,test_12629,0
12630,test_12630,0
12631,test_12631,0
12632,test_12632,1
12633,test_12633,1
12634,test_12634,1
12635,test_12635,1
12636,test_12636,0
12637,test_12637,1
12638,test_12638,1
12639,test_12639,1
12640,test_12640,0
12641,test_12641,1
12642,test_12642,0
12643,test_12643,1
12644,test_12644,1
12645,test_12645,1
12646,test_12646,1
12647,test_12647,1
12648,test_12648,1
12649,test_12649,1
12650,test_12650,1
12651,test_12651,1
12652,test_12652,1
12653,test_12653,1
12654,test_12654,1
12655,test_12655,1
12656,test_12656,1
12657,test_12657,1
12658,test_12658,1
12659,test_12659,1
12660,test_12660,0
12661,test_12661,1
12662,test_12662,0
12663,test_12663,1
12664,test_12664,1
12665,test_12665,1
12666,test_12666,1
12667,test_12667,1
12668,test_12668,1
12669,test_12669,1
12670,test_12670,1
12671,test_12671,1
12672,test_12672,1
12673,test_12673,1
12674,test_12674,1
12675,test_12675,1
12676,test_12676,1
12677,test_12677,1
12678,test_12678,1
12679,test_12679,1
12680,test_12680,1
12681,test_12681,0
12682,test_12682,1
12683,test_12683,1
12684,test_12684,1
12685,test_12685,1
12686,test_12686,1
12687,test_12687,1
12688,test_12688,1
12689,test_12689,1
12690,test_12690,1
12691,test_12691,1
12692,test_12692,1
12693,test_12693,1
12694,test_12694,1
12695,test_12695,0
12696,test_12696,1
12697,test_12697,0
12698,test_12698,1
12699,test_12699,0
12700,test_12700,1
12701,test_12701,1
12702,test_12702,1
12703,test_12703,0
12704,test_12704,1
12705,test_12705,1
12706,test_12706,1
12707,test_12707,1
12708,test_12708,1
12709,test_12709,0
12710,test_12710,1
12711,test_12711,1
12712,test_12712,1
12713,test_12713,1
12714,test_12714,1
12715,test_12715,1
12716,test_12716,1
12717,test_12717,1
12718,test_12718,1
12719,test_12719,1
12720,test_12720,1
12721,test_12721,1
12722,test_12722,1
12723,test_12723,1
12724,test_12724,1
12725,test_12725,1
12726,test_12726,1
12727,test_12727,1
12728,test_12728,1
12729,test_12729,1
12730,test_12730,1
12731,test_12731,0
12732,test_12732,0
12733,test_12733,1
12734,test_12734,1
12735,test_12735,1
12736,test_12736,1
12737,test_12737,1
12738,test_12738,0
12739,test_12739,1
12740,test_12740,1
12741,test_12741,1
12742,test_12742,1
12743,test_12743,0
12744,test_12744,1
12745,test_12745,1
12746,test_12746,1
12747,test_12747,1
12748,test_12748,1
12749,test_12749,1
12750,test_12750,1
12751,test_12751,1
12752,test_12752,1
12753,test_12753,1
12754,test_12754,1
12755,test_12755,1
12756,test_12756,0
12757,test_12757,1
12758,test_12758,1
12759,test_12759,1
12760,test_12760,1
12761,test_12761,0
12762,test_12762,1
12763,test_12763,1
12764,test_12764,1
12765,test_12765,1
12766,test_12766,1
12767,test_12767,1
12768,test_12768,1
12769,test_12769,1
12770,test_12770,1
12771,test_12771,1
12772,test_12772,1
12773,test_12773,1
12774,test_12774,1
12775,test_12775,1
12776,test_12776,1
12777,test_12777,1
12778,test_12778,1
12779,test_12779,1
12780,test_12780,1
12781,test_12781,1
12782,test_12782,1
12783,test_12783,1
12784,test_12784,1
12785,test_12785,1
12786,test_12786,1
12787,test_12787,1
12788,test_12788,1
12789,test_12789,1
12790,test_12790,0
12791,test_12791,1
12792,test_12792,1
12793,test_12793,0
12794,test_12794,1
12795,test_12795,1
12796,test_12796,1
12797,test_12797,1
12798,test_12798,1
12799,test_12799,1
12800,test_12800,1
12801,test_12801,1
12802,test_12802,1
12803,test_12803,1
12804,test_12804,1
12805,test_12805,1
12806,test_12806,1
12807,test_12807,1
12808,test_12808,1
12809,test_12809,1
12810,test_12810,1
12811,test_12811,1
12812,test_12812,0
12813,test_12813,0
12814,test_12814,1
12815,test_12815,1
12816,test_12816,1
12817,test_12817,1
12818,test_12818,1
12819,test_12819,1
12820,test_12820,1
12821,test_12821,1
12822,test_12822,1
12823,test_12823,1
12824,test_12824,1
12825,test_12825,1
12826,test_12826,1
12827,test_12827,1
12828,test_12828,1
12829,test_12829,1
12830,test_12830,1
12831,test_12831,1
12832,test_12832,1
12833,test_12833,1
12834,test_12834,0
12835,test_12835,1
12836,test_12836,1
12837,test_12837,1
12838,test_12838,0
12839,test_12839,1
12840,test_12840,1
12841,test_12841,1
12842,test_12842,1
12843,test_12843,1
12844,test_12844,0
12845,test_12845,1
12846,test_12846,0
12847,test_12847,1
12848,test_12848,1
12849,test_12849,1
12850,test_12850,1
12851,test_12851,1
12852,test_12852,1
12853,test_12853,1
12854,test_12854,1
12855,test_12855,1
12856,test_12856,1
12857,test_12857,1
12858,test_12858,1
12859,test_12859,1
12860,test_12860,1
12861,test_12861,1
12862,test_12862,1
12863,test_12863,1
12864,test_12864,1
12865,test_12865,1
12866,test_12866,1
12867,test_12867,1
12868,test_12868,1
12869,test_12869,1
12870,test_12870,1
12871,test_12871,1
12872,test_12872,1
12873,test_12873,0
12874,test_12874,1
12875,test_12875,1
12876,test_12876,1
12877,test_12877,1
12878,test_12878,1
12879,test_12879,1
12880,test_12880,1
12881,test_12881,1
12882,test_12882,1
12883,test_12883,1
12884,test_12884,0
12885,test_12885,1
12886,test_12886,0
12887,test_12887,0
12888,test_12888,1
12889,test_12889,0
12890,test_12890,1
12891,test_12891,1
12892,test_12892,1
12893,test_12893,1
12894,test_12894,0
12895,test_12895,1
12896,test_12896,1
12897,test_12897,1
12898,test_12898,1
12899,test_12899,1
12900,test_12900,1
12901,test_12901,1
12902,test_12902,1
12903,test_12903,1
12904,test_12904,1
12905,test_12905,1
12906,test_12906,1
12907,test_12907,1
12908,test_12908,1
12909,test_12909,0
12910,test_12910,1
12911,test_12911,1
12912,test_12912,1
12913,test_12913,1
12914,test_12914,1
12915,test_12915,1
12916,test_12916,1
12917,test_12917,1
12918,test_12918,1
12919,test_12919,1
12920,test_12920,1
12921,test_12921,1
12922,test_12922,1
12923,test_12923,1
12924,test_12924,1
12925,test_12925,1
12926,test_12926,1
12927,test_12927,1
12928,test_12928,1
12929,test_12929,1
12930,test_12930,1
12931,test_12931,1
12932,test_12932,1
12933,test_12933,1
12934,test_12934,1
12935,test_12935,1
12936,test_12936,0
12937,test_12937,1
12938,test_12938,1
12939,test_12939,1
12940,test_12940,1
12941,test_12941,1
12942,test_12942,1
12943,test_12943,1
12944,test_12944,0
12945,test_12945,1
12946,test_12946,1
12947,test_12947,0
12948,test_12948,0
12949,test_12949,1
12950,test_12950,1
12951,test_12951,0
12952,test_12952,1
12953,test_12953,1
12954,test_12954,1
12955,test_12955,1
12956,test_12956,1
12957,test_12957,0
12958,test_12958,1
12959,test_12959,1
12960,test_12960,1
12961,test_12961,1
12962,test_12962,1
12963,test_12963,1
12964,test_12964,1
12965,test_12965,1
12966,test_12966,1
12967,test_12967,1
12968,test_12968,1
12969,test_12969,0
12970,test_12970,1
12971,test_12971,1
12972,test_12972,1
12973,test_12973,1
12974,test_12974,1
12975,test_12975,1
12976,test_12976,1
12977,test_12977,1
12978,test_12978,1
12979,test_12979,1
12980,test_12980,1
12981,test_12981,1
12982,test_12982,1
12983,test_12983,1
12984,test_12984,1
12985,test_12985,1
12986,test_12986,1
12987,test_12987,1
12988,test_12988,1
12989,test_12989,1
12990,test_12990,1
12991,test_12991,0
12992,test_12992,1
12993,test_12993,1
12994,test_12994,1
12995,test_12995,1
12996,test_12996,1
12997,test_12997,1
12998,test_12998,1
12999,test_12999,0
13000,test_13000,1
13001,test_13001,1
13002,test_13002,1
13003,test_13003,1
13004,test_13004,1
13005,test_13005,0
13006,test_13006,1
13007,test_13007,1
13008,test_13008,1
13009,test_13009,0
13010,test_13010,1
13011,test_13011,1
13012,test_13012,1
13013,test_13013,1
13014,test_13014,1
13015,test_13015,1
13016,test_13016,1
13017,test_13017,1
13018,test_13018,1
13019,test_13019,1
13020,test_13020,1
13021,test_13021,1
13022,test_13022,1
13023,test_13023,1
13024,test_13024,0
13025,test_13025,1
13026,test_13026,1
13027,test_13027,1
13028,test_13028,1
13029,test_13029,1
13030,test_13030,1
13031,test_13031,1
13032,test_13032,1
13033,test_13033,1
13034,test_13034,1
13035,test_13035,1
13036,test_13036,0
13037,test_13037,1
13038,test_13038,1
13039,test_13039,1
13040,test_13040,1
13041,test_13041,1
13042,test_13042,1
13043,test_13043,1
13044,test_13044,1
13045,test_13045,1
13046,test_13046,1
13047,test_13047,1
13048,test_13048,1
13049,test_13049,1
13050,test_13050,1
13051,test_13051,1
13052,test_13052,1
13053,test_13053,1
13054,test_13054,1
13055,test_13055,1
13056,test_13056,0
13057,test_13057,1
13058,test_13058,1
13059,test_13059,1
13060,test_13060,1
13061,test_13061,1
13062,test_13062,1
13063,test_13063,1
13064,test_13064,1
13065,test_13065,1
13066,test_13066,1
13067,test_13067,1
13068,test_13068,1
13069,test_13069,1
13070,test_13070,1
13071,test_13071,1
13072,test_13072,1
13073,test_13073,0
13074,test_13074,0
13075,test_13075,1
13076,test_13076,1
13077,test_13077,1
13078,test_13078,1
13079,test_13079,1
13080,test_13080,1
13081,test_13081,1
13082,test_13082,1
13083,test_13083,1
13084,test_13084,1
13085,test_13085,1
13086,test_13086,1
13087,test_13087,1
13088,test_13088,1
13089,test_13089,1
13090,test_13090,1
13091,test_13091,0
13092,test_13092,1
13093,test_13093,1
13094,test_13094,1
13095,test_13095,1
13096,test_13096,1
13097,test_13097,1
13098,test_13098,1
13099,test_13099,1
13100,test_13100,1
13101,test_13101,1
13102,test_13102,1
13103,test_13103,1
13104,test_13104,1
13105,test_13105,0
13106,test_13106,1
13107,test_13107,1
13108,test_13108,1
13109,test_13109,0
13110,test_13110,1
13111,test_13111,1
13112,test_13112,1
13113,test_13113,1
13114,test_13114,1
13115,test_13115,0
13116,test_13116,1
13117,test_13117,1
13118,test_13118,1
13119,test_13119,1
13120,test_13120,1
13121,test_13121,1
13122,test_13122,1
13123,test_13123,1
13124,test_13124,1
13125,test_13125,1
13126,test_13126,1
13127,test_13127,1
13128,test_13128,1
13129,test_13129,1
13130,test_13130,1
13131,test_13131,1
13132,test_13132,1
13133,test_13133,1
13134,test_13134,1
13135,test_13135,1
13136,test_13136,1
13137,test_13137,0
13138,test_13138,1
13139,test_13139,1
13140,test_13140,1
13141,test_13141,1
13142,test_13142,1
13143,test_13143,1
13144,test_13144,1
13145,test_13145,1
13146,test_13146,1
13147,test_13147,1
13148,test_13148,1
13149,test_13149,0
13150,test_13150,1
13151,test_13151,1
13152,test_13152,1
13153,test_13153,1
13154,test_13154,1
13155,test_13155,1
13156,test_13156,1
13157,test_13157,1
13158,test_13158,1
13159,test_13159,1
13160,test_13160,1
13161,test_13161,1
13162,test_13162,1
13163,test_13163,1
13164,test_13164,1
13165,test_13165,1
13166,test_13166,1
13167,test_13167,1
13168,test_13168,0
13169,test_13169,1
13170,test_13170,0
13171,test_13171,1
13172,test_13172,1
13173,test_13173,1
13174,test_13174,1
13175,test_13175,1
13176,test_13176,1
13177,test_13177,1
13178,test_13178,1
13179,test_13179,1
13180,test_13180,1
13181,test_13181,1
13182,test_13182,1
13183,test_13183,1
13184,test_13184,0
13185,test_13185,1
13186,test_13186,1
13187,test_13187,1
13188,test_13188,1
13189,test_13189,0
13190,test_13190,1
13191,test_13191,1
13192,test_13192,1
13193,test_13193,1
13194,test_13194,1
13195,test_13195,0
13196,test_13196,1
13197,test_13197,1
13198,test_13198,0
13199,test_13199,1
13200,test_13200,1
13201,test_13201,0
13202,test_13202,1
13203,test_13203,1
13204,test_13204,1
13205,test_13205,0
13206,test_13206,1
13207,test_13207,1
13208,test_13208,1
13209,test_13209,1
13210,test_13210,0
13211,test_13211,1
13212,test_13212,1
13213,test_13213,1
13214,test_13214,1
13215,test_13215,1
13216,test_13216,1
13217,test_13217,1
13218,test_13218,1
13219,test_13219,1
13220,test_13220,1
13221,test_13221,0
13222,test_13222,0
13223,test_13223,1
13224,test_13224,1
13225,test_13225,0
13226,test_13226,1
13227,test_13227,0
13228,test_13228,1
13229,test_13229,1
13230,test_13230,1
13231,test_13231,0
13232,test_13232,1
13233,test_13233,1
13234,test_13234,1
13235,test_13235,0
13236,test_13236,0
13237,test_13237,1
13238,test_13238,1
13239,test_13239,1
13240,test_13240,1
13241,test_13241,1
13242,test_13242,1
13243,test_13243,1
13244,test_13244,1
13245,test_13245,1
13246,test_13246,1
13247,test_13247,1
13248,test_13248,1
13249,test_13249,1
13250,test_13250,1
13251,test_13251,1
13252,test_13252,1
13253,test_13253,1
13254,test_13254,1
13255,test_13255,1
13256,test_13256,1
13257,test_13257,1
13258,test_13258,1
13259,test_13259,1
13260,test_13260,0
13261,test_13261,1
13262,test_13262,1
13263,test_13263,1
13264,test_13264,1
13265,test_13265,1
13266,test_13266,1
13267,test_13267,1
13268,test_13268,0
13269,test_13269,1
13270,test_13270,1
13271,test_13271,1
13272,test_13272,1
13273,test_13273,1
13274,test_13274,1
13275,test_13275,0
13276,test_13276,1
13277,test_13277,1
13278,test_13278,1
13279,test_13279,0
13280,test_13280,1
13281,test_13281,1
13282,test_13282,1
13283,test_13283,1
13284,test_13284,1
13285,test_13285,1
13286,test_13286,1
13287,test_13287,1
13288,test_13288,1
13289,test_13289,0
13290,test_13290,1
13291,test_13291,1
13292,test_13292,1
13293,test_13293,1
13294,test_13294,1
13295,test_13295,1
13296,test_13296,1
13297,test_13297,0
13298,test_13298,1
13299,test_13299,1
13300,test_13300,1
13301,test_13301,0
13302,test_13302,1
13303,test_13303,1
13304,test_13304,1
13305,test_13305,1
13306,test_13306,1
13307,test_13307,1
13308,test_13308,1
13309,test_13309,1
13310,test_13310,1
13311,test_13311,1
13312,test_13312,1
13313,test_13313,1
13314,test_13314,1
13315,test_13315,1
13316,test_13316,1
13317,test_13317,1
13318,test_13318,1
13319,test_13319,1
13320,test_13320,1
13321,test_13321,1
13322,test_13322,0
13323,test_13323,1
13324,test_13324,1
13325,test_13325,1
13326,test_13326,0
13327,test_13327,1
13328,test_13328,1
13329,test_13329,1
13330,test_13330,1
13331,test_13331,1
13332,test_13332,1
13333,test_13333,1
13334,test_13334,1
13335,test_13335,1
13336,test_13336,1
13337,test_13337,1
13338,test_13338,1
13339,test_13339,1
13340,test_13340,1
13341,test_13341,1
13342,test_13342,1
13343,test_13343,1
13344,test_13344,1
13345,test_13345,0
13346,test_13346,1
13347,test_13347,1
13348,test_13348,1
13349,test_13349,1
13350,test_13350,1
13351,test_13351,1
13352,test_13352,0
13353,test_13353,1
13354,test_13354,1
13355,test_13355,1
13356,test_13356,1
13357,test_13357,1
13358,test_13358,0
13359,test_13359,1
13360,test_13360,1
13361,test_13361,1
13362,test_13362,1
13363,test_13363,1
13364,test_13364,1
13365,test_13365,1
13366,test_13366,1
13367,test_13367,1
13368,test_13368,0
13369,test_13369,1
13370,test_13370,1
13371,test_13371,1
13372,test_13372,1
13373,test_13373,1
13374,test_13374,1
13375,test_13375,1
13376,test_13376,1
13377,test_13377,1
13378,test_13378,1
13379,test_13379,1
13380,test_13380,1
13381,test_13381,1
13382,test_13382,1
13383,test_13383,1
13384,test_13384,1
13385,test_13385,1
13386,test_13386,1
13387,test_13387,1
13388,test_13388,0
13389,test_13389,1
13390,test_13390,1
13391,test_13391,1
13392,test_13392,1
13393,test_13393,1
13394,test_13394,1
13395,test_13395,1
13396,test_13396,1
13397,test_13397,1
13398,test_13398,1
13399,test_13399,1
13400,test_13400,1
13401,test_13401,1
13402,test_13402,0
13403,test_13403,1
13404,test_13404,1
13405,test_13405,1
13406,test_13406,1
13407,test_13407,1
13408,test_13408,1
13409,test_13409,1
13410,test_13410,1
13411,test_13411,1
13412,test_13412,1
13413,test_13413,1
13414,test_13414,1
13415,test_13415,1
13416,test_13416,1
13417,test_13417,1
13418,test_13418,1
13419,test_13419,1
13420,test_13420,1
13421,test_13421,1
13422,test_13422,1
13423,test_13423,1
13424,test_13424,1
13425,test_13425,1
13426,test_13426,0
13427,test_13427,1
13428,test_13428,1
13429,test_13429,1
13430,test_13430,1
13431,test_13431,1
13432,test_13432,0
13433,test_13433,0
13434,test_13434,1
13435,test_13435,0
13436,test_13436,1
13437,test_13437,1
13438,test_13438,1
13439,test_13439,1
13440,test_13440,1
13441,test_13441,1
13442,test_13442,1
13443,test_13443,1
13444,test_13444,1
13445,test_13445,1
13446,test_13446,0
13447,test_13447,0
13448,test_13448,1
13449,test_13449,1
13450,test_13450,1
13451,test_13451,1
13452,test_13452,1
13453,test_13453,1
13454,test_13454,1
13455,test_13455,1
13456,test_13456,1
13457,test_13457,1
13458,test_13458,1
13459,test_13459,1
13460,test_13460,0
13461,test_13461,1
13462,test_13462,1
13463,test_13463,1
13464,test_13464,1
13465,test_13465,1
13466,test_13466,1
13467,test_13467,1
13468,test_13468,1
13469,test_13469,1
13470,test_13470,1
13471,test_13471,1
13472,test_13472,1
13473,test_13473,1
13474,test_13474,1
13475,test_13475,1
13476,test_13476,1
13477,test_13477,1
13478,test_13478,1
13479,test_13479,1
13480,test_13480,1
13481,test_13481,1
13482,test_13482,1
13483,test_13483,1
13484,test_13484,1
13485,test_13485,1
13486,test_13486,1
13487,test_13487,1
13488,test_13488,1
13489,test_13489,1
13490,test_13490,1
13491,test_13491,1
13492,test_13492,1
13493,test_13493,1
13494,test_13494,1
13495,test_13495,1
13496,test_13496,1
13497,test_13497,1
13498,test_13498,1
13499,test_13499,1
13500,test_13500,1
13501,test_13501,1
13502,test_13502,1
13503,test_13503,1
13504,test_13504,1
13505,test_13505,0
13506,test_13506,1
13507,test_13507,1
13508,test_13508,1
13509,test_13509,1
13510,test_13510,1
13511,test_13511,1
13512,test_13512,1
13513,test_13513,0
13514,test_13514,0
13515,test_13515,1
13516,test_13516,1
13517,test_13517,1
13518,test_13518,1
13519,test_13519,1
13520,test_13520,0
13521,test_13521,1
13522,test_13522,1
13523,test_13523,1
13524,test_13524,1
13525,test_13525,1
13526,test_13526,1
13527,test_13527,0
13528,test_13528,1
13529,test_13529,1
13530,test_13530,1
13531,test_13531,1
13532,test_13532,1
13533,test_13533,1
13534,test_13534,1
13535,test_13535,1
13536,test_13536,1
13537,test_13537,1
13538,test_13538,1
13539,test_13539,1
13540,test_13540,1
13541,test_13541,1
13542,test_13542,1
13543,test_13543,1
13544,test_13544,1
13545,test_13545,1
13546,test_13546,1
13547,test_13547,1
13548,test_13548,1
13549,test_13549,0
13550,test_13550,1
13551,test_13551,1
13552,test_13552,1
13553,test_13553,1
13554,test_13554,1
13555,test_13555,1
13556,test_13556,1
13557,test_13557,1
13558,test_13558,1
13559,test_13559,1
13560,test_13560,1
13561,test_13561,1
13562,test_13562,1
13563,test_13563,0
13564,test_13564,0
13565,test_13565,0
13566,test_13566,1
13567,test_13567,1
13568,test_13568,1
13569,test_13569,1
13570,test_13570,1
13571,test_13571,1
13572,test_13572,1
13573,test_13573,1
13574,test_13574,1
13575,test_13575,1
13576,test_13576,1
13577,test_13577,1
13578,test_13578,1
13579,test_13579,1
13580,test_13580,1
13581,test_13581,1
13582,test_13582,1
13583,test_13583,1
13584,test_13584,1
13585,test_13585,1
13586,test_13586,1
13587,test_13587,0
13588,test_13588,1
13589,test_13589,0
13590,test_13590,1
13591,test_13591,1
13592,test_13592,1
13593,test_13593,1
13594,test_13594,1
13595,test_13595,1
13596,test_13596,1
13597,test_13597,1
13598,test_13598,1
13599,test_13599,1
13600,test_13600,1
13601,test_13601,1
13602,test_13602,1
13603,test_13603,1
13604,test_13604,1
13605,test_13605,0
13606,test_13606,1
13607,test_13607,1
13608,test_13608,1
13609,test_13609,0
13610,test_13610,1
13611,test_13611,1
13612,test_13612,1
13613,test_13613,1
13614,test_13614,1
13615,test_13615,1
13616,test_13616,1
13617,test_13617,1
13618,test_13618,1
13619,test_13619,1
13620,test_13620,1
13621,test_13621,0
13622,test_13622,1
13623,test_13623,1
13624,test_13624,1
13625,test_13625,1
13626,test_13626,1
13627,test_13627,1
13628,test_13628,1
13629,test_13629,1
13630,test_13630,1
13631,test_13631,1
13632,test_13632,1
13633,test_13633,1
13634,test_13634,1
13635,test_13635,1
13636,test_13636,1
13637,test_13637,1
13638,test_13638,1
13639,test_13639,1
13640,test_13640,1
13641,test_13641,1
13642,test_13642,0
13643,test_13643,1
13644,test_13644,1
13645,test_13645,1
13646,test_13646,1
13647,test_13647,1
13648,test_13648,1
13649,test_13649,1
13650,test_13650,1
13651,test_13651,1
13652,test_13652,1
13653,test_13653,1
13654,test_13654,1
13655,test_13655,1
13656,test_13656,1
13657,test_13657,1
13658,test_13658,0
13659,test_13659,0
13660,test_13660,1
13661,test_13661,1
13662,test_13662,1
13663,test_13663,1
13664,test_13664,1
13665,test_13665,1
13666,test_13666,1
13667,test_13667,0
13668,test_13668,1
13669,test_13669,1
13670,test_13670,1
13671,test_13671,1
13672,test_13672,1
13673,test_13673,0
13674,test_13674,1
13675,test_13675,1
13676,test_13676,1
13677,test_13677,1
13678,test_13678,0
13679,test_13679,1
13680,test_13680,1
13681,test_13681,0
13682,test_13682,1
13683,test_13683,1
13684,test_13684,1
13685,test_13685,1
13686,test_13686,1
13687,test_13687,1
13688,test_13688,1
13689,test_13689,1
13690,test_13690,1
13691,test_13691,1
13692,test_13692,1
13693,test_13693,0
13694,test_13694,1
13695,test_13695,1
13696,test_13696,1
13697,test_13697,1
13698,test_13698,1
13699,test_13699,1
13700,test_13700,1
13701,test_13701,1
13702,test_13702,1
13703,test_13703,0
13704,test_13704,1
13705,test_13705,1
13706,test_13706,1
13707,test_13707,1
13708,test_13708,1
13709,test_13709,1
13710,test_13710,1
13711,test_13711,1
13712,test_13712,1
13713,test_13713,1
13714,test_13714,1
13715,test_13715,1
13716,test_13716,1
13717,test_13717,1
13718,test_13718,1
13719,test_13719,1
13720,test_13720,1
13721,test_13721,1
13722,test_13722,1
13723,test_13723,0
13724,test_13724,1
13725,test_13725,1
13726,test_13726,1
13727,test_13727,1
13728,test_13728,1
13729,test_13729,1
13730,test_13730,0
13731,test_13731,1
13732,test_13732,1
13733,test_13733,1
13734,test_13734,1
13735,test_13735,1
13736,test_13736,1
13737,test_13737,0
13738,test_13738,1
13739,test_13739,1
13740,test_13740,1
13741,test_13741,1
13742,test_13742,1
13743,test_13743,1
13744,test_13744,1
13745,test_13745,1
13746,test_13746,1
13747,test_13747,1
13748,test_13748,0
13749,test_13749,1
13750,test_13750,1
13751,test_13751,1
13752,test_13752,1
13753,test_13753,1
13754,test_13754,1
13755,test_13755,1
13756,test_13756,1
13757,test_13757,1
13758,test_13758,1
13759,test_13759,0
13760,test_13760,1
13761,test_13761,0
13762,test_13762,1
13763,test_13763,1
13764,test_13764,1
13765,test_13765,1
13766,test_13766,1
13767,test_13767,1
13768,test_13768,1
13769,test_13769,1
13770,test_13770,1
13771,test_13771,1
13772,test_13772,1
13773,test_13773,1
13774,test_13774,1
13775,test_13775,1
13776,test_13776,1
13777,test_13777,0
13778,test_13778,1
13779,test_13779,1
13780,test_13780,1
13781,test_13781,1
13782,test_13782,1
13783,test_13783,1
13784,test_13784,1
13785,test_13785,1
13786,test_13786,1
13787,test_13787,0
13788,test_13788,0
13789,test_13789,1
13790,test_13790,1
13791,test_13791,1
13792,test_13792,1
13793,test_13793,1
13794,test_13794,1
13795,test_13795,1
13796,test_13796,0
13797,test_13797,1
13798,test_13798,1
13799,test_13799,1
13800,test_13800,1
13801,test_13801,1
13802,test_13802,1
13803,test_13803,1
13804,test_13804,1
13805,test_13805,1
13806,test_13806,0
13807,test_13807,1
13808,test_13808,1
13809,test_13809,1
13810,test_13810,1
13811,test_13811,1
13812,test_13812,1
13813,test_13813,1
13814,test_13814,1
13815,test_13815,1
13816,test_13816,1
13817,test_13817,1
13818,test_13818,1
13819,test_13819,0
13820,test_13820,1
13821,test_13821,1
13822,test_13822,1
13823,test_13823,1
13824,test_13824,1
13825,test_13825,1
13826,test_13826,0
13827,test_13827,1
13828,test_13828,1
13829,test_13829,1
13830,test_13830,1
13831,test_13831,1
13832,test_13832,1
13833,test_13833,1
13834,test_13834,1
13835,test_13835,1
13836,test_13836,1
13837,test_13837,1
13838,test_13838,1
13839,test_13839,1
13840,test_13840,1
13841,test_13841,1
13842,test_13842,1
13843,test_13843,1
13844,test_13844,1
13845,test_13845,1
13846,test_13846,1
13847,test_13847,1
13848,test_13848,1
13849,test_13849,1
13850,test_13850,1
13851,test_13851,1
13852,test_13852,1
13853,test_13853,1
13854,test_13854,1
13855,test_13855,1
13856,test_13856,1
13857,test_13857,0
13858,test_13858,1
13859,test_13859,1
13860,test_13860,1
13861,test_13861,1
13862,test_13862,1
13863,test_13863,1
13864,test_13864,1
13865,test_13865,1
13866,test_13866,1
13867,test_13867,1
13868,test_13868,1
13869,test_13869,1
13870,test_13870,1
13871,test_13871,1
13872,test_13872,1
13873,test_13873,1
13874,test_13874,1
13875,test_13875,1
13876,test_13876,1
13877,test_13877,1
13878,test_13878,1
13879,test_13879,1
13880,test_13880,1
13881,test_13881,1
13882,test_13882,1
13883,test_13883,1
13884,test_13884,1
13885,test_13885,0
13886,test_13886,1
13887,test_13887,1
13888,test_13888,1
13889,test_13889,1
13890,test_13890,1
13891,test_13891,1
13892,test_13892,1
13893,test_13893,1
13894,test_13894,1
13895,test_13895,1
13896,test_13896,0
13897,test_13897,1
13898,test_13898,1
13899,test_13899,1
13900,test_13900,1
13901,test_13901,0
13902,test_13902,1
13903,test_13903,1
13904,test_13904,1
13905,test_13905,1
13906,test_13906,1
13907,test_13907,1
13908,test_13908,1
13909,test_13909,1
13910,test_13910,1
13911,test_13911,1
13912,test_13912,1
13913,test_13913,1
13914,test_13914,1
13915,test_13915,1
13916,test_13916,1
13917,test_13917,1
13918,test_13918,1
13919,test_13919,0
13920,test_13920,1
13921,test_13921,1
13922,test_13922,1
13923,test_13923,1
13924,test_13924,1
13925,test_13925,1
13926,test_13926,1
13927,test_13927,1
13928,test_13928,1
13929,test_13929,0
13930,test_13930,1
13931,test_13931,1
13932,test_13932,0
13933,test_13933,0
13934,test_13934,1
13935,test_13935,1
13936,test_13936,0
13937,test_13937,1
13938,test_13938,1
13939,test_13939,1
13940,test_13940,1
13941,test_13941,1
13942,test_13942,1
13943,test_13943,1
13944,test_13944,1
13945,test_13945,1
13946,test_13946,0
13947,test_13947,1
13948,test_13948,1
13949,test_13949,1
13950,test_13950,0
13951,test_13951,1
13952,test_13952,1
13953,test_13953,1
13954,test_13954,1
13955,test_13955,1
13956,test_13956,1
13957,test_13957,1
13958,test_13958,1
13959,test_13959,1
13960,test_13960,1
13961,test_13961,1
13962,test_13962,1
13963,test_13963,0
13964,test_13964,1
13965,test_13965,1
13966,test_13966,1
13967,test_13967,1
13968,test_13968,1
13969,test_13969,0
13970,test_13970,1
13971,test_13971,1
13972,test_13972,0
13973,test_13973,1
13974,test_13974,1
13975,test_13975,1
13976,test_13976,1
13977,test_13977,1
13978,test_13978,1
13979,test_13979,1
13980,test_13980,1
13981,test_13981,1
13982,test_13982,1
13983,test_13983,1
13984,test_13984,1
13985,test_13985,1
13986,test_13986,1
13987,test_13987,1
13988,test_13988,1
13989,test_13989,1
13990,test_13990,1
13991,test_13991,1
13992,test_13992,1
13993,test_13993,1
13994,test_13994,1
13995,test_13995,1
13996,test_13996,1
13997,test_13997,1
13998,test_13998,1
13999,test_13999,1
14000,test_14000,1
14001,test_14001,1
14002,test_14002,1
14003,test_14003,1
14004,test_14004,1
14005,test_14005,0
14006,test_14006,1
14007,test_14007,1
14008,test_14008,1
14009,test_14009,1
14010,test_14010,1
14011,test_14011,1
14012,test_14012,1
14013,test_14013,1
14014,test_14014,1
14015,test_14015,1
14016,test_14016,1
14017,test_14017,1
14018,test_14018,1
14019,test_14019,1
14020,test_14020,1
14021,test_14021,1
14022,test_14022,1
14023,test_14023,1
14024,test_14024,1
14025,test_14025,0
14026,test_14026,1
14027,test_14027,1
14028,test_14028,1
14029,test_14029,1
14030,test_14030,1
14031,test_14031,1
14032,test_14032,1
14033,test_14033,1
14034,test_14034,1
14035,test_14035,1
14036,test_14036,1
14037,test_14037,1
14038,test_14038,1
14039,test_14039,1
14040,test_14040,1
14041,test_14041,0
14042,test_14042,0
14043,test_14043,1
14044,test_14044,1
14045,test_14045,1
14046,test_14046,1
14047,test_14047,1
14048,test_14048,1
14049,test_14049,1
14050,test_14050,1
14051,test_14051,1
14052,test_14052,1
14053,test_14053,1
14054,test_14054,1
14055,test_14055,1
14056,test_14056,0
14057,test_14057,1
14058,test_14058,0
14059,test_14059,1
14060,test_14060,1
14061,test_14061,1
14062,test_14062,1
14063,test_14063,1
14064,test_14064,1
14065,test_14065,1
14066,test_14066,1
14067,test_14067,1
14068,test_14068,1
14069,test_14069,1
14070,test_14070,1
14071,test_14071,1
14072,test_14072,1
14073,test_14073,1
14074,test_14074,1
14075,test_14075,0
14076,test_14076,1
14077,test_14077,1
14078,test_14078,0
14079,test_14079,1
14080,test_14080,1
14081,test_14081,1
14082,test_14082,0
14083,test_14083,1
14084,test_14084,1
14085,test_14085,1
14086,test_14086,1
14087,test_14087,1
14088,test_14088,1
14089,test_14089,1
14090,test_14090,1
14091,test_14091,1
14092,test_14092,1
14093,test_14093,1
14094,test_14094,1
14095,test_14095,1
14096,test_14096,1
14097,test_14097,1
14098,test_14098,1
14099,test_14099,1
14100,test_14100,1
14101,test_14101,1
14102,test_14102,1
14103,test_14103,1
14104,test_14104,1
14105,test_14105,1
14106,test_14106,1
14107,test_14107,1
14108,test_14108,1
14109,test_14109,1
14110,test_14110,1
14111,test_14111,1
14112,test_14112,1
14113,test_14113,1
14114,test_14114,1
14115,test_14115,1
14116,test_14116,1
14117,test_14117,1
14118,test_14118,1
14119,test_14119,1
14120,test_14120,1
14121,test_14121,1
14122,test_14122,1
14123,test_14123,1
14124,test_14124,1
14125,test_14125,1
14126,test_14126,1
14127,test_14127,1
14128,test_14128,1
14129,test_14129,1
14130,test_14130,1
14131,test_14131,1
14132,test_14132,1
14133,test_14133,1
14134,test_14134,1
14135,test_14135,1
14136,test_14136,1
14137,test_14137,1
14138,test_14138,1
14139,test_14139,1
14140,test_14140,1
14141,test_14141,1
14142,test_14142,1
14143,test_14143,1
14144,test_14144,1
14145,test_14145,1
14146,test_14146,1
14147,test_14147,1
14148,test_14148,1
14149,test_14149,1
14150,test_14150,0
14151,test_14151,1
14152,test_14152,1
14153,test_14153,1
14154,test_14154,1
14155,test_14155,1
14156,test_14156,1
14157,test_14157,1
14158,test_14158,1
14159,test_14159,1
14160,test_14160,1
14161,test_14161,1
14162,test_14162,1
14163,test_14163,1
14164,test_14164,1
14165,test_14165,1
14166,test_14166,1
14167,test_14167,1
14168,test_14168,1
14169,test_14169,1
14170,test_14170,1
14171,test_14171,1
14172,test_14172,0
14173,test_14173,1
14174,test_14174,1
14175,test_14175,1
14176,test_14176,1
14177,test_14177,1
14178,test_14178,0
14179,test_14179,1
14180,test_14180,1
14181,test_14181,0
14182,test_14182,1
14183,test_14183,1
14184,test_14184,1
14185,test_14185,1
14186,test_14186,1
14187,test_14187,1
14188,test_14188,1
14189,test_14189,1
14190,test_14190,1
14191,test_14191,1
14192,test_14192,1
14193,test_14193,1
14194,test_14194,1
14195,test_14195,1
14196,test_14196,1
14197,test_14197,1
14198,test_14198,1
14199,test_14199,0
14200,test_14200,1
14201,test_14201,1
14202,test_14202,1
14203,test_14203,1
14204,test_14204,1
14205,test_14205,1
14206,test_14206,1
14207,test_14207,1
14208,test_14208,1
14209,test_14209,0
14210,test_14210,1
14211,test_14211,1
14212,test_14212,1
14213,test_14213,1
14214,test_14214,1
14215,test_14215,0
14216,test_14216,1
14217,test_14217,1
14218,test_14218,1
14219,test_14219,1
14220,test_14220,1
14221,test_14221,1
14222,test_14222,1
14223,test_14223,0
14224,test_14224,1
14225,test_14225,1
14226,test_14226,1
14227,test_14227,1
14228,test_14228,1
14229,test_14229,1
14230,test_14230,1
14231,test_14231,1
14232,test_14232,1
14233,test_14233,1
14234,test_14234,1
14235,test_14235,1
14236,test_14236,1
14237,test_14237,1
14238,test_14238,1
14239,test_14239,0
14240,test_14240,1
14241,test_14241,0
14242,test_14242,1
14243,test_14243,1
14244,test_14244,1
14245,test_14245,1
14246,test_14246,1
14247,test_14247,1
14248,test_14248,1
14249,test_14249,1
14250,test_14250,1
14251,test_14251,1
14252,test_14252,1
14253,test_14253,1
14254,test_14254,1
14255,test_14255,1
14256,test_14256,1
14257,test_14257,0
14258,test_14258,1
14259,test_14259,1
14260,test_14260,0
14261,test_14261,1
14262,test_14262,1
14263,test_14263,1
14264,test_14264,1
14265,test_14265,1
14266,test_14266,1
14267,test_14267,1
14268,test_14268,1
14269,test_14269,1
14270,test_14270,1
14271,test_14271,1
14272,test_14272,1
14273,test_14273,1
14274,test_14274,1
14275,test_14275,1
14276,test_14276,0
14277,test_14277,1
14278,test_14278,1
14279,test_14279,1
14280,test_14280,1
14281,test_14281,1
14282,test_14282,1
14283,test_14283,1
14284,test_14284,1
14285,test_14285,1
14286,test_14286,0
14287,test_14287,1
14288,test_14288,1
14289,test_14289,1
14290,test_14290,1
14291,test_14291,1
14292,test_14292,1
14293,test_14293,1
14294,test_14294,1
14295,test_14295,0
14296,test_14296,1
14297,test_14297,1
14298,test_14298,1
14299,test_14299,1
14300,test_14300,1
14301,test_14301,1
14302,test_14302,1
14303,test_14303,1
14304,test_14304,1
14305,test_14305,0
14306,test_14306,1
14307,test_14307,1
14308,test_14308,1
14309,test_14309,0
14310,test_14310,0
14311,test_14311,1
14312,test_14312,1
14313,test_14313,1
14314,test_14314,1
14315,test_14315,1
14316,test_14316,1
14317,test_14317,0
14318,test_14318,1
14319,test_14319,1
14320,test_14320,1
14321,test_14321,1
14322,test_14322,1
14323,test_14323,1
14324,test_14324,1
14325,test_14325,1
14326,test_14326,1
14327,test_14327,1
14328,test_14328,1
14329,test_14329,1
14330,test_14330,1
14331,test_14331,1
14332,test_14332,1
14333,test_14333,1
14334,test_14334,1
14335,test_14335,0
14336,test_14336,0
14337,test_14337,1
14338,test_14338,1
14339,test_14339,1
14340,test_14340,1
14341,test_14341,1
14342,test_14342,1
14343,test_14343,1
14344,test_14344,1
14345,test_14345,1
14346,test_14346,1
14347,test_14347,1
14348,test_14348,0
14349,test_14349,1
14350,test_14350,1
14351,test_14351,1
14352,test_14352,1
14353,test_14353,1
14354,test_14354,1
14355,test_14355,1
14356,test_14356,1
14357,test_14357,0
14358,test_14358,1
14359,test_14359,1
14360,test_14360,1
14361,test_14361,0
14362,test_14362,1
14363,test_14363,1
14364,test_14364,1
14365,test_14365,1
14366,test_14366,1
14367,test_14367,1
14368,test_14368,1
14369,test_14369,1
14370,test_14370,1
14371,test_14371,0
14372,test_14372,1
14373,test_14373,1
14374,test_14374,1
14375,test_14375,0
14376,test_14376,1
14377,test_14377,0
14378,test_14378,1
14379,test_14379,1
14380,test_14380,1
14381,test_14381,1
14382,test_14382,1
14383,test_14383,1
14384,test_14384,1
14385,test_14385,1
14386,test_14386,0
14387,test_14387,1
14388,test_14388,1
14389,test_14389,1
14390,test_14390,1
14391,test_14391,1
14392,test_14392,1
14393,test_14393,1
14394,test_14394,1
14395,test_14395,1
14396,test_14396,1
14397,test_14397,1
14398,test_14398,1
14399,test_14399,1
14400,test_14400,1
14401,test_14401,1
14402,test_14402,1
14403,test_14403,1
14404,test_14404,1
14405,test_14405,1
14406,test_14406,0
14407,test_14407,1
14408,test_14408,1
14409,test_14409,1
14410,test_14410,1
14411,test_14411,1
14412,test_14412,1
14413,test_14413,1
14414,test_14414,1
14415,test_14415,1
14416,test_14416,1
14417,test_14417,1
14418,test_14418,1
14419,test_14419,1
14420,test_14420,1
14421,test_14421,1
14422,test_14422,1
14423,test_14423,1
14424,test_14424,0
14425,test_14425,1
14426,test_14426,1
14427,test_14427,1
14428,test_14428,0
14429,test_14429,1
14430,test_14430,0
14431,test_14431,0
14432,test_14432,0
14433,test_14433,1
14434,test_14434,1
14435,test_14435,1
14436,test_14436,1
14437,test_14437,1
14438,test_14438,1
14439,test_14439,1
14440,test_14440,1
14441,test_14441,1
14442,test_14442,0
14443,test_14443,1
14444,test_14444,1
14445,test_14445,1
14446,test_14446,1
14447,test_14447,1
14448,test_14448,1
14449,test_14449,1
14450,test_14450,1
14451,test_14451,1
14452,test_14452,0
14453,test_14453,1
14454,test_14454,1
14455,test_14455,1
14456,test_14456,1
14457,test_14457,1
14458,test_14458,1
14459,test_14459,1
14460,test_14460,1
14461,test_14461,1
14462,test_14462,1
14463,test_14463,1
14464,test_14464,1
14465,test_14465,1
14466,test_14466,1
14467,test_14467,0
14468,test_14468,0
14469,test_14469,1
14470,test_14470,0
14471,test_14471,1
14472,test_14472,1
14473,test_14473,1
14474,test_14474,1
14475,test_14475,0
14476,test_14476,1
14477,test_14477,1
14478,test_14478,1
14479,test_14479,0
14480,test_14480,1
14481,test_14481,1
14482,test_14482,1
14483,test_14483,1
14484,test_14484,1
14485,test_14485,1
14486,test_14486,1
14487,test_14487,1
14488,test_14488,1
14489,test_14489,1
14490,test_14490,1
14491,test_14491,1
14492,test_14492,1
14493,test_14493,1
14494,test_14494,1
14495,test_14495,1
14496,test_14496,1
14497,test_14497,1
14498,test_14498,1
14499,test_14499,1
14500,test_14500,1
14501,test_14501,1
14502,test_14502,1
14503,test_14503,1
14504,test_14504,1
14505,test_14505,1
14506,test_14506,1
14507,test_14507,1
14508,test_14508,1
14509,test_14509,1
14510,test_14510,1
14511,test_14511,1
14512,test_14512,1
14513,test_14513,1
14514,test_14514,1
14515,test_14515,1
14516,test_14516,1
14517,test_14517,1
14518,test_14518,1
14519,test_14519,1
14520,test_14520,1
14521,test_14521,1
14522,test_14522,1
14523,test_14523,1
14524,test_14524,0
14525,test_14525,1
14526,test_14526,1
14527,test_14527,1
14528,test_14528,1
14529,test_14529,1
14530,test_14530,1
14531,test_14531,1
14532,test_14532,1
14533,test_14533,1
14534,test_14534,1
14535,test_14535,1
14536,test_14536,1
14537,test_14537,1
14538,test_14538,1
14539,test_14539,1
14540,test_14540,1
14541,test_14541,1
14542,test_14542,1
14543,test_14543,1
14544,test_14544,1
14545,test_14545,1
14546,test_14546,1
14547,test_14547,1
14548,test_14548,1
14549,test_14549,1
14550,test_14550,1
14551,test_14551,1
14552,test_14552,1
14553,test_14553,1
14554,test_14554,1
14555,test_14555,1
14556,test_14556,1
14557,test_14557,1
14558,test_14558,1
14559,test_14559,1
14560,test_14560,1
14561,test_14561,1
14562,test_14562,1
14563,test_14563,1
14564,test_14564,1
14565,test_14565,1
14566,test_14566,1
14567,test_14567,1
14568,test_14568,1
14569,test_14569,1
14570,test_14570,1
14571,test_14571,1
14572,test_14572,1
14573,test_14573,1
14574,test_14574,1
14575,test_14575,1
14576,test_14576,1
14577,test_14577,1
14578,test_14578,1
14579,test_14579,1
14580,test_14580,1
14581,test_14581,1
14582,test_14582,1
14583,test_14583,1
14584,test_14584,1
14585,test_14585,1
14586,test_14586,1
14587,test_14587,1
14588,test_14588,1
14589,test_14589,1
14590,test_14590,1
14591,test_14591,1
14592,test_14592,1
14593,test_14593,1
14594,test_14594,1
14595,test_14595,1
14596,test_14596,1
14597,test_14597,0
14598,test_14598,1
14599,test_14599,1
14600,test_14600,1
14601,test_14601,1
14602,test_14602,1
14603,test_14603,1
14604,test_14604,1
14605,test_14605,1
14606,test_14606,1
14607,test_14607,0
14608,test_14608,1
14609,test_14609,1
14610,test_14610,0
14611,test_14611,1
14612,test_14612,1
14613,test_14613,1
14614,test_14614,1
14615,test_14615,1
14616,test_14616,1
14617,test_14617,1
14618,test_14618,1
14619,test_14619,1
14620,test_14620,0
14621,test_14621,1
14622,test_14622,1
14623,test_14623,1
14624,test_14624,1
14625,test_14625,1
14626,test_14626,1
14627,test_14627,1
14628,test_14628,0
14629,test_14629,1
14630,test_14630,1
14631,test_14631,1
14632,test_14632,1
14633,test_14633,1
14634,test_14634,1
14635,test_14635,0
14636,test_14636,1
14637,test_14637,1
14638,test_14638,1
14639,test_14639,1
14640,test_14640,0
14641,test_14641,1
14642,test_14642,1
14643,test_14643,1
14644,test_14644,1
14645,test_14645,1
14646,test_14646,1
14647,test_14647,1
14648,test_14648,1
14649,test_14649,1
14650,test_14650,1
14651,test_14651,1
14652,test_14652,0
14653,test_14653,1
14654,test_14654,1
14655,test_14655,1
14656,test_14656,0
14657,test_14657,1
14658,test_14658,1
14659,test_14659,1
14660,test_14660,1
14661,test_14661,1
14662,test_14662,1
14663,test_14663,0
14664,test_14664,1
14665,test_14665,1
14666,test_14666,1
14667,test_14667,1
14668,test_14668,0
14669,test_14669,1
14670,test_14670,1
14671,test_14671,1
14672,test_14672,1
14673,test_14673,1
14674,test_14674,1
14675,test_14675,1
14676,test_14676,1
14677,test_14677,1
14678,test_14678,1
14679,test_14679,1
14680,test_14680,1
14681,test_14681,1
14682,test_14682,1
14683,test_14683,1
14684,test_14684,1
14685,test_14685,1
14686,test_14686,1
14687,test_14687,1
14688,test_14688,1
14689,test_14689,1
14690,test_14690,1
14691,test_14691,1
14692,test_14692,1
14693,test_14693,1
14694,test_14694,1
14695,test_14695,1
14696,test_14696,0
14697,test_14697,1
14698,test_14698,1
14699,test_14699,1
14700,test_14700,1
14701,test_14701,1
14702,test_14702,1
14703,test_14703,1
14704,test_14704,1
14705,test_14705,0
14706,test_14706,1
14707,test_14707,1
14708,test_14708,1
14709,test_14709,1
14710,test_14710,1
14711,test_14711,0
14712,test_14712,1
14713,test_14713,1
14714,test_14714,1
14715,test_14715,1
14716,test_14716,1
14717,test_14717,0
14718,test_14718,1
14719,test_14719,1
14720,test_14720,1
14721,test_14721,0
14722,test_14722,1
14723,test_14723,1
14724,test_14724,1
14725,test_14725,0
14726,test_14726,1
14727,test_14727,1
14728,test_14728,1
14729,test_14729,1
14730,test_14730,1
14731,test_14731,1
14732,test_14732,1
14733,test_14733,1
14734,test_14734,1
14735,test_14735,1
14736,test_14736,1
14737,test_14737,0
14738,test_14738,1
14739,test_14739,1
14740,test_14740,1
14741,test_14741,1
14742,test_14742,1
14743,test_14743,1
14744,test_14744,1
14745,test_14745,1
14746,test_14746,1
14747,test_14747,1
14748,test_14748,1
14749,test_14749,1
14750,test_14750,1
14751,test_14751,1
14752,test_14752,1
14753,test_14753,1
14754,test_14754,1
14755,test_14755,1
14756,test_14756,1
14757,test_14757,0
14758,test_14758,1
14759,test_14759,1
14760,test_14760,1
14761,test_14761,1
14762,test_14762,1
14763,test_14763,1
14764,test_14764,1
14765,test_14765,1
14766,test_14766,1
14767,test_14767,1
14768,test_14768,1
14769,test_14769,1
14770,test_14770,1
14771,test_14771,1
14772,test_14772,1
14773,test_14773,1
14774,test_14774,1
14775,test_14775,1
14776,test_14776,1
14777,test_14777,1
14778,test_14778,1
14779,test_14779,1
14780,test_14780,1
14781,test_14781,1
14782,test_14782,1
14783,test_14783,1
14784,test_14784,1
14785,test_14785,1
14786,test_14786,0
14787,test_14787,1
14788,test_14788,1
14789,test_14789,1
14790,test_14790,0
14791,test_14791,1
14792,test_14792,1
14793,test_14793,0
14794,test_14794,1
14795,test_14795,1
14796,test_14796,1
14797,test_14797,1
14798,test_14798,1
14799,test_14799,1
14800,test_14800,1
14801,test_14801,1
14802,test_14802,1
14803,test_14803,1
14804,test_14804,1
14805,test_14805,1
14806,test_14806,1
14807,test_14807,1
14808,test_14808,1
14809,test_14809,1
14810,test_14810,1
14811,test_14811,1
14812,test_14812,1
14813,test_14813,0
14814,test_14814,1
14815,test_14815,1
14816,test_14816,1
14817,test_14817,1
14818,test_14818,1
14819,test_14819,1
14820,test_14820,1
14821,test_14821,1
14822,test_14822,1
14823,test_14823,1
14824,test_14824,1
14825,test_14825,1
14826,test_14826,1
14827,test_14827,0
14828,test_14828,0
14829,test_14829,1
14830,test_14830,1
14831,test_14831,1
14832,test_14832,1
14833,test_14833,1
14834,test_14834,1
14835,test_14835,1
14836,test_14836,1
14837,test_14837,1
14838,test_14838,1
14839,test_14839,0
14840,test_14840,1
14841,test_14841,1
14842,test_14842,1
14843,test_14843,1
14844,test_14844,1
14845,test_14845,0
14846,test_14846,1
14847,test_14847,1
14848,test_14848,1
14849,test_14849,1
14850,test_14850,1
14851,test_14851,1
14852,test_14852,1
14853,test_14853,1
14854,test_14854,1
14855,test_14855,1
14856,test_14856,1
14857,test_14857,1
14858,test_14858,1
14859,test_14859,1
14860,test_14860,1
14861,test_14861,1
14862,test_14862,1
14863,test_14863,0
14864,test_14864,1
14865,test_14865,1
14866,test_14866,1
14867,test_14867,1
14868,test_14868,1
14869,test_14869,1
14870,test_14870,1
14871,test_14871,1
14872,test_14872,1
14873,test_14873,1
14874,test_14874,1
14875,test_14875,1
14876,test_14876,1
14877,test_14877,1
14878,test_14878,1
14879,test_14879,1
14880,test_14880,1
14881,test_14881,1
14882,test_14882,1
14883,test_14883,1
14884,test_14884,1
14885,test_14885,1
14886,test_14886,1
14887,test_14887,1
14888,test_14888,1
14889,test_14889,1
14890,test_14890,1
14891,test_14891,1
14892,test_14892,1
14893,test_14893,1
14894,test_14894,1
14895,test_14895,1
14896,test_14896,1
14897,test_14897,0
14898,test_14898,1
14899,test_14899,1
14900,test_14900,1
14901,test_14901,1
14902,test_14902,1
14903,test_14903,1
14904,test_14904,0
14905,test_14905,1
14906,test_14906,1
14907,test_14907,1
14908,test_14908,1
14909,test_14909,1
14910,test_14910,0
14911,test_14911,1
14912,test_14912,1
14913,test_14913,1
14914,test_14914,1
14915,test_14915,1
14916,test_14916,1
14917,test_14917,1
14918,test_14918,1
14919,test_14919,1
14920,test_14920,1
14921,test_14921,0
14922,test_14922,1
14923,test_14923,1
14924,test_14924,1
14925,test_14925,1
14926,test_14926,1
14927,test_14927,1
14928,test_14928,1
14929,test_14929,1
14930,test_14930,1
14931,test_14931,1
14932,test_14932,1
14933,test_14933,1
14934,test_14934,1
14935,test_14935,1
14936,test_14936,1
14937,test_14937,1
14938,test_14938,1
14939,test_14939,1
14940,test_14940,1
14941,test_14941,1
14942,test_14942,1
14943,test_14943,0
14944,test_14944,1
14945,test_14945,1
14946,test_14946,1
14947,test_14947,1
14948,test_14948,1
14949,test_14949,1
14950,test_14950,1
14951,test_14951,1
14952,test_14952,0
14953,test_14953,1
14954,test_14954,1
14955,test_14955,1
14956,test_14956,1
14957,test_14957,1
14958,test_14958,1
14959,test_14959,1
14960,test_14960,0
14961,test_14961,1
14962,test_14962,1
14963,test_14963,0
14964,test_14964,1
14965,test_14965,1
14966,test_14966,0
14967,test_14967,1
14968,test_14968,1
14969,test_14969,1
14970,test_14970,1
14971,test_14971,1
14972,test_14972,1
14973,test_14973,1
14974,test_14974,1
14975,test_14975,1
14976,test_14976,1
14977,test_14977,1
14978,test_14978,1
14979,test_14979,1
14980,test_14980,1
14981,test_14981,1
14982,test_14982,0
14983,test_14983,1
14984,test_14984,1
14985,test_14985,1
14986,test_14986,1
14987,test_14987,1
14988,test_14988,1
14989,test_14989,0
14990,test_14990,1
14991,test_14991,1
14992,test_14992,1
14993,test_14993,0
14994,test_14994,1
14995,test_14995,1
14996,test_14996,1
14997,test_14997,1
14998,test_14998,1
14999,test_14999,1
15000,test_15000,1
15001,test_15001,1
15002,test_15002,1
15003,test_15003,1
15004,test_15004,1
15005,test_15005,1
15006,test_15006,1
15007,test_15007,1
15008,test_15008,1
15009,test_15009,1
15010,test_15010,1
15011,test_15011,1
15012,test_15012,1
15013,test_15013,1
15014,test_15014,0
15015,test_15015,0
15016,test_15016,1
15017,test_15017,1
15018,test_15018,1
15019,test_15019,1
15020,test_15020,1
15021,test_15021,0
15022,test_15022,1
15023,test_15023,1
15024,test_15024,1
15025,test_15025,1
15026,test_15026,1
15027,test_15027,1
15028,test_15028,1
15029,test_15029,1
15030,test_15030,1
15031,test_15031,1
15032,test_15032,1
15033,test_15033,1
15034,test_15034,1
15035,test_15035,1
15036,test_15036,1
15037,test_15037,1
15038,test_15038,1
15039,test_15039,1
15040,test_15040,1
15041,test_15041,1
15042,test_15042,1
15043,test_15043,1
15044,test_15044,1
15045,test_15045,1
15046,test_15046,1
15047,test_15047,1
15048,test_15048,1
15049,test_15049,1
15050,test_15050,1
15051,test_15051,1
15052,test_15052,1
15053,test_15053,1
15054,test_15054,1
15055,test_15055,1
15056,test_15056,1
15057,test_15057,1
15058,test_15058,1
15059,test_15059,1
15060,test_15060,1
15061,test_15061,1
15062,test_15062,0
15063,test_15063,1
15064,test_15064,1
15065,test_15065,1
15066,test_15066,1
15067,test_15067,1
15068,test_15068,1
15069,test_15069,1
15070,test_15070,1
15071,test_15071,1
15072,test_15072,1
15073,test_15073,1
15074,test_15074,1
15075,test_15075,1
15076,test_15076,1
15077,test_15077,1
15078,test_15078,1
15079,test_15079,1
15080,test_15080,1
15081,test_15081,1
15082,test_15082,1
15083,test_15083,1
15084,test_15084,1
15085,test_15085,1
15086,test_15086,1
15087,test_15087,1
15088,test_15088,1
15089,test_15089,1
15090,test_15090,1
15091,test_15091,0
15092,test_15092,1
15093,test_15093,1
15094,test_15094,1
15095,test_15095,1
15096,test_15096,1
15097,test_15097,1
15098,test_15098,1
15099,test_15099,1
15100,test_15100,0
15101,test_15101,1
15102,test_15102,1
15103,test_15103,0
15104,test_15104,1
15105,test_15105,1
15106,test_15106,1
15107,test_15107,1
15108,test_15108,0
15109,test_15109,1
15110,test_15110,1
15111,test_15111,1
15112,test_15112,1
15113,test_15113,1
15114,test_15114,1
15115,test_15115,1
15116,test_15116,1
15117,test_15117,1
15118,test_15118,1
15119,test_15119,1
15120,test_15120,1
15121,test_15121,1
15122,test_15122,1
15123,test_15123,0
15124,test_15124,1
15125,test_15125,1
15126,test_15126,1
15127,test_15127,1
15128,test_15128,1
15129,test_15129,1
15130,test_15130,1
15131,test_15131,1
15132,test_15132,0
15133,test_15133,1
15134,test_15134,1
15135,test_15135,1
15136,test_15136,1
15137,test_15137,1
15138,test_15138,1
15139,test_15139,1
15140,test_15140,1
15141,test_15141,1
15142,test_15142,1
15143,test_15143,1
15144,test_15144,1
15145,test_15145,1
15146,test_15146,1
15147,test_15147,1
15148,test_15148,1
15149,test_15149,1
15150,test_15150,1
15151,test_15151,1
15152,test_15152,0
15153,test_15153,1
15154,test_15154,1
15155,test_15155,1
15156,test_15156,1
15157,test_15157,1
15158,test_15158,0
15159,test_15159,1
15160,test_15160,1
15161,test_15161,1
15162,test_15162,1
15163,test_15163,1
15164,test_15164,1
15165,test_15165,1
15166,test_15166,1
15167,test_15167,1
15168,test_15168,1
15169,test_15169,1
15170,test_15170,1
15171,test_15171,1
15172,test_15172,1
15173,test_15173,0
15174,test_15174,1
15175,test_15175,1
15176,test_15176,1
15177,test_15177,1
15178,test_15178,1
15179,test_15179,1
15180,test_15180,1
15181,test_15181,1
15182,test_15182,1
15183,test_15183,1
15184,test_15184,1
15185,test_15185,1
15186,test_15186,1
15187,test_15187,1
15188,test_15188,1
15189,test_15189,1
15190,test_15190,1
15191,test_15191,1
15192,test_15192,1
15193,test_15193,0
15194,test_15194,1
15195,test_15195,1
15196,test_15196,1
15197,test_15197,1
15198,test_15198,1
15199,test_15199,0
15200,test_15200,1
15201,test_15201,1
15202,test_15202,1
15203,test_15203,1
15204,test_15204,1
15205,test_15205,1
15206,test_15206,1
15207,test_15207,0
15208,test_15208,1
15209,test_15209,1
15210,test_15210,1
15211,test_15211,1
15212,test_15212,1
15213,test_15213,1
15214,test_15214,1
15215,test_15215,1
15216,test_15216,0
15217,test_15217,1
15218,test_15218,1
15219,test_15219,1
15220,test_15220,1
15221,test_15221,1
15222,test_15222,1
15223,test_15223,1
15224,test_15224,1
15225,test_15225,0
15226,test_15226,1
15227,test_15227,1
15228,test_15228,1
15229,test_15229,1
15230,test_15230,1
15231,test_15231,1
15232,test_15232,1
15233,test_15233,1
15234,test_15234,1
15235,test_15235,1
15236,test_15236,1
15237,test_15237,1
15238,test_15238,1
15239,test_15239,0
15240,test_15240,1
15241,test_15241,1
15242,test_15242,1
15243,test_15243,1
15244,test_15244,1
15245,test_15245,1
15246,test_15246,1
15247,test_15247,1
15248,test_15248,1
15249,test_15249,1
15250,test_15250,1
15251,test_15251,1
15252,test_15252,1
15253,test_15253,1
15254,test_15254,1
15255,test_15255,1
15256,test_15256,1
15257,test_15257,1
15258,test_15258,1
15259,test_15259,1
15260,test_15260,0
15261,test_15261,1
15262,test_15262,1
15263,test_15263,1
15264,test_15264,1
15265,test_15265,1
15266,test_15266,0
15267,test_15267,1
15268,test_15268,1
15269,test_15269,1
15270,test_15270,1
15271,test_15271,1
15272,test_15272,1
15273,test_15273,1
15274,test_15274,1
15275,test_15275,0
15276,test_15276,1
15277,test_15277,1
15278,test_15278,1
15279,test_15279,1
15280,test_15280,0
15281,test_15281,1
15282,test_15282,1
15283,test_15283,1
15284,test_15284,1
15285,test_15285,1
15286,test_15286,1
15287,test_15287,1
15288,test_15288,1
15289,test_15289,0
15290,test_15290,1
15291,test_15291,1
15292,test_15292,1
15293,test_15293,0
15294,test_15294,1
15295,test_15295,1
15296,test_15296,1
15297,test_15297,0
15298,test_15298,0
15299,test_15299,1
15300,test_15300,1
15301,test_15301,1
15302,test_15302,1
15303,test_15303,1
15304,test_15304,1
15305,test_15305,0
15306,test_15306,1
15307,test_15307,1
15308,test_15308,1
15309,test_15309,1
15310,test_15310,1
15311,test_15311,1
15312,test_15312,1
15313,test_15313,1
15314,test_15314,1
15315,test_15315,1
15316,test_15316,1
15317,test_15317,1
15318,test_15318,1
15319,test_15319,1
15320,test_15320,1
15321,test_15321,0
15322,test_15322,1
15323,test_15323,1
15324,test_15324,1
15325,test_15325,1
15326,test_15326,1
15327,test_15327,1
15328,test_15328,1
15329,test_15329,1
15330,test_15330,1
15331,test_15331,1
15332,test_15332,1
15333,test_15333,1
15334,test_15334,1
15335,test_15335,1
15336,test_15336,1
15337,test_15337,1
15338,test_15338,1
15339,test_15339,1
15340,test_15340,1
15341,test_15341,1
15342,test_15342,1
15343,test_15343,1
15344,test_15344,1
15345,test_15345,1
15346,test_15346,1
15347,test_15347,1
15348,test_15348,1
15349,test_15349,1
15350,test_15350,1
15351,test_15351,1
15352,test_15352,1
15353,test_15353,1
15354,test_15354,1
15355,test_15355,1
15356,test_15356,1
15357,test_15357,1
15358,test_15358,1
15359,test_15359,1
15360,test_15360,1
15361,test_15361,1
15362,test_15362,1
15363,test_15363,1
15364,test_15364,1
15365,test_15365,1
15366,test_15366,1
15367,test_15367,1
15368,test_15368,1
15369,test_15369,1
15370,test_15370,1
15371,test_15371,1
15372,test_15372,1
15373,test_15373,0
15374,test_15374,1
15375,test_15375,1
15376,test_15376,1
15377,test_15377,1
15378,test_15378,1
15379,test_15379,1
15380,test_15380,1
15381,test_15381,0
15382,test_15382,1
15383,test_15383,1
15384,test_15384,0
15385,test_15385,1
15386,test_15386,1
15387,test_15387,1
15388,test_15388,1
15389,test_15389,1
15390,test_15390,0
15391,test_15391,1
15392,test_15392,1
15393,test_15393,1
15394,test_15394,1
15395,test_15395,1
15396,test_15396,0
15397,test_15397,0
15398,test_15398,1
15399,test_15399,1
15400,test_15400,1
15401,test_15401,1
15402,test_15402,1
15403,test_15403,1
15404,test_15404,1
15405,test_15405,1
15406,test_15406,0
15407,test_15407,1
15408,test_15408,1
15409,test_15409,1
15410,test_15410,1
15411,test_15411,1
15412,test_15412,1
15413,test_15413,1
15414,test_15414,1
15415,test_15415,1
15416,test_15416,1
15417,test_15417,0
15418,test_15418,1
15419,test_15419,1
15420,test_15420,1
15421,test_15421,1
15422,test_15422,0
15423,test_15423,1
15424,test_15424,1
15425,test_15425,1
15426,test_15426,1
15427,test_15427,1
15428,test_15428,1
15429,test_15429,1
15430,test_15430,1
15431,test_15431,1
15432,test_15432,1
15433,test_15433,1
15434,test_15434,1
15435,test_15435,1
15436,test_15436,1
15437,test_15437,0
15438,test_15438,1
15439,test_15439,1
15440,test_15440,1
15441,test_15441,1
15442,test_15442,1
15443,test_15443,1
15444,test_15444,1
15445,test_15445,1
15446,test_15446,1
15447,test_15447,1
15448,test_15448,1
15449,test_15449,1
15450,test_15450,1
15451,test_15451,1
15452,test_15452,1
15453,test_15453,1
15454,test_15454,1
15455,test_15455,1
15456,test_15456,1
15457,test_15457,1
15458,test_15458,1
15459,test_15459,1
15460,test_15460,1
15461,test_15461,1
15462,test_15462,1
15463,test_15463,1
15464,test_15464,1
15465,test_15465,1
15466,test_15466,1
15467,test_15467,1
15468,test_15468,0
15469,test_15469,1
15470,test_15470,1
15471,test_15471,1
15472,test_15472,1
15473,test_15473,1
15474,test_15474,1
15475,test_15475,1
15476,test_15476,1
15477,test_15477,1
15478,test_15478,1
15479,test_15479,1
15480,test_15480,1
15481,test_15481,1
15482,test_15482,1
15483,test_15483,1
15484,test_15484,1
15485,test_15485,1
15486,test_15486,1
15487,test_15487,0
15488,test_15488,1
15489,test_15489,1
15490,test_15490,1
15491,test_15491,1
15492,test_15492,1
15493,test_15493,1
15494,test_15494,1
15495,test_15495,1
15496,test_15496,0
15497,test_15497,1
15498,test_15498,1
15499,test_15499,1
15500,test_15500,1
15501,test_15501,1
15502,test_15502,1
15503,test_15503,1
15504,test_15504,1
15505,test_15505,1
15506,test_15506,1
15507,test_15507,1
15508,test_15508,1
15509,test_15509,1
15510,test_15510,1
15511,test_15511,1
15512,test_15512,1
15513,test_15513,1
15514,test_15514,1
15515,test_15515,0
15516,test_15516,1
15517,test_15517,1
15518,test_15518,1
15519,test_15519,1
15520,test_15520,1
15521,test_15521,1
15522,test_15522,1
15523,test_15523,1
15524,test_15524,1
15525,test_15525,1
15526,test_15526,1
15527,test_15527,1
15528,test_15528,1
15529,test_15529,0
15530,test_15530,0
15531,test_15531,1
15532,test_15532,1
15533,test_15533,1
15534,test_15534,1
15535,test_15535,1
15536,test_15536,1
15537,test_15537,1
15538,test_15538,1
15539,test_15539,0
15540,test_15540,1
15541,test_15541,1
15542,test_15542,1
15543,test_15543,1
15544,test_15544,1
15545,test_15545,1
15546,test_15546,1
15547,test_15547,1
15548,test_15548,1
15549,test_15549,1
15550,test_15550,1
15551,test_15551,1
15552,test_15552,1
15553,test_15553,1
15554,test_15554,1
15555,test_15555,1
15556,test_15556,1
15557,test_15557,1
15558,test_15558,1
15559,test_15559,1
15560,test_15560,1
15561,test_15561,1
15562,test_15562,1
15563,test_15563,1
15564,test_15564,1
15565,test_15565,1
15566,test_15566,1
15567,test_15567,1
15568,test_15568,1
15569,test_15569,1
15570,test_15570,1
15571,test_15571,1
15572,test_15572,1
15573,test_15573,1
15574,test_15574,1
15575,test_15575,1
15576,test_15576,1
15577,test_15577,1
15578,test_15578,1
15579,test_15579,0
15580,test_15580,1
15581,test_15581,1
15582,test_15582,1
15583,test_15583,1
15584,test_15584,1
15585,test_15585,1
15586,test_15586,1
15587,test_15587,1
15588,test_15588,1
15589,test_15589,1
15590,test_15590,1
15591,test_15591,1
15592,test_15592,1
15593,test_15593,0
15594,test_15594,1
15595,test_15595,1
15596,test_15596,1
15597,test_15597,1
15598,test_15598,1
15599,test_15599,1
15600,test_15600,1
15601,test_15601,1
15602,test_15602,1
15603,test_15603,1
15604,test_15604,1
15605,test_15605,1
15606,test_15606,1
15607,test_15607,1
15608,test_15608,1
15609,test_15609,1
15610,test_15610,1
15611,test_15611,1
15612,test_15612,1
15613,test_15613,1
15614,test_15614,1
15615,test_15615,1
15616,test_15616,1
15617,test_15617,1
15618,test_15618,1
15619,test_15619,1
15620,test_15620,1
15621,test_15621,1
15622,test_15622,1
15623,test_15623,1
15624,test_15624,1
15625,test_15625,1
15626,test_15626,1
15627,test_15627,1
15628,test_15628,1
15629,test_15629,1
15630,test_15630,1
15631,test_15631,1
15632,test_15632,1
15633,test_15633,1
15634,test_15634,1
15635,test_15635,1
15636,test_15636,1
15637,test_15637,1
15638,test_15638,1
15639,test_15639,1
15640,test_15640,1
15641,test_15641,1
15642,test_15642,1
15643,test_15643,1
15644,test_15644,1
15645,test_15645,1
15646,test_15646,1
15647,test_15647,1
15648,test_15648,1
15649,test_15649,1
15650,test_15650,1
15651,test_15651,1
15652,test_15652,1
15653,test_15653,1
15654,test_15654,1
15655,test_15655,1
15656,test_15656,1
15657,test_15657,1
15658,test_15658,1
15659,test_15659,1
15660,test_15660,1
15661,test_15661,0
15662,test_15662,1
15663,test_15663,1
15664,test_15664,1
15665,test_15665,1
15666,test_15666,1
15667,test_15667,1
15668,test_15668,1
15669,test_15669,1
15670,test_15670,1
15671,test_15671,1
15672,test_15672,1
15673,test_15673,1
15674,test_15674,1
15675,test_15675,1
15676,test_15676,1
15677,test_15677,1
15678,test_15678,1
15679,test_15679,1
15680,test_15680,1
15681,test_15681,1
15682,test_15682,1
15683,test_15683,0
15684,test_15684,0
15685,test_15685,1
15686,test_15686,1
15687,test_15687,1
15688,test_15688,0
15689,test_15689,1
15690,test_15690,1
15691,test_15691,1
15692,test_15692,1
15693,test_15693,1
15694,test_15694,1
15695,test_15695,1
15696,test_15696,1
15697,test_15697,0
15698,test_15698,1
15699,test_15699,1
15700,test_15700,1
15701,test_15701,0
15702,test_15702,1
15703,test_15703,1
15704,test_15704,1
15705,test_15705,1
15706,test_15706,1
15707,test_15707,1
15708,test_15708,0
15709,test_15709,1
15710,test_15710,1
15711,test_15711,1
15712,test_15712,0
15713,test_15713,1
15714,test_15714,1
15715,test_15715,1
15716,test_15716,1
15717,test_15717,1
15718,test_15718,1
15719,test_15719,1
15720,test_15720,1
15721,test_15721,1
15722,test_15722,1
15723,test_15723,1
15724,test_15724,1
15725,test_15725,1
15726,test_15726,1
15727,test_15727,0
15728,test_15728,1
15729,test_15729,1
15730,test_15730,1
15731,test_15731,1
15732,test_15732,1
15733,test_15733,1
15734,test_15734,1
15735,test_15735,1
15736,test_15736,1
15737,test_15737,0
15738,test_15738,1
15739,test_15739,1
15740,test_15740,1
15741,test_15741,1
15742,test_15742,1
15743,test_15743,1
15744,test_15744,1
15745,test_15745,1
15746,test_15746,1
15747,test_15747,1
15748,test_15748,1
15749,test_15749,1
15750,test_15750,1
15751,test_15751,1
15752,test_15752,1
15753,test_15753,0
15754,test_15754,1
15755,test_15755,1
15756,test_15756,1
15757,test_15757,1
15758,test_15758,1
15759,test_15759,1
15760,test_15760,1
15761,test_15761,1
15762,test_15762,1
15763,test_15763,1
15764,test_15764,1
15765,test_15765,1
15766,test_15766,1
15767,test_15767,1
15768,test_15768,0
15769,test_15769,1
15770,test_15770,1
15771,test_15771,1
15772,test_15772,1
15773,test_15773,1
15774,test_15774,1
15775,test_15775,1
15776,test_15776,1
15777,test_15777,1
15778,test_15778,1
15779,test_15779,1
15780,test_15780,1
15781,test_15781,1
15782,test_15782,1
15783,test_15783,1
15784,test_15784,1
15785,test_15785,0
15786,test_15786,1
15787,test_15787,1
15788,test_15788,1
15789,test_15789,1
15790,test_15790,1
15791,test_15791,1
15792,test_15792,1
15793,test_15793,1
15794,test_15794,0
15795,test_15795,1
15796,test_15796,1
15797,test_15797,0
15798,test_15798,1
15799,test_15799,1
15800,test_15800,1
15801,test_15801,1
15802,test_15802,1
15803,test_15803,1
15804,test_15804,1
15805,test_15805,1
15806,test_15806,1
15807,test_15807,1
15808,test_15808,1
15809,test_15809,1
15810,test_15810,1
15811,test_15811,1
15812,test_15812,1
15813,test_15813,1
15814,test_15814,0
15815,test_15815,1
15816,test_15816,1
15817,test_15817,1
15818,test_15818,1
15819,test_15819,1
15820,test_15820,1
15821,test_15821,1
15822,test_15822,1
15823,test_15823,1
15824,test_15824,1
15825,test_15825,0
15826,test_15826,0
15827,test_15827,1
15828,test_15828,1
15829,test_15829,1
15830,test_15830,1
15831,test_15831,1
15832,test_15832,1
15833,test_15833,1
15834,test_15834,1
15835,test_15835,1
15836,test_15836,1
15837,test_15837,1
15838,test_15838,1
15839,test_15839,1
15840,test_15840,1
15841,test_15841,1
15842,test_15842,1
15843,test_15843,1
15844,test_15844,0
15845,test_15845,1
15846,test_15846,1
15847,test_15847,1
15848,test_15848,1
15849,test_15849,1
15850,test_15850,1
15851,test_15851,1
15852,test_15852,1
15853,test_15853,1
15854,test_15854,1
15855,test_15855,1
15856,test_15856,1
15857,test_15857,1
15858,test_15858,1
15859,test_15859,1
15860,test_15860,1
15861,test_15861,1
15862,test_15862,1
15863,test_15863,1
15864,test_15864,1
15865,test_15865,1
15866,test_15866,1
15867,test_15867,1
15868,test_15868,1
15869,test_15869,1
15870,test_15870,0
15871,test_15871,1
15872,test_15872,0
15873,test_15873,1
15874,test_15874,1
15875,test_15875,1
15876,test_15876,1
15877,test_15877,1
15878,test_15878,1
15879,test_15879,0
15880,test_15880,1
15881,test_15881,1
15882,test_15882,1
15883,test_15883,1
15884,test_15884,1
15885,test_15885,1
15886,test_15886,0
15887,test_15887,1
15888,test_15888,1
15889,test_15889,1
15890,test_15890,1
15891,test_15891,1
15892,test_15892,1
15893,test_15893,0
15894,test_15894,1
15895,test_15895,1
15896,test_15896,1
15897,test_15897,1
15898,test_15898,1
15899,test_15899,1
15900,test_15900,1
15901,test_15901,1
15902,test_15902,1
15903,test_15903,0
15904,test_15904,1
15905,test_15905,1
15906,test_15906,1
15907,test_15907,1
15908,test_15908,1
15909,test_15909,1
15910,test_15910,1
15911,test_15911,1
15912,test_15912,0
15913,test_15913,1
15914,test_15914,1
15915,test_15915,1
15916,test_15916,1
15917,test_15917,1
15918,test_15918,1
15919,test_15919,1
15920,test_15920,1
15921,test_15921,1
15922,test_15922,1
15923,test_15923,1
15924,test_15924,1
15925,test_15925,1
15926,test_15926,1
15927,test_15927,1
15928,test_15928,1
15929,test_15929,1
15930,test_15930,1
15931,test_15931,1
15932,test_15932,1
15933,test_15933,1
15934,test_15934,1
15935,test_15935,1
15936,test_15936,1
15937,test_15937,1
15938,test_15938,1
15939,test_15939,1
15940,test_15940,0
15941,test_15941,1
15942,test_15942,1
15943,test_15943,1
15944,test_15944,1
15945,test_15945,1
15946,test_15946,1
15947,test_15947,1
15948,test_15948,0
15949,test_15949,1
15950,test_15950,1
15951,test_15951,1
15952,test_15952,1
15953,test_15953,1
15954,test_15954,0
15955,test_15955,1
15956,test_15956,1
15957,test_15957,0
15958,test_15958,1
15959,test_15959,1
15960,test_15960,0
15961,test_15961,1
15962,test_15962,1
15963,test_15963,1
15964,test_15964,1
15965,test_15965,1
15966,test_15966,1
15967,test_15967,0
15968,test_15968,1
15969,test_15969,1
15970,test_15970,1
15971,test_15971,1
15972,test_15972,1
15973,test_15973,1
15974,test_15974,1
15975,test_15975,0
15976,test_15976,1
15977,test_15977,1
15978,test_15978,1
15979,test_15979,1
15980,test_15980,1
15981,test_15981,1
15982,test_15982,1
15983,test_15983,1
15984,test_15984,1
15985,test_15985,1
15986,test_15986,1
15987,test_15987,1
15988,test_15988,1
15989,test_15989,1
15990,test_15990,1
15991,test_15991,1
15992,test_15992,1
15993,test_15993,1
15994,test_15994,1
15995,test_15995,1
15996,test_15996,1
15997,test_15997,1
15998,test_15998,0
15999,test_15999,1
16000,test_16000,1
16001,test_16001,1
16002,test_16002,1
16003,test_16003,1
16004,test_16004,0
16005,test_16005,1
16006,test_16006,1
16007,test_16007,1
16008,test_16008,1
16009,test_16009,1
16010,test_16010,1
16011,test_16011,1
16012,test_16012,1
16013,test_16013,1
16014,test_16014,1
16015,test_16015,1
16016,test_16016,1
16017,test_16017,1
16018,test_16018,1
16019,test_16019,1
16020,test_16020,1
16021,test_16021,1
16022,test_16022,1
16023,test_16023,1
16024,test_16024,1
16025,test_16025,1
16026,test_16026,1
16027,test_16027,1
16028,test_16028,1
16029,test_16029,1
16030,test_16030,1
16031,test_16031,1
16032,test_16032,1
16033,test_16033,0
16034,test_16034,1
16035,test_16035,1
16036,test_16036,1
16037,test_16037,0
16038,test_16038,0
16039,test_16039,0
16040,test_16040,1
16041,test_16041,1
16042,test_16042,1
16043,test_16043,1
16044,test_16044,1
16045,test_16045,1
16046,test_16046,1
16047,test_16047,1
16048,test_16048,1
16049,test_16049,1
16050,test_16050,1
16051,test_16051,1
16052,test_16052,1
16053,test_16053,1
16054,test_16054,1
16055,test_16055,1
16056,test_16056,1
16057,test_16057,1
16058,test_16058,1
16059,test_16059,1
16060,test_16060,1
16061,test_16061,1
16062,test_16062,0
16063,test_16063,1
16064,test_16064,1
16065,test_16065,1
16066,test_16066,1
16067,test_16067,0
16068,test_16068,1
16069,test_16069,1
16070,test_16070,1
16071,test_16071,1
16072,test_16072,1
16073,test_16073,1
16074,test_16074,1
16075,test_16075,1
16076,test_16076,1
16077,test_16077,1
16078,test_16078,1
16079,test_16079,1
16080,test_16080,1
16081,test_16081,1
16082,test_16082,1
16083,test_16083,1
16084,test_16084,1
16085,test_16085,1
16086,test_16086,1
16087,test_16087,1
16088,test_16088,1
16089,test_16089,1
16090,test_16090,1
16091,test_16091,1
16092,test_16092,1
16093,test_16093,1
16094,test_16094,1
16095,test_16095,1
16096,test_16096,1
16097,test_16097,0
16098,test_16098,1
16099,test_16099,1
16100,test_16100,1
16101,test_16101,1
16102,test_16102,1
16103,test_16103,1
16104,test_16104,1
16105,test_16105,1
16106,test_16106,1
16107,test_16107,0
16108,test_16108,1
16109,test_16109,1
16110,test_16110,1
16111,test_16111,1
16112,test_16112,1
16113,test_16113,1
16114,test_16114,1
16115,test_16115,1
16116,test_16116,1
16117,test_16117,1
16118,test_16118,1
16119,test_16119,1
16120,test_16120,1
16121,test_16121,1
16122,test_16122,1
16123,test_16123,1
16124,test_16124,1
16125,test_16125,1
16126,test_16126,1
16127,test_16127,1
16128,test_16128,1
16129,test_16129,1
16130,test_16130,1
16131,test_16131,1
16132,test_16132,0
16133,test_16133,1
16134,test_16134,1
16135,test_16135,1
16136,test_16136,1
16137,test_16137,1
16138,test_16138,1
16139,test_16139,1
16140,test_16140,1
16141,test_16141,1
16142,test_16142,1
16143,test_16143,1
16144,test_16144,0
16145,test_16145,1
16146,test_16146,1
16147,test_16147,1
16148,test_16148,1
16149,test_16149,1
16150,test_16150,1
16151,test_16151,1
16152,test_16152,1
16153,test_16153,1
16154,test_16154,1
16155,test_16155,1
16156,test_16156,1
16157,test_16157,1
16158,test_16158,1
16159,test_16159,0
16160,test_16160,1
16161,test_16161,1
16162,test_16162,1
16163,test_16163,1
16164,test_16164,1
16165,test_16165,1
16166,test_16166,1
16167,test_16167,1
16168,test_16168,1
16169,test_16169,1
16170,test_16170,0
16171,test_16171,1
16172,test_16172,1
16173,test_16173,1
16174,test_16174,1
16175,test_16175,1
16176,test_16176,1
16177,test_16177,1
16178,test_16178,1
16179,test_16179,1
16180,test_16180,1
16181,test_16181,1
16182,test_16182,1
16183,test_16183,1
16184,test_16184,1
16185,test_16185,1
16186,test_16186,1
16187,test_16187,0
16188,test_16188,0
16189,test_16189,1
16190,test_16190,1
16191,test_16191,1
16192,test_16192,1
16193,test_16193,1
16194,test_16194,1
16195,test_16195,1
16196,test_16196,1
16197,test_16197,1
16198,test_16198,1
16199,test_16199,1
16200,test_16200,1
16201,test_16201,1
16202,test_16202,1
16203,test_16203,1
16204,test_16204,1
16205,test_16205,1
16206,test_16206,1
16207,test_16207,1
16208,test_16208,1
16209,test_16209,1
16210,test_16210,1
16211,test_16211,1
16212,test_16212,1
16213,test_16213,1
16214,test_16214,1
16215,test_16215,0
16216,test_16216,1
16217,test_16217,1
16218,test_16218,1
16219,test_16219,1
16220,test_16220,1
16221,test_16221,1
16222,test_16222,1
16223,test_16223,1
16224,test_16224,1
16225,test_16225,1
16226,test_16226,1
16227,test_16227,1
16228,test_16228,1
16229,test_16229,0
16230,test_16230,1
16231,test_16231,1
16232,test_16232,1
16233,test_16233,1
16234,test_16234,1
16235,test_16235,1
16236,test_16236,1
16237,test_16237,1
16238,test_16238,1
16239,test_16239,1
16240,test_16240,1
16241,test_16241,1
16242,test_16242,1
16243,test_16243,1
16244,test_16244,0
16245,test_16245,1
16246,test_16246,1
16247,test_16247,1
16248,test_16248,1
16249,test_16249,1
16250,test_16250,1
16251,test_16251,1
16252,test_16252,1
16253,test_16253,1
16254,test_16254,1
16255,test_16255,1
16256,test_16256,1
16257,test_16257,1
16258,test_16258,0
16259,test_16259,1
16260,test_16260,1
16261,test_16261,0
16262,test_16262,1
16263,test_16263,1
16264,test_16264,1
16265,test_16265,1
16266,test_16266,1
16267,test_16267,1
16268,test_16268,1
16269,test_16269,1
16270,test_16270,1
16271,test_16271,1
16272,test_16272,1
16273,test_16273,1
16274,test_16274,1
16275,test_16275,1
16276,test_16276,1
16277,test_16277,1
16278,test_16278,1
16279,test_16279,1
16280,test_16280,0
16281,test_16281,1
16282,test_16282,1
16283,test_16283,1
16284,test_16284,1
16285,test_16285,1
16286,test_16286,1
16287,test_16287,1
16288,test_16288,1
16289,test_16289,1
16290,test_16290,1
16291,test_16291,0
16292,test_16292,1
16293,test_16293,1
16294,test_16294,1
16295,test_16295,1
16296,test_16296,1
16297,test_16297,1
16298,test_16298,1
16299,test_16299,1
16300,test_16300,1
16301,test_16301,1
16302,test_16302,1
16303,test_16303,1
16304,test_16304,1
16305,test_16305,1
16306,test_16306,0
16307,test_16307,1
16308,test_16308,1
16309,test_16309,1
16310,test_16310,1
16311,test_16311,1
16312,test_16312,1
16313,test_16313,1
16314,test_16314,1
16315,test_16315,1
16316,test_16316,1
16317,test_16317,1
16318,test_16318,1
16319,test_16319,1
16320,test_16320,1
16321,test_16321,1
16322,test_16322,1
16323,test_16323,1
16324,test_16324,1
16325,test_16325,0
16326,test_16326,0
16327,test_16327,1
16328,test_16328,1
16329,test_16329,1
16330,test_16330,1
16331,test_16331,1
16332,test_16332,1
16333,test_16333,1
16334,test_16334,1
16335,test_16335,1
16336,test_16336,1
16337,test_16337,1
16338,test_16338,1
16339,test_16339,1
16340,test_16340,1
16341,test_16341,1
16342,test_16342,1
16343,test_16343,1
16344,test_16344,1
16345,test_16345,1
16346,test_16346,0
16347,test_16347,0
16348,test_16348,1
16349,test_16349,1
16350,test_16350,1
16351,test_16351,1
16352,test_16352,1
16353,test_16353,1
16354,test_16354,1
16355,test_16355,1
16356,test_16356,0
16357,test_16357,1
16358,test_16358,1
16359,test_16359,1
16360,test_16360,1
16361,test_16361,1
16362,test_16362,1
16363,test_16363,1
16364,test_16364,1
16365,test_16365,1
16366,test_16366,1
16367,test_16367,1
16368,test_16368,1
16369,test_16369,1
16370,test_16370,1
16371,test_16371,1
16372,test_16372,1
16373,test_16373,1
16374,test_16374,1
16375,test_16375,1
16376,test_16376,1
16377,test_16377,1
16378,test_16378,1
16379,test_16379,1
16380,test_16380,1
16381,test_16381,1
16382,test_16382,1
16383,test_16383,1
16384,test_16384,1
16385,test_16385,1
16386,test_16386,1
16387,test_16387,1
16388,test_16388,1
16389,test_16389,1
16390,test_16390,1
16391,test_16391,1
16392,test_16392,1
16393,test_16393,0
16394,test_16394,1
16395,test_16395,1
16396,test_16396,1
16397,test_16397,1
16398,test_16398,1
16399,test_16399,1
16400,test_16400,1
16401,test_16401,1
16402,test_16402,1
16403,test_16403,1
16404,test_16404,1
16405,test_16405,1
16406,test_16406,1
16407,test_16407,1
16408,test_16408,1
16409,test_16409,1
16410,test_16410,1
16411,test_16411,1
16412,test_16412,0
16413,test_16413,1
16414,test_16414,1
16415,test_16415,1
16416,test_16416,0
16417,test_16417,1
16418,test_16418,1
16419,test_16419,1
16420,test_16420,1
16421,test_16421,1
16422,test_16422,1
16423,test_16423,1
16424,test_16424,1
16425,test_16425,1
16426,test_16426,1
16427,test_16427,0
16428,test_16428,0
16429,test_16429,1
16430,test_16430,1
16431,test_16431,1
16432,test_16432,0
16433,test_16433,1
16434,test_16434,1
16435,test_16435,1
16436,test_16436,1
16437,test_16437,1
16438,test_16438,1
16439,test_16439,0
16440,test_16440,1
16441,test_16441,0
16442,test_16442,1
16443,test_16443,1
16444,test_16444,1
16445,test_16445,0
16446,test_16446,1
16447,test_16447,1
16448,test_16448,1
16449,test_16449,1
16450,test_16450,0
16451,test_16451,1
16452,test_16452,1
16453,test_16453,1
16454,test_16454,1
16455,test_16455,0
16456,test_16456,1
16457,test_16457,1
16458,test_16458,1
16459,test_16459,1
16460,test_16460,1
16461,test_16461,1
16462,test_16462,1
16463,test_16463,1
16464,test_16464,1
16465,test_16465,1
16466,test_16466,1
16467,test_16467,1
16468,test_16468,1
16469,test_16469,1
16470,test_16470,0
16471,test_16471,1
16472,test_16472,1
16473,test_16473,1
16474,test_16474,1
16475,test_16475,1
16476,test_16476,1
16477,test_16477,0
16478,test_16478,1
16479,test_16479,1
16480,test_16480,0
16481,test_16481,1
16482,test_16482,1
16483,test_16483,1
16484,test_16484,1
16485,test_16485,1
16486,test_16486,1
16487,test_16487,1
16488,test_16488,0
16489,test_16489,1
16490,test_16490,1
16491,test_16491,1
16492,test_16492,1
16493,test_16493,1
16494,test_16494,1
16495,test_16495,1
16496,test_16496,1
16497,test_16497,1
16498,test_16498,1
16499,test_16499,1
16500,test_16500,1
16501,test_16501,1
16502,test_16502,1
16503,test_16503,1
16504,test_16504,1
16505,test_16505,1
16506,test_16506,1
16507,test_16507,1
16508,test_16508,1
16509,test_16509,1
16510,test_16510,1
16511,test_16511,1
16512,test_16512,1
16513,test_16513,1
16514,test_16514,1
16515,test_16515,1
16516,test_16516,1
16517,test_16517,1
16518,test_16518,1
16519,test_16519,1
16520,test_16520,1
16521,test_16521,1
16522,test_16522,1
16523,test_16523,1
16524,test_16524,1
16525,test_16525,1
16526,test_16526,1
16527,test_16527,1
16528,test_16528,1
16529,test_16529,1
16530,test_16530,1
16531,test_16531,1
16532,test_16532,1
16533,test_16533,1
16534,test_16534,1
16535,test_16535,1
16536,test_16536,1
16537,test_16537,1
16538,test_16538,1
16539,test_16539,0
16540,test_16540,1
16541,test_16541,0
16542,test_16542,1
16543,test_16543,1
16544,test_16544,1
16545,test_16545,1
16546,test_16546,1
16547,test_16547,1
16548,test_16548,1
16549,test_16549,1
16550,test_16550,1
16551,test_16551,1
16552,test_16552,1
16553,test_16553,1
16554,test_16554,1
16555,test_16555,0
16556,test_16556,1
16557,test_16557,1
16558,test_16558,1
16559,test_16559,1
16560,test_16560,1
16561,test_16561,1
16562,test_16562,1
16563,test_16563,1
16564,test_16564,1
16565,test_16565,1
16566,test_16566,1
16567,test_16567,1
16568,test_16568,1
16569,test_16569,1
16570,test_16570,1
16571,test_16571,1
16572,test_16572,1
16573,test_16573,0
16574,test_16574,1
16575,test_16575,1
16576,test_16576,1
16577,test_16577,1
16578,test_16578,1
16579,test_16579,1
16580,test_16580,1
16581,test_16581,1
16582,test_16582,1
16583,test_16583,1
16584,test_16584,1
16585,test_16585,1
16586,test_16586,1
16587,test_16587,1
16588,test_16588,1
16589,test_16589,1
16590,test_16590,1
16591,test_16591,1
16592,test_16592,1
16593,test_16593,1
16594,test_16594,1
16595,test_16595,1
16596,test_16596,1
16597,test_16597,1
16598,test_16598,1
16599,test_16599,1
16600,test_16600,1
16601,test_16601,1
16602,test_16602,1
16603,test_16603,1
16604,test_16604,1
16605,test_16605,1
16606,test_16606,1
16607,test_16607,1
16608,test_16608,0
16609,test_16609,1
16610,test_16610,0
16611,test_16611,1
16612,test_16612,1
16613,test_16613,1
16614,test_16614,1
16615,test_16615,1
16616,test_16616,1
16617,test_16617,1
16618,test_16618,1
16619,test_16619,1
16620,test_16620,1
16621,test_16621,1
16622,test_16622,1
16623,test_16623,0
16624,test_16624,1
16625,test_16625,1
16626,test_16626,0
16627,test_16627,1
16628,test_16628,1
16629,test_16629,1
16630,test_16630,1
16631,test_16631,1
16632,test_16632,1
16633,test_16633,1
16634,test_16634,1
16635,test_16635,1
16636,test_16636,1
16637,test_16637,1
16638,test_16638,1
16639,test_16639,1
16640,test_16640,1
16641,test_16641,1
16642,test_16642,1
16643,test_16643,1
16644,test_16644,1
16645,test_16645,1
16646,test_16646,1
16647,test_16647,1
16648,test_16648,1
16649,test_16649,1
16650,test_16650,1
16651,test_16651,1
16652,test_16652,1
16653,test_16653,1
16654,test_16654,1
16655,test_16655,1
16656,test_16656,1
16657,test_16657,1
16658,test_16658,0
16659,test_16659,0
16660,test_16660,1
16661,test_16661,1
16662,test_16662,1
16663,test_16663,1
16664,test_16664,1
16665,test_16665,1
16666,test_16666,1
16667,test_16667,1
16668,test_16668,1
16669,test_16669,1
16670,test_16670,1
16671,test_16671,1
16672,test_16672,1
16673,test_16673,1
16674,test_16674,1
16675,test_16675,1
16676,test_16676,1
16677,test_16677,1
16678,test_16678,1
16679,test_16679,1
16680,test_16680,1
16681,test_16681,1
16682,test_16682,1
16683,test_16683,1
16684,test_16684,1
16685,test_16685,1
16686,test_16686,1
16687,test_16687,1
16688,test_16688,1
16689,test_16689,1
16690,test_16690,1
16691,test_16691,1
16692,test_16692,0
16693,test_16693,1
16694,test_16694,1
16695,test_16695,1
16696,test_16696,1
16697,test_16697,1
16698,test_16698,1
16699,test_16699,1
16700,test_16700,0
16701,test_16701,1
16702,test_16702,1
16703,test_16703,1
16704,test_16704,1
16705,test_16705,1
16706,test_16706,1
16707,test_16707,1
16708,test_16708,1
16709,test_16709,1
16710,test_16710,0
16711,test_16711,1
16712,test_16712,1
16713,test_16713,0
16714,test_16714,0
16715,test_16715,1
16716,test_16716,1
16717,test_16717,1
16718,test_16718,1
16719,test_16719,1
16720,test_16720,1
16721,test_16721,1
16722,test_16722,1
16723,test_16723,1
16724,test_16724,1
16725,test_16725,1
16726,test_16726,1
16727,test_16727,1
16728,test_16728,1
16729,test_16729,1
16730,test_16730,0
16731,test_16731,1
16732,test_16732,1
16733,test_16733,1
16734,test_16734,1
16735,test_16735,0
16736,test_16736,1
16737,test_16737,1
16738,test_16738,1
16739,test_16739,1
16740,test_16740,1
16741,test_16741,1
16742,test_16742,1
16743,test_16743,1
16744,test_16744,1
16745,test_16745,1
16746,test_16746,0
16747,test_16747,1
16748,test_16748,1
16749,test_16749,1
16750,test_16750,1
16751,test_16751,1
16752,test_16752,0
16753,test_16753,1
16754,test_16754,0
16755,test_16755,0
16756,test_16756,1
16757,test_16757,1
16758,test_16758,1
16759,test_16759,1
16760,test_16760,1
16761,test_16761,1
16762,test_16762,1
16763,test_16763,1
16764,test_16764,1
16765,test_16765,0
16766,test_16766,1
16767,test_16767,1
16768,test_16768,1
16769,test_16769,1
16770,test_16770,1
16771,test_16771,1
16772,test_16772,1
16773,test_16773,1
16774,test_16774,1
16775,test_16775,1
16776,test_16776,1
16777,test_16777,1
16778,test_16778,1
16779,test_16779,1
16780,test_16780,0
16781,test_16781,1
16782,test_16782,1
16783,test_16783,1
16784,test_16784,1
16785,test_16785,1
16786,test_16786,1
16787,test_16787,1
16788,test_16788,1
16789,test_16789,1
16790,test_16790,1
16791,test_16791,1
16792,test_16792,1
16793,test_16793,1
16794,test_16794,1
16795,test_16795,1
16796,test_16796,1
16797,test_16797,1
16798,test_16798,1
16799,test_16799,1
16800,test_16800,1
16801,test_16801,1
16802,test_16802,1
16803,test_16803,1
16804,test_16804,1
16805,test_16805,1
16806,test_16806,1
16807,test_16807,1
16808,test_16808,1
16809,test_16809,1
16810,test_16810,0
16811,test_16811,1
16812,test_16812,1
16813,test_16813,1
16814,test_16814,1
16815,test_16815,1
16816,test_16816,1
16817,test_16817,1
16818,test_16818,1
16819,test_16819,1
16820,test_16820,1
16821,test_16821,0
16822,test_16822,1
16823,test_16823,0
16824,test_16824,1
16825,test_16825,1
16826,test_16826,1
16827,test_16827,1
16828,test_16828,1
16829,test_16829,1
16830,test_16830,1
16831,test_16831,1
16832,test_16832,1
16833,test_16833,0
16834,test_16834,1
16835,test_16835,1
16836,test_16836,1
16837,test_16837,1
16838,test_16838,1
16839,test_16839,0
16840,test_16840,1
16841,test_16841,1
16842,test_16842,1
16843,test_16843,1
16844,test_16844,1
16845,test_16845,1
16846,test_16846,1
16847,test_16847,1
16848,test_16848,1
16849,test_16849,1
16850,test_16850,1
16851,test_16851,1
16852,test_16852,1
16853,test_16853,0
16854,test_16854,1
16855,test_16855,1
16856,test_16856,1
16857,test_16857,1
16858,test_16858,0
16859,test_16859,1
16860,test_16860,1
16861,test_16861,1
16862,test_16862,1
16863,test_16863,1
16864,test_16864,1
16865,test_16865,1
16866,test_16866,1
16867,test_16867,1
16868,test_16868,1
16869,test_16869,1
16870,test_16870,1
16871,test_16871,1
16872,test_16872,1
16873,test_16873,1
16874,test_16874,1
16875,test_16875,1
16876,test_16876,1
16877,test_16877,1
16878,test_16878,1
16879,test_16879,0
16880,test_16880,1
16881,test_16881,1
16882,test_16882,1
16883,test_16883,1
16884,test_16884,1
16885,test_16885,1
16886,test_16886,1
16887,test_16887,1
16888,test_16888,1
16889,test_16889,1
16890,test_16890,1
16891,test_16891,1
16892,test_16892,1
16893,test_16893,1
16894,test_16894,1
16895,test_16895,1
16896,test_16896,1
16897,test_16897,1
16898,test_16898,1
16899,test_16899,1
16900,test_16900,0
16901,test_16901,1
16902,test_16902,1
16903,test_16903,1
16904,test_16904,1
16905,test_16905,1
16906,test_16906,1
16907,test_16907,1
16908,test_16908,1
16909,test_16909,1
16910,test_16910,1
16911,test_16911,1
16912,test_16912,1
16913,test_16913,1
16914,test_16914,1
16915,test_16915,1
16916,test_16916,1
16917,test_16917,1
16918,test_16918,1
16919,test_16919,1
16920,test_16920,1
16921,test_16921,1
16922,test_16922,1
16923,test_16923,1
16924,test_16924,0
16925,test_16925,0
16926,test_16926,1
16927,test_16927,1
16928,test_16928,0
16929,test_16929,1
16930,test_16930,1
16931,test_16931,1
16932,test_16932,1
16933,test_16933,1
16934,test_16934,1
16935,test_16935,1
16936,test_16936,1
16937,test_16937,0
16938,test_16938,1
16939,test_16939,1
16940,test_16940,1
16941,test_16941,1
16942,test_16942,1
16943,test_16943,1
16944,test_16944,1
16945,test_16945,1
16946,test_16946,0
16947,test_16947,1
16948,test_16948,1
16949,test_16949,1
16950,test_16950,1
16951,test_16951,1
16952,test_16952,0
16953,test_16953,1
16954,test_16954,1
16955,test_16955,1
16956,test_16956,1
16957,test_16957,0
16958,test_16958,1
16959,test_16959,1
16960,test_16960,1
16961,test_16961,1
16962,test_16962,1
16963,test_16963,1
16964,test_16964,1
16965,test_16965,1
16966,test_16966,1
16967,test_16967,1
16968,test_16968,1
16969,test_16969,1
16970,test_16970,1
16971,test_16971,1
16972,test_16972,1
16973,test_16973,1
16974,test_16974,0
16975,test_16975,1
16976,test_16976,1
16977,test_16977,1
16978,test_16978,1
16979,test_16979,1
16980,test_16980,1
16981,test_16981,0
16982,test_16982,1
16983,test_16983,1
16984,test_16984,1
16985,test_16985,1
16986,test_16986,1
16987,test_16987,1
16988,test_16988,1
16989,test_16989,1
16990,test_16990,1
16991,test_16991,1
16992,test_16992,1
16993,test_16993,1
16994,test_16994,1
16995,test_16995,0
16996,test_16996,0
16997,test_16997,1
16998,test_16998,1
16999,test_16999,1
17000,test_17000,0
17001,test_17001,1
17002,test_17002,0
17003,test_17003,1
17004,test_17004,1
17005,test_17005,1
17006,test_17006,1
17007,test_17007,1
17008,test_17008,1
17009,test_17009,1
17010,test_17010,1
17011,test_17011,1
17012,test_17012,1
17013,test_17013,1
17014,test_17014,1
17015,test_17015,1
17016,test_17016,1
17017,test_17017,1
17018,test_17018,1
17019,test_17019,1
17020,test_17020,1
17021,test_17021,1
17022,test_17022,1
17023,test_17023,1
17024,test_17024,1
17025,test_17025,1
17026,test_17026,1
17027,test_17027,1
17028,test_17028,0
17029,test_17029,1
17030,test_17030,1
17031,test_17031,0
17032,test_17032,1
17033,test_17033,1
17034,test_17034,1
17035,test_17035,1
17036,test_17036,1
17037,test_17037,1
17038,test_17038,1
17039,test_17039,1
17040,test_17040,1
17041,test_17041,1
17042,test_17042,1
17043,test_17043,1
17044,test_17044,1
17045,test_17045,1
17046,test_17046,1
17047,test_17047,0
17048,test_17048,1
17049,test_17049,1
17050,test_17050,1
17051,test_17051,0
17052,test_17052,0
17053,test_17053,1
17054,test_17054,1
17055,test_17055,1
17056,test_17056,1
17057,test_17057,1
17058,test_17058,1
17059,test_17059,1
17060,test_17060,0
17061,test_17061,1
17062,test_17062,1
17063,test_17063,1
17064,test_17064,1
17065,test_17065,1
17066,test_17066,1
17067,test_17067,1
17068,test_17068,1
17069,test_17069,1
17070,test_17070,0
17071,test_17071,1
17072,test_17072,1
17073,test_17073,1
17074,test_17074,1
17075,test_17075,1
17076,test_17076,1
17077,test_17077,1
17078,test_17078,1
17079,test_17079,1
17080,test_17080,1
17081,test_17081,1
17082,test_17082,1
17083,test_17083,1
17084,test_17084,1
17085,test_17085,1
17086,test_17086,1
17087,test_17087,1
17088,test_17088,1
17089,test_17089,1
17090,test_17090,1
17091,test_17091,1
17092,test_17092,0
17093,test_17093,1
17094,test_17094,1
17095,test_17095,1
17096,test_17096,1
17097,test_17097,1
17098,test_17098,1
17099,test_17099,1
17100,test_17100,1
17101,test_17101,1
17102,test_17102,1
17103,test_17103,1
17104,test_17104,0
17105,test_17105,1
17106,test_17106,1
17107,test_17107,1
17108,test_17108,1
17109,test_17109,1
17110,test_17110,1
17111,test_17111,1
17112,test_17112,0
17113,test_17113,1
17114,test_17114,1
17115,test_17115,1
17116,test_17116,1
17117,test_17117,1
17118,test_17118,1
17119,test_17119,0
17120,test_17120,1
17121,test_17121,1
17122,test_17122,0
17123,test_17123,1
17124,test_17124,1
17125,test_17125,1
17126,test_17126,0
17127,test_17127,1
17128,test_17128,1
17129,test_17129,1
17130,test_17130,1
17131,test_17131,1
17132,test_17132,1
17133,test_17133,1
17134,test_17134,1
17135,test_17135,1
17136,test_17136,0
17137,test_17137,1
17138,test_17138,1
17139,test_17139,1
17140,test_17140,1
17141,test_17141,1
17142,test_17142,1
17143,test_17143,1
17144,test_17144,1
17145,test_17145,1
17146,test_17146,1
17147,test_17147,1
17148,test_17148,1
17149,test_17149,1
17150,test_17150,1
17151,test_17151,1
17152,test_17152,1
17153,test_17153,1
17154,test_17154,1
17155,test_17155,1
17156,test_17156,1
17157,test_17157,1
17158,test_17158,1
17159,test_17159,1
17160,test_17160,1
17161,test_17161,1
17162,test_17162,1
17163,test_17163,1
17164,test_17164,1
17165,test_17165,1
17166,test_17166,1
17167,test_17167,1
17168,test_17168,1
17169,test_17169,1
17170,test_17170,1
17171,test_17171,1
17172,test_17172,1
17173,test_17173,1
17174,test_17174,1
17175,test_17175,1
17176,test_17176,1
17177,test_17177,1
17178,test_17178,1
17179,test_17179,0
17180,test_17180,1
17181,test_17181,1
17182,test_17182,1
17183,test_17183,1
17184,test_17184,1
17185,test_17185,1
17186,test_17186,1
17187,test_17187,1
17188,test_17188,1
17189,test_17189,1
17190,test_17190,1
17191,test_17191,1
17192,test_17192,1
17193,test_17193,1
17194,test_17194,0
17195,test_17195,1
17196,test_17196,1
17197,test_17197,1
17198,test_17198,1
17199,test_17199,1
17200,test_17200,1
17201,test_17201,1
17202,test_17202,0
17203,test_17203,1
17204,test_17204,1
17205,test_17205,1
17206,test_17206,1
17207,test_17207,1
17208,test_17208,1
17209,test_17209,0
17210,test_17210,1
17211,test_17211,1
17212,test_17212,1
17213,test_17213,1
17214,test_17214,1
17215,test_17215,1
17216,test_17216,1
17217,test_17217,1
17218,test_17218,1
17219,test_17219,0
17220,test_17220,1
17221,test_17221,1
17222,test_17222,1
17223,test_17223,1
17224,test_17224,1
17225,test_17225,1
17226,test_17226,1
17227,test_17227,1
17228,test_17228,1
17229,test_17229,1
17230,test_17230,1
17231,test_17231,1
17232,test_17232,1
17233,test_17233,1
17234,test_17234,1
17235,test_17235,1
17236,test_17236,1
17237,test_17237,1
17238,test_17238,1
17239,test_17239,1
17240,test_17240,1
17241,test_17241,1
17242,test_17242,1
17243,test_17243,1
17244,test_17244,1
17245,test_17245,1
17246,test_17246,0
17247,test_17247,0
17248,test_17248,1
17249,test_17249,1
17250,test_17250,1
17251,test_17251,1
17252,test_17252,1
17253,test_17253,1
17254,test_17254,1
17255,test_17255,1
17256,test_17256,1
17257,test_17257,1
17258,test_17258,1
17259,test_17259,1
17260,test_17260,1
17261,test_17261,1
17262,test_17262,1
17263,test_17263,1
17264,test_17264,1
17265,test_17265,1
17266,test_17266,1
17267,test_17267,1
17268,test_17268,1
17269,test_17269,1
17270,test_17270,1
17271,test_17271,1
17272,test_17272,1
17273,test_17273,1
17274,test_17274,1
17275,test_17275,0
17276,test_17276,1
17277,test_17277,1
17278,test_17278,1
17279,test_17279,1
17280,test_17280,1
17281,test_17281,1
17282,test_17282,1
17283,test_17283,1
17284,test_17284,1
17285,test_17285,1
17286,test_17286,1
17287,test_17287,1
17288,test_17288,1
17289,test_17289,1
17290,test_17290,1
17291,test_17291,1
17292,test_17292,1
17293,test_17293,1
17294,test_17294,1
17295,test_17295,1
17296,test_17296,1
17297,test_17297,1
17298,test_17298,1
17299,test_17299,1
17300,test_17300,1
17301,test_17301,1
17302,test_17302,1
17303,test_17303,1
17304,test_17304,1
17305,test_17305,1
17306,test_17306,1
17307,test_17307,1
17308,test_17308,1
17309,test_17309,1
17310,test_17310,1
17311,test_17311,1
17312,test_17312,1
17313,test_17313,0
17314,test_17314,1
17315,test_17315,1
17316,test_17316,1
17317,test_17317,1
17318,test_17318,1
17319,test_17319,1
17320,test_17320,1
17321,test_17321,1
17322,test_17322,1
17323,test_17323,1
17324,test_17324,1
17325,test_17325,1
17326,test_17326,1
17327,test_17327,1
17328,test_17328,1
17329,test_17329,1
17330,test_17330,1
17331,test_17331,1
17332,test_17332,1
17333,test_17333,1
17334,test_17334,1
17335,test_17335,1
17336,test_17336,1
17337,test_17337,0
17338,test_17338,1
17339,test_17339,1
17340,test_17340,1
17341,test_17341,1
17342,test_17342,1
17343,test_17343,1
17344,test_17344,1
17345,test_17345,1
17346,test_17346,1
17347,test_17347,1
17348,test_17348,1
17349,test_17349,1
17350,test_17350,1
17351,test_17351,1
17352,test_17352,1
17353,test_17353,1
17354,test_17354,1
17355,test_17355,1
17356,test_17356,1
17357,test_17357,1
17358,test_17358,1
17359,test_17359,1
17360,test_17360,1
17361,test_17361,1
17362,test_17362,1
17363,test_17363,1
17364,test_17364,1
17365,test_17365,1
17366,test_17366,1
17367,test_17367,1
17368,test_17368,1
17369,test_17369,1
17370,test_17370,1
17371,test_17371,1
17372,test_17372,0
17373,test_17373,1
17374,test_17374,1
17375,test_17375,0
17376,test_17376,1
17377,test_17377,1
17378,test_17378,0
17379,test_17379,1
17380,test_17380,0
17381,test_17381,1
17382,test_17382,1
17383,test_17383,1
17384,test_17384,1
17385,test_17385,1
17386,test_17386,1
17387,test_17387,1
17388,test_17388,1
17389,test_17389,1
17390,test_17390,1
17391,test_17391,1
17392,test_17392,1
17393,test_17393,0
17394,test_17394,1
17395,test_17395,1
17396,test_17396,1
17397,test_17397,1
17398,test_17398,1
17399,test_17399,1
17400,test_17400,1
17401,test_17401,0
17402,test_17402,1
17403,test_17403,1
17404,test_17404,1
17405,test_17405,1
17406,test_17406,1
17407,test_17407,1
17408,test_17408,1
17409,test_17409,1
17410,test_17410,1
17411,test_17411,1
17412,test_17412,1
17413,test_17413,1
17414,test_17414,1
17415,test_17415,1
17416,test_17416,1
17417,test_17417,1
17418,test_17418,1
17419,test_17419,1
17420,test_17420,1
17421,test_17421,0
17422,test_17422,1
17423,test_17423,0
17424,test_17424,1
17425,test_17425,1
17426,test_17426,1
17427,test_17427,1
17428,test_17428,1
17429,test_17429,1
17430,test_17430,1
17431,test_17431,1
17432,test_17432,1
17433,test_17433,1
17434,test_17434,1
17435,test_17435,1
17436,test_17436,1
17437,test_17437,1
17438,test_17438,1
17439,test_17439,1
17440,test_17440,1
17441,test_17441,1
17442,test_17442,1
17443,test_17443,1
17444,test_17444,1
17445,test_17445,1
17446,test_17446,1
17447,test_17447,1
17448,test_17448,1
17449,test_17449,1
17450,test_17450,1
17451,test_17451,1
17452,test_17452,1
17453,test_17453,1
17454,test_17454,1
17455,test_17455,1
17456,test_17456,1
17457,test_17457,1
17458,test_17458,1
17459,test_17459,1
17460,test_17460,1
17461,test_17461,1
17462,test_17462,0
17463,test_17463,1
17464,test_17464,1
17465,test_17465,1
17466,test_17466,1
17467,test_17467,1
17468,test_17468,1
17469,test_17469,1
17470,test_17470,1
17471,test_17471,1
17472,test_17472,1
17473,test_17473,1
17474,test_17474,1
17475,test_17475,1
17476,test_17476,1
17477,test_17477,1
17478,test_17478,1
17479,test_17479,0
17480,test_17480,1
17481,test_17481,1
17482,test_17482,1
17483,test_17483,1
17484,test_17484,1
17485,test_17485,1
17486,test_17486,1
17487,test_17487,1
17488,test_17488,1
17489,test_17489,1
17490,test_17490,1
17491,test_17491,1
17492,test_17492,1
17493,test_17493,1
17494,test_17494,1
17495,test_17495,0
17496,test_17496,1
17497,test_17497,1
17498,test_17498,1
17499,test_17499,1
17500,test_17500,1
17501,test_17501,1
17502,test_17502,1
17503,test_17503,1
17504,test_17504,1
17505,test_17505,1
17506,test_17506,1
17507,test_17507,1
17508,test_17508,1
17509,test_17509,1
17510,test_17510,1
17511,test_17511,1
17512,test_17512,0
17513,test_17513,1
17514,test_17514,1
17515,test_17515,1
17516,test_17516,1
17517,test_17517,1
17518,test_17518,1
17519,test_17519,1
17520,test_17520,0
17521,test_17521,1
17522,test_17522,1
17523,test_17523,1
17524,test_17524,1
17525,test_17525,1
17526,test_17526,1
17527,test_17527,1
17528,test_17528,1
17529,test_17529,1
17530,test_17530,1
17531,test_17531,1
17532,test_17532,1
17533,test_17533,1
17534,test_17534,1
17535,test_17535,0
17536,test_17536,1
17537,test_17537,1
17538,test_17538,1
17539,test_17539,1
17540,test_17540,1
17541,test_17541,0
17542,test_17542,1
17543,test_17543,1
17544,test_17544,1
17545,test_17545,1
17546,test_17546,1
17547,test_17547,1
17548,test_17548,1
17549,test_17549,1
17550,test_17550,1
17551,test_17551,0
17552,test_17552,1
17553,test_17553,1
17554,test_17554,1
17555,test_17555,1
17556,test_17556,1
17557,test_17557,1
17558,test_17558,1
17559,test_17559,1
17560,test_17560,1
17561,test_17561,1
17562,test_17562,1
17563,test_17563,1
17564,test_17564,1
17565,test_17565,0
17566,test_17566,1
17567,test_17567,1
17568,test_17568,1
17569,test_17569,1
17570,test_17570,1
17571,test_17571,1
17572,test_17572,1
17573,test_17573,1
17574,test_17574,1
17575,test_17575,1
17576,test_17576,1
17577,test_17577,1
17578,test_17578,1
17579,test_17579,1
17580,test_17580,0
17581,test_17581,0
17582,test_17582,1
17583,test_17583,1
17584,test_17584,1
17585,test_17585,1
17586,test_17586,1
17587,test_17587,1
17588,test_17588,1
17589,test_17589,1
17590,test_17590,1
17591,test_17591,1
17592,test_17592,1
17593,test_17593,1
17594,test_17594,1
17595,test_17595,1
17596,test_17596,1
17597,test_17597,1
17598,test_17598,1
17599,test_17599,0
17600,test_17600,0
17601,test_17601,1
17602,test_17602,0
17603,test_17603,1
17604,test_17604,1
17605,test_17605,1
17606,test_17606,1
17607,test_17607,1
17608,test_17608,1
17609,test_17609,1
17610,test_17610,1
17611,test_17611,1
17612,test_17612,1
17613,test_17613,1
17614,test_17614,1
17615,test_17615,1
17616,test_17616,1
17617,test_17617,1
17618,test_17618,1
17619,test_17619,1
17620,test_17620,0
17621,test_17621,1
17622,test_17622,1
17623,test_17623,1
17624,test_17624,1
17625,test_17625,1
17626,test_17626,1
17627,test_17627,1
17628,test_17628,1
17629,test_17629,1
17630,test_17630,1
17631,test_17631,1
17632,test_17632,1
17633,test_17633,1
17634,test_17634,1
17635,test_17635,0
17636,test_17636,1
17637,test_17637,1
17638,test_17638,1
17639,test_17639,1
17640,test_17640,1
17641,test_17641,1
17642,test_17642,1
17643,test_17643,1
17644,test_17644,1
17645,test_17645,1
17646,test_17646,0
17647,test_17647,1
17648,test_17648,0
17649,test_17649,1
17650,test_17650,1
17651,test_17651,1
17652,test_17652,1
17653,test_17653,0
17654,test_17654,1
17655,test_17655,1
17656,test_17656,1
17657,test_17657,1
17658,test_17658,1
17659,test_17659,1
17660,test_17660,1
17661,test_17661,1
17662,test_17662,1
17663,test_17663,1
17664,test_17664,1
17665,test_17665,1
17666,test_17666,1
17667,test_17667,1
17668,test_17668,1
17669,test_17669,1
17670,test_17670,1
17671,test_17671,1
17672,test_17672,1
17673,test_17673,1
17674,test_17674,1
17675,test_17675,1
17676,test_17676,1
17677,test_17677,1
17678,test_17678,1
17679,test_17679,1
17680,test_17680,1
17681,test_17681,1
17682,test_17682,1
17683,test_17683,1
17684,test_17684,1
17685,test_17685,1
17686,test_17686,1
17687,test_17687,1
17688,test_17688,1
17689,test_17689,1
17690,test_17690,1
17691,test_17691,1
17692,test_17692,1
17693,test_17693,1
17694,test_17694,1
17695,test_17695,1
17696,test_17696,1
17697,test_17697,1
17698,test_17698,1
17699,test_17699,1
17700,test_17700,1
17701,test_17701,1
17702,test_17702,1
17703,test_17703,1
17704,test_17704,1
17705,test_17705,1
17706,test_17706,1
17707,test_17707,1
17708,test_17708,1
17709,test_17709,1
17710,test_17710,1
17711,test_17711,1
17712,test_17712,1
17713,test_17713,1
17714,test_17714,1
17715,test_17715,1
17716,test_17716,1
17717,test_17717,1
17718,test_17718,1
17719,test_17719,1
17720,test_17720,1
17721,test_17721,1
17722,test_17722,1
17723,test_17723,0
17724,test_17724,0
17725,test_17725,1
17726,test_17726,1
17727,test_17727,0
17728,test_17728,1
17729,test_17729,1
17730,test_17730,0
17731,test_17731,1
17732,test_17732,1
17733,test_17733,1
17734,test_17734,1
17735,test_17735,1
17736,test_17736,1
17737,test_17737,1
17738,test_17738,1
17739,test_17739,1
17740,test_17740,1
17741,test_17741,1
17742,test_17742,1
17743,test_17743,1
17744,test_17744,1
17745,test_17745,1
17746,test_17746,1
17747,test_17747,1
17748,test_17748,1
17749,test_17749,1
17750,test_17750,1
17751,test_17751,1
17752,test_17752,1
17753,test_17753,1
17754,test_17754,1
17755,test_17755,1
17756,test_17756,1
17757,test_17757,1
17758,test_17758,1
17759,test_17759,1
17760,test_17760,0
17761,test_17761,1
17762,test_17762,0
17763,test_17763,1
17764,test_17764,1
17765,test_17765,1
17766,test_17766,0
17767,test_17767,0
17768,test_17768,1
17769,test_17769,1
17770,test_17770,1
17771,test_17771,1
17772,test_17772,0
17773,test_17773,1
17774,test_17774,1
17775,test_17775,1
17776,test_17776,1
17777,test_17777,1
17778,test_17778,1
17779,test_17779,1
17780,test_17780,1
17781,test_17781,1
17782,test_17782,1
17783,test_17783,1
17784,test_17784,1
17785,test_17785,1
17786,test_17786,1
17787,test_17787,1
17788,test_17788,1
17789,test_17789,1
17790,test_17790,1
17791,test_17791,1
17792,test_17792,0
17793,test_17793,0
17794,test_17794,1
17795,test_17795,1
17796,test_17796,1
17797,test_17797,1
17798,test_17798,1
17799,test_17799,1
17800,test_17800,1
17801,test_17801,1
17802,test_17802,1
17803,test_17803,1
17804,test_17804,1
17805,test_17805,1
17806,test_17806,1
17807,test_17807,1
17808,test_17808,1
17809,test_17809,1
17810,test_17810,1
17811,test_17811,1
17812,test_17812,1
17813,test_17813,1
17814,test_17814,1
17815,test_17815,0
17816,test_17816,1
17817,test_17817,1
17818,test_17818,0
17819,test_17819,1
17820,test_17820,1
17821,test_17821,1
17822,test_17822,1
17823,test_17823,1
17824,test_17824,1
17825,test_17825,1
17826,test_17826,1
17827,test_17827,1
17828,test_17828,1
17829,test_17829,1
17830,test_17830,1
17831,test_17831,1
17832,test_17832,1
17833,test_17833,1
17834,test_17834,1
17835,test_17835,1
17836,test_17836,1
17837,test_17837,1
17838,test_17838,1
17839,test_17839,1
17840,test_17840,1
17841,test_17841,1
17842,test_17842,1
17843,test_17843,1
17844,test_17844,1
17845,test_17845,1
17846,test_17846,1
17847,test_17847,1
17848,test_17848,1
17849,test_17849,1
17850,test_17850,1
17851,test_17851,1
17852,test_17852,0
17853,test_17853,1
17854,test_17854,1
17855,test_17855,1
17856,test_17856,1
17857,test_17857,1
17858,test_17858,1
17859,test_17859,1
17860,test_17860,1
17861,test_17861,1
17862,test_17862,1
17863,test_17863,1
17864,test_17864,1
17865,test_17865,1
17866,test_17866,1
17867,test_17867,1
17868,test_17868,1
17869,test_17869,1
17870,test_17870,1
17871,test_17871,1
17872,test_17872,1
17873,test_17873,1
17874,test_17874,1
17875,test_17875,1
17876,test_17876,1
17877,test_17877,1
17878,test_17878,1
17879,test_17879,1
17880,test_17880,0
17881,test_17881,1
17882,test_17882,0
17883,test_17883,1
17884,test_17884,1
17885,test_17885,1
17886,test_17886,1
17887,test_17887,1
17888,test_17888,1
17889,test_17889,1
17890,test_17890,1
17891,test_17891,1
17892,test_17892,0
17893,test_17893,1
17894,test_17894,1
17895,test_17895,1
17896,test_17896,1
17897,test_17897,1
17898,test_17898,1
17899,test_17899,1
17900,test_17900,1
17901,test_17901,1
17902,test_17902,1
17903,test_17903,1
17904,test_17904,1
17905,test_17905,0
17906,test_17906,1
17907,test_17907,1
17908,test_17908,0
17909,test_17909,1
17910,test_17910,1
17911,test_17911,1
17912,test_17912,1
17913,test_17913,1
17914,test_17914,1
17915,test_17915,1
17916,test_17916,1
17917,test_17917,1
17918,test_17918,1
17919,test_17919,1
17920,test_17920,0
17921,test_17921,1
17922,test_17922,1
17923,test_17923,1
17924,test_17924,1
17925,test_17925,1
17926,test_17926,1
17927,test_17927,1
17928,test_17928,1
17929,test_17929,1
17930,test_17930,1
17931,test_17931,0
17932,test_17932,1
17933,test_17933,1
17934,test_17934,0
17935,test_17935,1
17936,test_17936,1
17937,test_17937,1
17938,test_17938,1
17939,test_17939,1
17940,test_17940,0
17941,test_17941,1
17942,test_17942,0
17943,test_17943,1
17944,test_17944,1
17945,test_17945,1
17946,test_17946,1
17947,test_17947,1
17948,test_17948,1
17949,test_17949,1
17950,test_17950,0
17951,test_17951,1
17952,test_17952,1
17953,test_17953,1
17954,test_17954,1
17955,test_17955,1
17956,test_17956,1
17957,test_17957,1
17958,test_17958,1
17959,test_17959,0
17960,test_17960,1
17961,test_17961,1
17962,test_17962,1
17963,test_17963,1
17964,test_17964,1
17965,test_17965,1
17966,test_17966,1
17967,test_17967,1
17968,test_17968,1
17969,test_17969,1
17970,test_17970,1
17971,test_17971,1
17972,test_17972,1
17973,test_17973,0
17974,test_17974,1
17975,test_17975,1
17976,test_17976,1
17977,test_17977,1
17978,test_17978,1
17979,test_17979,0
17980,test_17980,1
17981,test_17981,1
17982,test_17982,1
17983,test_17983,1
17984,test_17984,1
17985,test_17985,1
17986,test_17986,1
17987,test_17987,1
17988,test_17988,1
17989,test_17989,1
17990,test_17990,1
17991,test_17991,1
17992,test_17992,1
17993,test_17993,1
17994,test_17994,0
17995,test_17995,1
17996,test_17996,1
17997,test_17997,1
17998,test_17998,1
17999,test_17999,1
18000,test_18000,1
18001,test_18001,1
18002,test_18002,0
18003,test_18003,1
18004,test_18004,1
18005,test_18005,0
18006,test_18006,1
18007,test_18007,0
18008,test_18008,1
18009,test_18009,1
18010,test_18010,1
18011,test_18011,1
18012,test_18012,1
18013,test_18013,1
18014,test_18014,1
18015,test_18015,1
18016,test_18016,1
18017,test_18017,1
18018,test_18018,1
18019,test_18019,1
18020,test_18020,1
18021,test_18021,1
18022,test_18022,1
18023,test_18023,1
18024,test_18024,1
18025,test_18025,1
18026,test_18026,1
18027,test_18027,1
18028,test_18028,1
18029,test_18029,1
18030,test_18030,1
18031,test_18031,1
18032,test_18032,1
18033,test_18033,1
18034,test_18034,1
18035,test_18035,1
18036,test_18036,1
18037,test_18037,1
18038,test_18038,1
18039,test_18039,1
18040,test_18040,1
18041,test_18041,1
18042,test_18042,1
18043,test_18043,1
18044,test_18044,1
18045,test_18045,1
18046,test_18046,1
18047,test_18047,1
18048,test_18048,1
18049,test_18049,1
18050,test_18050,1
18051,test_18051,1
18052,test_18052,1
18053,test_18053,1
18054,test_18054,1
18055,test_18055,1
18056,test_18056,1
18057,test_18057,1
18058,test_18058,1
18059,test_18059,1
18060,test_18060,1
18061,test_18061,1
18062,test_18062,1
18063,test_18063,1
18064,test_18064,0
18065,test_18065,1
18066,test_18066,1
18067,test_18067,1
18068,test_18068,1
18069,test_18069,1
18070,test_18070,1
18071,test_18071,0
18072,test_18072,0
18073,test_18073,1
18074,test_18074,0
18075,test_18075,1
18076,test_18076,1
18077,test_18077,1
18078,test_18078,1
18079,test_18079,1
18080,test_18080,1
18081,test_18081,1
18082,test_18082,1
18083,test_18083,1
18084,test_18084,1
18085,test_18085,1
18086,test_18086,1
18087,test_18087,1
18088,test_18088,1
18089,test_18089,1
18090,test_18090,1
18091,test_18091,1
18092,test_18092,1
18093,test_18093,1
18094,test_18094,1
18095,test_18095,0
18096,test_18096,1
18097,test_18097,1
18098,test_18098,1
18099,test_18099,1
18100,test_18100,1
18101,test_18101,1
18102,test_18102,1
18103,test_18103,1
18104,test_18104,1
18105,test_18105,1
18106,test_18106,0
18107,test_18107,1
18108,test_18108,1
18109,test_18109,1
18110,test_18110,1
18111,test_18111,1
18112,test_18112,1
18113,test_18113,1
18114,test_18114,1
18115,test_18115,0
18116,test_18116,1
18117,test_18117,1
18118,test_18118,1
18119,test_18119,1
18120,test_18120,1
18121,test_18121,0
18122,test_18122,1
18123,test_18123,1
18124,test_18124,1
18125,test_18125,1
18126,test_18126,1
18127,test_18127,1
18128,test_18128,1
18129,test_18129,1
18130,test_18130,0
18131,test_18131,1
18132,test_18132,1
18133,test_18133,1
18134,test_18134,1
18135,test_18135,1
18136,test_18136,1
18137,test_18137,1
18138,test_18138,1
18139,test_18139,1
18140,test_18140,1
18141,test_18141,1
18142,test_18142,1
18143,test_18143,1
18144,test_18144,1
18145,test_18145,0
18146,test_18146,1
18147,test_18147,1
18148,test_18148,1
18149,test_18149,1
18150,test_18150,1
18151,test_18151,1
18152,test_18152,1
18153,test_18153,1
18154,test_18154,1
18155,test_18155,1
18156,test_18156,1
18157,test_18157,1
18158,test_18158,1
18159,test_18159,1
18160,test_18160,1
18161,test_18161,1
18162,test_18162,0
18163,test_18163,1
18164,test_18164,1
18165,test_18165,1
18166,test_18166,1
18167,test_18167,1
18168,test_18168,1
18169,test_18169,1
18170,test_18170,1
18171,test_18171,0
18172,test_18172,1
18173,test_18173,1
18174,test_18174,1
18175,test_18175,1
18176,test_18176,1
18177,test_18177,1
18178,test_18178,1
18179,test_18179,1
18180,test_18180,1
18181,test_18181,1
18182,test_18182,1
18183,test_18183,1
18184,test_18184,1
18185,test_18185,1
18186,test_18186,0
18187,test_18187,1
18188,test_18188,0
18189,test_18189,1
18190,test_18190,1
18191,test_18191,1
18192,test_18192,1
18193,test_18193,1
18194,test_18194,1
18195,test_18195,1
18196,test_18196,1
18197,test_18197,1
18198,test_18198,1
18199,test_18199,1
18200,test_18200,1
18201,test_18201,0
18202,test_18202,1
18203,test_18203,1
18204,test_18204,1
18205,test_18205,1
18206,test_18206,1
18207,test_18207,1
18208,test_18208,1
18209,test_18209,1
18210,test_18210,1
18211,test_18211,1
18212,test_18212,1
18213,test_18213,1
18214,test_18214,1
18215,test_18215,1
18216,test_18216,1
18217,test_18217,1
18218,test_18218,1
18219,test_18219,1
18220,test_18220,0
18221,test_18221,1
18222,test_18222,1
18223,test_18223,1
18224,test_18224,1
18225,test_18225,1
18226,test_18226,0
18227,test_18227,1
18228,test_18228,1
18229,test_18229,0
18230,test_18230,1
18231,test_18231,1
18232,test_18232,1
18233,test_18233,1
18234,test_18234,1
18235,test_18235,1
18236,test_18236,1
18237,test_18237,1
18238,test_18238,1
18239,test_18239,0
18240,test_18240,1
18241,test_18241,1
18242,test_18242,0
18243,test_18243,1
18244,test_18244,1
18245,test_18245,1
18246,test_18246,1
18247,test_18247,1
18248,test_18248,0
18249,test_18249,1
18250,test_18250,1
18251,test_18251,1
18252,test_18252,1
18253,test_18253,1
18254,test_18254,1
18255,test_18255,1
18256,test_18256,1
18257,test_18257,1
18258,test_18258,0
18259,test_18259,1
18260,test_18260,1
18261,test_18261,1
18262,test_18262,1
18263,test_18263,1
18264,test_18264,1
18265,test_18265,1
18266,test_18266,1
18267,test_18267,1
18268,test_18268,1
18269,test_18269,1
18270,test_18270,1
18271,test_18271,1
18272,test_18272,1
18273,test_18273,1
18274,test_18274,1
18275,test_18275,1
18276,test_18276,1
18277,test_18277,1
18278,test_18278,1
18279,test_18279,0
18280,test_18280,1
18281,test_18281,1
18282,test_18282,1
18283,test_18283,1
18284,test_18284,1
18285,test_18285,1
18286,test_18286,1
18287,test_18287,1
18288,test_18288,1
18289,test_18289,1
18290,test_18290,1
18291,test_18291,0
18292,test_18292,0
18293,test_18293,0
18294,test_18294,1
18295,test_18295,1
18296,test_18296,1
18297,test_18297,1
18298,test_18298,1
18299,test_18299,1
18300,test_18300,1
18301,test_18301,1
18302,test_18302,1
18303,test_18303,1
18304,test_18304,1
18305,test_18305,1
18306,test_18306,1
18307,test_18307,1
18308,test_18308,1
18309,test_18309,1
18310,test_18310,1
18311,test_18311,1
18312,test_18312,1
18313,test_18313,1
18314,test_18314,0
18315,test_18315,1
18316,test_18316,1
18317,test_18317,1
18318,test_18318,1
18319,test_18319,1
18320,test_18320,1
18321,test_18321,0
18322,test_18322,1
18323,test_18323,1
18324,test_18324,1
18325,test_18325,1
18326,test_18326,1
18327,test_18327,1
18328,test_18328,0
18329,test_18329,1
18330,test_18330,1
18331,test_18331,1
18332,test_18332,0
18333,test_18333,1
18334,test_18334,1
18335,test_18335,1
18336,test_18336,1
18337,test_18337,0
18338,test_18338,1
18339,test_18339,1
18340,test_18340,1
18341,test_18341,1
18342,test_18342,1
18343,test_18343,1
18344,test_18344,0
18345,test_18345,1
18346,test_18346,1
18347,test_18347,1
18348,test_18348,1
18349,test_18349,0
18350,test_18350,1
18351,test_18351,1
18352,test_18352,1
18353,test_18353,1
18354,test_18354,1
18355,test_18355,0
18356,test_18356,1
18357,test_18357,1
18358,test_18358,1
18359,test_18359,1
18360,test_18360,1
18361,test_18361,1
18362,test_18362,1
18363,test_18363,1
18364,test_18364,1
18365,test_18365,1
18366,test_18366,1
18367,test_18367,1
18368,test_18368,1
18369,test_18369,1
18370,test_18370,1
18371,test_18371,1
18372,test_18372,1
18373,test_18373,1
18374,test_18374,1
18375,test_18375,1
18376,test_18376,1
18377,test_18377,1
18378,test_18378,1
18379,test_18379,1
18380,test_18380,1
18381,test_18381,1
18382,test_18382,1
18383,test_18383,1
18384,test_18384,1
18385,test_18385,0
18386,test_18386,1
18387,test_18387,1
18388,test_18388,1
18389,test_18389,1
18390,test_18390,1
18391,test_18391,1
18392,test_18392,1
18393,test_18393,1
18394,test_18394,1
18395,test_18395,1
18396,test_18396,1
18397,test_18397,1
18398,test_18398,0
18399,test_18399,0
18400,test_18400,1
18401,test_18401,1
18402,test_18402,1
18403,test_18403,1
18404,test_18404,0
18405,test_18405,1
18406,test_18406,1
18407,test_18407,1
18408,test_18408,1
18409,test_18409,1
18410,test_18410,1
18411,test_18411,1
18412,test_18412,1
18413,test_18413,1
18414,test_18414,1
18415,test_18415,1
18416,test_18416,1
18417,test_18417,1
18418,test_18418,1
18419,test_18419,1
18420,test_18420,1
18421,test_18421,1
18422,test_18422,1
18423,test_18423,1
18424,test_18424,1
18425,test_18425,1
18426,test_18426,1
18427,test_18427,1
18428,test_18428,1
18429,test_18429,1
18430,test_18430,1
18431,test_18431,1
18432,test_18432,1
18433,test_18433,1
18434,test_18434,0
18435,test_18435,1
18436,test_18436,1
18437,test_18437,1
18438,test_18438,1
18439,test_18439,1
18440,test_18440,1
18441,test_18441,1
18442,test_18442,1
18443,test_18443,1
18444,test_18444,1
18445,test_18445,1
18446,test_18446,1
18447,test_18447,1
18448,test_18448,1
18449,test_18449,1
18450,test_18450,1
18451,test_18451,1
18452,test_18452,1
18453,test_18453,1
18454,test_18454,1
18455,test_18455,1
18456,test_18456,1
18457,test_18457,1
18458,test_18458,1
18459,test_18459,1
18460,test_18460,1
18461,test_18461,1
18462,test_18462,1
18463,test_18463,1
18464,test_18464,1
18465,test_18465,1
18466,test_18466,1
18467,test_18467,0
18468,test_18468,1
18469,test_18469,1
18470,test_18470,1
18471,test_18471,1
18472,test_18472,1
18473,test_18473,1
18474,test_18474,1
18475,test_18475,1
18476,test_18476,1
18477,test_18477,1
18478,test_18478,1
18479,test_18479,1
18480,test_18480,1
18481,test_18481,1
18482,test_18482,0
18483,test_18483,1
18484,test_18484,1
18485,test_18485,1
18486,test_18486,1
18487,test_18487,1
18488,test_18488,1
18489,test_18489,1
18490,test_18490,1
18491,test_18491,1
18492,test_18492,1
18493,test_18493,1
18494,test_18494,1
18495,test_18495,1
18496,test_18496,1
18497,test_18497,1
18498,test_18498,1
18499,test_18499,1
18500,test_18500,1
18501,test_18501,1
18502,test_18502,1
18503,test_18503,1
18504,test_18504,1
18505,test_18505,0
18506,test_18506,1
18507,test_18507,1
18508,test_18508,1
18509,test_18509,1
18510,test_18510,1
18511,test_18511,1
18512,test_18512,1
18513,test_18513,1
18514,test_18514,0
18515,test_18515,1
18516,test_18516,1
18517,test_18517,1
18518,test_18518,1
18519,test_18519,1
18520,test_18520,1
18521,test_18521,1
18522,test_18522,1
18523,test_18523,1
18524,test_18524,1
18525,test_18525,1
18526,test_18526,1
18527,test_18527,1
18528,test_18528,1
18529,test_18529,1
18530,test_18530,1
18531,test_18531,1
18532,test_18532,1
18533,test_18533,1
18534,test_18534,1
18535,test_18535,0
18536,test_18536,1
18537,test_18537,1
18538,test_18538,1
18539,test_18539,0
18540,test_18540,1
18541,test_18541,0
18542,test_18542,1
18543,test_18543,1
18544,test_18544,1
18545,test_18545,1
18546,test_18546,1
18547,test_18547,1
18548,test_18548,1
18549,test_18549,1
18550,test_18550,1
18551,test_18551,1
18552,test_18552,0
18553,test_18553,1
18554,test_18554,1
18555,test_18555,1
18556,test_18556,1
18557,test_18557,1
18558,test_18558,1
18559,test_18559,1
18560,test_18560,1
18561,test_18561,1
18562,test_18562,1
18563,test_18563,1
18564,test_18564,1
18565,test_18565,1
18566,test_18566,1
18567,test_18567,1
18568,test_18568,0
18569,test_18569,1
18570,test_18570,1
18571,test_18571,1
18572,test_18572,1
18573,test_18573,1
18574,test_18574,1
18575,test_18575,1
18576,test_18576,1
18577,test_18577,1
18578,test_18578,1
18579,test_18579,1
18580,test_18580,1
18581,test_18581,1
18582,test_18582,1
18583,test_18583,1
18584,test_18584,1
18585,test_18585,1
18586,test_18586,1
18587,test_18587,1
18588,test_18588,1
18589,test_18589,1
18590,test_18590,1
18591,test_18591,1
18592,test_18592,1
18593,test_18593,1
18594,test_18594,1
18595,test_18595,1
18596,test_18596,1
18597,test_18597,1
18598,test_18598,1
18599,test_18599,1
18600,test_18600,1
18601,test_18601,1
18602,test_18602,1
18603,test_18603,1
18604,test_18604,1
18605,test_18605,1
18606,test_18606,1
18607,test_18607,1
18608,test_18608,1
18609,test_18609,1
18610,test_18610,1
18611,test_18611,0
18612,test_18612,1
18613,test_18613,1
18614,test_18614,1
18615,test_18615,0
18616,test_18616,1
18617,test_18617,1
18618,test_18618,1
18619,test_18619,1
18620,test_18620,1
18621,test_18621,1
18622,test_18622,1
18623,test_18623,1
18624,test_18624,1
18625,test_18625,1
18626,test_18626,1
18627,test_18627,1
18628,test_18628,1
18629,test_18629,1
18630,test_18630,1
18631,test_18631,1
18632,test_18632,1
18633,test_18633,1
18634,test_18634,1
18635,test_18635,1
18636,test_18636,1
18637,test_18637,1
18638,test_18638,0
18639,test_18639,1
18640,test_18640,1
18641,test_18641,1
18642,test_18642,1
18643,test_18643,1
18644,test_18644,1
18645,test_18645,1
18646,test_18646,0
18647,test_18647,1
18648,test_18648,1
18649,test_18649,1
18650,test_18650,1
18651,test_18651,1
18652,test_18652,1
18653,test_18653,1
18654,test_18654,1
18655,test_18655,1
18656,test_18656,1
18657,test_18657,1
18658,test_18658,1
18659,test_18659,1
18660,test_18660,1
18661,test_18661,1
18662,test_18662,1
18663,test_18663,1
18664,test_18664,1
18665,test_18665,1
18666,test_18666,1
18667,test_18667,1
18668,test_18668,1
18669,test_18669,1
18670,test_18670,1
18671,test_18671,1
18672,test_18672,1
18673,test_18673,1
18674,test_18674,1
18675,test_18675,1
18676,test_18676,1
18677,test_18677,1
18678,test_18678,1
18679,test_18679,1
18680,test_18680,1
18681,test_18681,1
18682,test_18682,1
18683,test_18683,1
18684,test_18684,0
18685,test_18685,1
18686,test_18686,1
18687,test_18687,1
18688,test_18688,1
18689,test_18689,1
18690,test_18690,1
18691,test_18691,0
18692,test_18692,1
18693,test_18693,1
18694,test_18694,1
18695,test_18695,1
18696,test_18696,1
18697,test_18697,1
18698,test_18698,0
18699,test_18699,1
18700,test_18700,1
18701,test_18701,1
18702,test_18702,1
18703,test_18703,1
18704,test_18704,1
18705,test_18705,1
18706,test_18706,1
18707,test_18707,1
18708,test_18708,1
18709,test_18709,1
18710,test_18710,1
18711,test_18711,1
18712,test_18712,1
18713,test_18713,1
18714,test_18714,1
18715,test_18715,1
18716,test_18716,1
18717,test_18717,1
18718,test_18718,1
18719,test_18719,0
18720,test_18720,1
18721,test_18721,1
18722,test_18722,1
18723,test_18723,1
18724,test_18724,1
18725,test_18725,1
18726,test_18726,1
18727,test_18727,1
18728,test_18728,1
18729,test_18729,1
18730,test_18730,1
18731,test_18731,1
18732,test_18732,1
18733,test_18733,1
18734,test_18734,1
18735,test_18735,1
18736,test_18736,1
18737,test_18737,1
18738,test_18738,1
18739,test_18739,1
18740,test_18740,1
18741,test_18741,0
18742,test_18742,1
18743,test_18743,1
18744,test_18744,1
18745,test_18745,1
18746,test_18746,1
18747,test_18747,1
18748,test_18748,0
18749,test_18749,1
18750,test_18750,1
18751,test_18751,1
18752,test_18752,1
18753,test_18753,1
18754,test_18754,1
18755,test_18755,1
18756,test_18756,1
18757,test_18757,1
18758,test_18758,1
18759,test_18759,1
18760,test_18760,1
18761,test_18761,1
18762,test_18762,0
18763,test_18763,1
18764,test_18764,1
18765,test_18765,1
18766,test_18766,1
18767,test_18767,1
18768,test_18768,1
18769,test_18769,1
18770,test_18770,1
18771,test_18771,1
18772,test_18772,1
18773,test_18773,1
18774,test_18774,1
18775,test_18775,1
18776,test_18776,1
18777,test_18777,1
18778,test_18778,1
18779,test_18779,1
18780,test_18780,1
18781,test_18781,0
18782,test_18782,1
18783,test_18783,1
18784,test_18784,1
18785,test_18785,1
18786,test_18786,1
18787,test_18787,1
18788,test_18788,1
18789,test_18789,1
18790,test_18790,1
18791,test_18791,1
18792,test_18792,1
18793,test_18793,1
18794,test_18794,1
18795,test_18795,1
18796,test_18796,1
18797,test_18797,1
18798,test_18798,1
18799,test_18799,0
18800,test_18800,1
18801,test_18801,1
18802,test_18802,1
18803,test_18803,1
18804,test_18804,1
18805,test_18805,1
18806,test_18806,1
18807,test_18807,1
18808,test_18808,1
18809,test_18809,1
18810,test_18810,1
18811,test_18811,1
18812,test_18812,1
18813,test_18813,1
18814,test_18814,0
18815,test_18815,1
18816,test_18816,1
18817,test_18817,1
18818,test_18818,1
18819,test_18819,1
18820,test_18820,1
18821,test_18821,1
18822,test_18822,1
18823,test_18823,1
18824,test_18824,1
18825,test_18825,1
18826,test_18826,1
18827,test_18827,1
18828,test_18828,1
18829,test_18829,1
18830,test_18830,1
18831,test_18831,1
18832,test_18832,1
18833,test_18833,1
18834,test_18834,0
18835,test_18835,1
18836,test_18836,1
18837,test_18837,1
18838,test_18838,1
18839,test_18839,1
18840,test_18840,0
18841,test_18841,1
18842,test_18842,1
18843,test_18843,1
18844,test_18844,1
18845,test_18845,1
18846,test_18846,1
18847,test_18847,1
18848,test_18848,1
18849,test_18849,1
18850,test_18850,1
18851,test_18851,1
18852,test_18852,1
18853,test_18853,0
18854,test_18854,1
18855,test_18855,0
18856,test_18856,1
18857,test_18857,1
18858,test_18858,1
18859,test_18859,0
18860,test_18860,1
18861,test_18861,1
18862,test_18862,1
18863,test_18863,1
18864,test_18864,1
18865,test_18865,1
18866,test_18866,1
18867,test_18867,1
18868,test_18868,1
18869,test_18869,1
18870,test_18870,1
18871,test_18871,1
18872,test_18872,1
18873,test_18873,0
18874,test_18874,1
18875,test_18875,1
18876,test_18876,1
18877,test_18877,1
18878,test_18878,0
18879,test_18879,1
18880,test_18880,1
18881,test_18881,1
18882,test_18882,1
18883,test_18883,1
18884,test_18884,1
18885,test_18885,1
18886,test_18886,1
18887,test_18887,1
18888,test_18888,1
18889,test_18889,1
18890,test_18890,1
18891,test_18891,1
18892,test_18892,1
18893,test_18893,1
18894,test_18894,1
18895,test_18895,1
18896,test_18896,1
18897,test_18897,1
18898,test_18898,1
18899,test_18899,1
18900,test_18900,1
18901,test_18901,1
18902,test_18902,1
18903,test_18903,1
18904,test_18904,1
18905,test_18905,1
18906,test_18906,1
18907,test_18907,1
18908,test_18908,1
18909,test_18909,0
18910,test_18910,1
18911,test_18911,0
18912,test_18912,0
18913,test_18913,1
18914,test_18914,1
18915,test_18915,1
18916,test_18916,1
18917,test_18917,1
18918,test_18918,1
18919,test_18919,0
18920,test_18920,1
18921,test_18921,1
18922,test_18922,1
18923,test_18923,1
18924,test_18924,1
18925,test_18925,1
18926,test_18926,1
18927,test_18927,1
18928,test_18928,1
18929,test_18929,0
18930,test_18930,1
18931,test_18931,0
18932,test_18932,1
18933,test_18933,1
18934,test_18934,1
18935,test_18935,1
18936,test_18936,1
18937,test_18937,1
18938,test_18938,1
18939,test_18939,1
18940,test_18940,1
18941,test_18941,1
18942,test_18942,1
18943,test_18943,1
18944,test_18944,1
18945,test_18945,1
18946,test_18946,1
18947,test_18947,1
18948,test_18948,1
18949,test_18949,0
18950,test_18950,1
18951,test_18951,1
18952,test_18952,1
18953,test_18953,0
18954,test_18954,1
18955,test_18955,1
18956,test_18956,1
18957,test_18957,1
18958,test_18958,1
18959,test_18959,1
18960,test_18960,1
18961,test_18961,1
18962,test_18962,1
18963,test_18963,1
18964,test_18964,1
18965,test_18965,0
18966,test_18966,1
18967,test_18967,1
18968,test_18968,1
18969,test_18969,1
18970,test_18970,0
18971,test_18971,1
18972,test_18972,1
18973,test_18973,1
18974,test_18974,1
18975,test_18975,0
18976,test_18976,1
18977,test_18977,1
18978,test_18978,1
18979,test_18979,1
18980,test_18980,0
18981,test_18981,1
18982,test_18982,1
18983,test_18983,1
18984,test_18984,1
18985,test_18985,1
18986,test_18986,1
18987,test_18987,1
18988,test_18988,1
18989,test_18989,1
18990,test_18990,1
18991,test_18991,1
18992,test_18992,1
18993,test_18993,1
18994,test_18994,0
18995,test_18995,1
18996,test_18996,1
18997,test_18997,1
18998,test_18998,1
18999,test_18999,1
19000,test_19000,1
19001,test_19001,1
19002,test_19002,1
19003,test_19003,1
19004,test_19004,1
19005,test_19005,1
19006,test_19006,1
19007,test_19007,1
19008,test_19008,0
19009,test_19009,1
19010,test_19010,1
19011,test_19011,1
19012,test_19012,1
19013,test_19013,1
19014,test_19014,1
19015,test_19015,0
19016,test_19016,1
19017,test_19017,1
19018,test_19018,1
19019,test_19019,0
19020,test_19020,1
19021,test_19021,1
19022,test_19022,1
19023,test_19023,1
19024,test_19024,1
19025,test_19025,1
19026,test_19026,1
19027,test_19027,1
19028,test_19028,1
19029,test_19029,1
19030,test_19030,1
19031,test_19031,1
19032,test_19032,1
19033,test_19033,1
19034,test_19034,1
19035,test_19035,1
19036,test_19036,1
19037,test_19037,1
19038,test_19038,1
19039,test_19039,1
19040,test_19040,1
19041,test_19041,1
19042,test_19042,1
19043,test_19043,1
19044,test_19044,1
19045,test_19045,1
19046,test_19046,1
19047,test_19047,1
19048,test_19048,1
19049,test_19049,1
19050,test_19050,1
19051,test_19051,1
19052,test_19052,1
19053,test_19053,1
19054,test_19054,1
19055,test_19055,1
19056,test_19056,1
19057,test_19057,1
19058,test_19058,1
19059,test_19059,1
19060,test_19060,1
19061,test_19061,1
19062,test_19062,1
19063,test_19063,1
19064,test_19064,1
19065,test_19065,1
19066,test_19066,1
19067,test_19067,1
19068,test_19068,1
19069,test_19069,1
19070,test_19070,1
19071,test_19071,1
19072,test_19072,1
19073,test_19073,1
19074,test_19074,1
19075,test_19075,1
19076,test_19076,1
19077,test_19077,1
19078,test_19078,1
19079,test_19079,1
19080,test_19080,0
19081,test_19081,1
19082,test_19082,1
19083,test_19083,1
19084,test_19084,1
19085,test_19085,1
19086,test_19086,1
19087,test_19087,1
19088,test_19088,1
19089,test_19089,1
19090,test_19090,1
19091,test_19091,1
19092,test_19092,1
19093,test_19093,1
19094,test_19094,1
19095,test_19095,1
19096,test_19096,1
19097,test_19097,1
19098,test_19098,1
19099,test_19099,1
19100,test_19100,1
19101,test_19101,1
19102,test_19102,1
19103,test_19103,1
19104,test_19104,1
19105,test_19105,1
19106,test_19106,0
19107,test_19107,1
19108,test_19108,1
19109,test_19109,1
19110,test_19110,1
19111,test_19111,1
19112,test_19112,1
19113,test_19113,1
19114,test_19114,1
19115,test_19115,1
19116,test_19116,1
19117,test_19117,1
19118,test_19118,1
19119,test_19119,1
19120,test_19120,1
19121,test_19121,0
19122,test_19122,1
19123,test_19123,1
19124,test_19124,1
19125,test_19125,1
19126,test_19126,0
19127,test_19127,1
19128,test_19128,1
19129,test_19129,1
19130,test_19130,1
19131,test_19131,1
19132,test_19132,0
19133,test_19133,1
19134,test_19134,1
19135,test_19135,1
19136,test_19136,1
19137,test_19137,1
19138,test_19138,1
19139,test_19139,1
19140,test_19140,1
19141,test_19141,1
19142,test_19142,0
19143,test_19143,1
19144,test_19144,1
19145,test_19145,1
19146,test_19146,1
19147,test_19147,1
19148,test_19148,1
19149,test_19149,1
19150,test_19150,1
19151,test_19151,0
19152,test_19152,1
19153,test_19153,1
19154,test_19154,1
19155,test_19155,1
19156,test_19156,1
19157,test_19157,1
19158,test_19158,1
19159,test_19159,1
19160,test_19160,1
19161,test_19161,1
19162,test_19162,1
19163,test_19163,1
19164,test_19164,1
19165,test_19165,1
19166,test_19166,1
19167,test_19167,0
19168,test_19168,1
19169,test_19169,1
19170,test_19170,1
19171,test_19171,1
19172,test_19172,1
19173,test_19173,1
19174,test_19174,1
19175,test_19175,1
19176,test_19176,1
19177,test_19177,1
19178,test_19178,1
19179,test_19179,0
19180,test_19180,1
19181,test_19181,1
19182,test_19182,1
19183,test_19183,1
19184,test_19184,1
19185,test_19185,1
19186,test_19186,1
19187,test_19187,0
19188,test_19188,1
19189,test_19189,1
19190,test_19190,1
19191,test_19191,1
19192,test_19192,1
19193,test_19193,1
19194,test_19194,1
19195,test_19195,1
19196,test_19196,1
19197,test_19197,1
19198,test_19198,0
19199,test_19199,1
19200,test_19200,1
19201,test_19201,1
19202,test_19202,1
19203,test_19203,1
19204,test_19204,1
19205,test_19205,1
19206,test_19206,1
19207,test_19207,1
19208,test_19208,1
19209,test_19209,1
19210,test_19210,1
19211,test_19211,1
19212,test_19212,1
19213,test_19213,1
19214,test_19214,1
19215,test_19215,1
19216,test_19216,1
19217,test_19217,1
19218,test_19218,1
19219,test_19219,1
19220,test_19220,1
19221,test_19221,0
19222,test_19222,1
19223,test_19223,1
19224,test_19224,1
19225,test_19225,1
19226,test_19226,1
19227,test_19227,1
19228,test_19228,1
19229,test_19229,1
19230,test_19230,1
19231,test_19231,1
19232,test_19232,1
19233,test_19233,1
19234,test_19234,1
19235,test_19235,1
19236,test_19236,1
19237,test_19237,1
19238,test_19238,1
19239,test_19239,1
19240,test_19240,1
19241,test_19241,1
19242,test_19242,1
19243,test_19243,1
19244,test_19244,0
19245,test_19245,1
19246,test_19246,0
19247,test_19247,1
19248,test_19248,1
19249,test_19249,1
19250,test_19250,1
19251,test_19251,1
19252,test_19252,1
19253,test_19253,1
19254,test_19254,1
19255,test_19255,1
19256,test_19256,0
19257,test_19257,1
19258,test_19258,1
19259,test_19259,1
19260,test_19260,1
19261,test_19261,1
19262,test_19262,1
19263,test_19263,1
19264,test_19264,1
19265,test_19265,1
19266,test_19266,1
19267,test_19267,1
19268,test_19268,1
19269,test_19269,1
19270,test_19270,0
19271,test_19271,1
19272,test_19272,1
19273,test_19273,1
19274,test_19274,0
19275,test_19275,1
19276,test_19276,1
19277,test_19277,1
19278,test_19278,1
19279,test_19279,1
19280,test_19280,1
19281,test_19281,1
19282,test_19282,1
19283,test_19283,1
19284,test_19284,1
19285,test_19285,1
19286,test_19286,1
19287,test_19287,0
19288,test_19288,1
19289,test_19289,1
19290,test_19290,1
19291,test_19291,1
19292,test_19292,1
19293,test_19293,1
19294,test_19294,1
19295,test_19295,1
19296,test_19296,1
19297,test_19297,0
19298,test_19298,1
19299,test_19299,1
19300,test_19300,1
19301,test_19301,1
19302,test_19302,1
19303,test_19303,1
19304,test_19304,1
19305,test_19305,1
19306,test_19306,1
19307,test_19307,1
19308,test_19308,0
19309,test_19309,1
19310,test_19310,1
19311,test_19311,1
19312,test_19312,1
19313,test_19313,1
19314,test_19314,1
19315,test_19315,1
19316,test_19316,1
19317,test_19317,1
19318,test_19318,1
19319,test_19319,1
19320,test_19320,1
19321,test_19321,1
19322,test_19322,1
19323,test_19323,1
19324,test_19324,0
19325,test_19325,1
19326,test_19326,1
19327,test_19327,1
19328,test_19328,1
19329,test_19329,1
19330,test_19330,1
19331,test_19331,1
19332,test_19332,1
19333,test_19333,1
19334,test_19334,1
19335,test_19335,1
19336,test_19336,1
19337,test_19337,0
19338,test_19338,1
19339,test_19339,1
19340,test_19340,1
19341,test_19341,1
19342,test_19342,1
19343,test_19343,0
19344,test_19344,1
19345,test_19345,1
19346,test_19346,1
19347,test_19347,1
19348,test_19348,1
19349,test_19349,1
19350,test_19350,1
19351,test_19351,1
19352,test_19352,0
19353,test_19353,1
19354,test_19354,1
19355,test_19355,1
19356,test_19356,1
19357,test_19357,1
19358,test_19358,1
19359,test_19359,0
19360,test_19360,1
19361,test_19361,1
19362,test_19362,1
19363,test_19363,1
19364,test_19364,1
19365,test_19365,1
19366,test_19366,1
19367,test_19367,1
19368,test_19368,0
19369,test_19369,1
19370,test_19370,1
19371,test_19371,1
19372,test_19372,1
19373,test_19373,1
19374,test_19374,1
19375,test_19375,1
19376,test_19376,1
19377,test_19377,1
19378,test_19378,1
19379,test_19379,1
19380,test_19380,1
19381,test_19381,1
19382,test_19382,1
19383,test_19383,1
19384,test_19384,1
19385,test_19385,1
19386,test_19386,1
19387,test_19387,1
19388,test_19388,0
19389,test_19389,1
19390,test_19390,1
19391,test_19391,0
19392,test_19392,1
19393,test_19393,1
19394,test_19394,1
19395,test_19395,1
19396,test_19396,1
19397,test_19397,1
19398,test_19398,1
19399,test_19399,1
19400,test_19400,1
19401,test_19401,0
19402,test_19402,1
19403,test_19403,1
19404,test_19404,1
19405,test_19405,1
19406,test_19406,1
19407,test_19407,1
19408,test_19408,1
19409,test_19409,1
19410,test_19410,1
19411,test_19411,1
19412,test_19412,1
19413,test_19413,1
19414,test_19414,1
19415,test_19415,1
19416,test_19416,1
19417,test_19417,1
19418,test_19418,1
19419,test_19419,0
19420,test_19420,1
19421,test_19421,1
19422,test_19422,1
19423,test_19423,1
19424,test_19424,0
19425,test_19425,1
19426,test_19426,1
19427,test_19427,1
19428,test_19428,1
19429,test_19429,1
19430,test_19430,1
19431,test_19431,1
19432,test_19432,0
19433,test_19433,1
19434,test_19434,1
19435,test_19435,1
19436,test_19436,1
19437,test_19437,0
19438,test_19438,1
19439,test_19439,1
19440,test_19440,1
19441,test_19441,1
19442,test_19442,1
19443,test_19443,1
19444,test_19444,1
19445,test_19445,1
19446,test_19446,1
19447,test_19447,1
19448,test_19448,1
19449,test_19449,1
19450,test_19450,1
19451,test_19451,1
19452,test_19452,1
19453,test_19453,1
19454,test_19454,1
19455,test_19455,1
19456,test_19456,1
19457,test_19457,1
19458,test_19458,1
19459,test_19459,1
19460,test_19460,1
19461,test_19461,1
19462,test_19462,1
19463,test_19463,1
19464,test_19464,1
19465,test_19465,1
19466,test_19466,1
19467,test_19467,1
19468,test_19468,1
19469,test_19469,1
19470,test_19470,1
19471,test_19471,1
19472,test_19472,1
19473,test_19473,1
19474,test_19474,1
19475,test_19475,1
19476,test_19476,1
19477,test_19477,1
19478,test_19478,1
19479,test_19479,1
19480,test_19480,1
19481,test_19481,1
19482,test_19482,1
19483,test_19483,1
19484,test_19484,1
19485,test_19485,1
19486,test_19486,1
19487,test_19487,1
19488,test_19488,1
19489,test_19489,1
19490,test_19490,1
19491,test_19491,1
19492,test_19492,1
19493,test_19493,1
19494,test_19494,1
19495,test_19495,1
19496,test_19496,1
19497,test_19497,1
19498,test_19498,1
19499,test_19499,1
19500,test_19500,1
19501,test_19501,1
19502,test_19502,1
19503,test_19503,1
19504,test_19504,0
19505,test_19505,1
19506,test_19506,1
19507,test_19507,1
19508,test_19508,1
19509,test_19509,1
19510,test_19510,1
19511,test_19511,1
19512,test_19512,1
19513,test_19513,1
19514,test_19514,1
19515,test_19515,1
19516,test_19516,1
19517,test_19517,1
19518,test_19518,1
19519,test_19519,1
19520,test_19520,1
19521,test_19521,1
19522,test_19522,1
19523,test_19523,1
19524,test_19524,0
19525,test_19525,1
19526,test_19526,1
19527,test_19527,0
19528,test_19528,1
19529,test_19529,1
19530,test_19530,1
19531,test_19531,1
19532,test_19532,1
19533,test_19533,1
19534,test_19534,1
19535,test_19535,1
19536,test_19536,1
19537,test_19537,1
19538,test_19538,1
19539,test_19539,1
19540,test_19540,1
19541,test_19541,1
19542,test_19542,1
19543,test_19543,1
19544,test_19544,1
19545,test_19545,1
19546,test_19546,1
19547,test_19547,1
19548,test_19548,1
19549,test_19549,1
19550,test_19550,1
19551,test_19551,1
19552,test_19552,0
19553,test_19553,0
19554,test_19554,1
19555,test_19555,1
19556,test_19556,1
19557,test_19557,1
19558,test_19558,1
19559,test_19559,1
19560,test_19560,1
19561,test_19561,1
19562,test_19562,1
19563,test_19563,1
19564,test_19564,1
19565,test_19565,1
19566,test_19566,1
19567,test_19567,1
19568,test_19568,1
19569,test_19569,0
19570,test_19570,1
19571,test_19571,1
19572,test_19572,1
19573,test_19573,1
19574,test_19574,1
19575,test_19575,0
19576,test_19576,1
19577,test_19577,1
19578,test_19578,1
19579,test_19579,0
19580,test_19580,1
19581,test_19581,1
19582,test_19582,1
19583,test_19583,0
19584,test_19584,1
19585,test_19585,0
19586,test_19586,1
19587,test_19587,0
19588,test_19588,1
19589,test_19589,1
19590,test_19590,1
19591,test_19591,1
19592,test_19592,1
19593,test_19593,1
19594,test_19594,0
19595,test_19595,0
19596,test_19596,1
19597,test_19597,1
19598,test_19598,1
19599,test_19599,1
19600,test_19600,1
19601,test_19601,1
19602,test_19602,1
19603,test_19603,1
19604,test_19604,1
19605,test_19605,1
19606,test_19606,0
19607,test_19607,1
19608,test_19608,0
19609,test_19609,1
19610,test_19610,1
19611,test_19611,1
19612,test_19612,1
19613,test_19613,1
19614,test_19614,1
19615,test_19615,1
19616,test_19616,1
19617,test_19617,0
19618,test_19618,1
19619,test_19619,1
19620,test_19620,1
19621,test_19621,1
19622,test_19622,1
19623,test_19623,1
19624,test_19624,1
19625,test_19625,1
19626,test_19626,1
19627,test_19627,1
19628,test_19628,1
19629,test_19629,1
19630,test_19630,1
19631,test_19631,1
19632,test_19632,1
19633,test_19633,1
19634,test_19634,1
19635,test_19635,1
19636,test_19636,1
19637,test_19637,1
19638,test_19638,1
19639,test_19639,1
19640,test_19640,1
19641,test_19641,1
19642,test_19642,1
19643,test_19643,1
19644,test_19644,1
19645,test_19645,1
19646,test_19646,1
19647,test_19647,1
19648,test_19648,1
19649,test_19649,1
19650,test_19650,1
19651,test_19651,1
19652,test_19652,1
19653,test_19653,1
19654,test_19654,1
19655,test_19655,1
19656,test_19656,1
19657,test_19657,1
19658,test_19658,1
19659,test_19659,1
19660,test_19660,1
19661,test_19661,0
19662,test_19662,1
19663,test_19663,1
19664,test_19664,1
19665,test_19665,1
19666,test_19666,1
19667,test_19667,0
19668,test_19668,1
19669,test_19669,1
19670,test_19670,1
19671,test_19671,1
19672,test_19672,1
19673,test_19673,1
19674,test_19674,1
19675,test_19675,1
19676,test_19676,1
19677,test_19677,0
19678,test_19678,0
19679,test_19679,1
19680,test_19680,1
19681,test_19681,1
19682,test_19682,1
19683,test_19683,1
19684,test_19684,1
19685,test_19685,1
19686,test_19686,1
19687,test_19687,1
19688,test_19688,1
19689,test_19689,1
19690,test_19690,1
19691,test_19691,1
19692,test_19692,1
19693,test_19693,1
19694,test_19694,0
19695,test_19695,1
19696,test_19696,1
19697,test_19697,1
19698,test_19698,1
19699,test_19699,1
19700,test_19700,1
19701,test_19701,1
19702,test_19702,1
19703,test_19703,1
19704,test_19704,1
19705,test_19705,1
19706,test_19706,0
19707,test_19707,1
19708,test_19708,0
19709,test_19709,0
19710,test_19710,1
19711,test_19711,0
19712,test_19712,0
19713,test_19713,1
19714,test_19714,1
19715,test_19715,1
19716,test_19716,1
19717,test_19717,1
19718,test_19718,1
19719,test_19719,1
19720,test_19720,0
19721,test_19721,1
19722,test_19722,1
19723,test_19723,1
19724,test_19724,1
19725,test_19725,0
19726,test_19726,1
19727,test_19727,1
19728,test_19728,1
19729,test_19729,1
19730,test_19730,1
19731,test_19731,1
19732,test_19732,1
19733,test_19733,1
19734,test_19734,1
19735,test_19735,1
19736,test_19736,0
19737,test_19737,1
19738,test_19738,1
19739,test_19739,1
19740,test_19740,1
19741,test_19741,1
19742,test_19742,1
19743,test_19743,1
19744,test_19744,1
19745,test_19745,1
19746,test_19746,1
19747,test_19747,1
19748,test_19748,0
19749,test_19749,0
19750,test_19750,1
19751,test_19751,1
19752,test_19752,1
19753,test_19753,1
19754,test_19754,1
19755,test_19755,1
19756,test_19756,1
19757,test_19757,1
19758,test_19758,1
19759,test_19759,1
19760,test_19760,1
19761,test_19761,1
19762,test_19762,1
19763,test_19763,1
19764,test_19764,1
19765,test_19765,1
19766,test_19766,1
19767,test_19767,1
19768,test_19768,1
19769,test_19769,1
19770,test_19770,1
19771,test_19771,1
19772,test_19772,1
19773,test_19773,1
19774,test_19774,1
19775,test_19775,1
19776,test_19776,1
19777,test_19777,1
19778,test_19778,1
19779,test_19779,0
19780,test_19780,1
19781,test_19781,1
19782,test_19782,1
19783,test_19783,0
19784,test_19784,1
19785,test_19785,1
19786,test_19786,1
19787,test_19787,1
19788,test_19788,1
19789,test_19789,1
19790,test_19790,1
19791,test_19791,1
19792,test_19792,1
19793,test_19793,1
19794,test_19794,1
19795,test_19795,1
19796,test_19796,1
19797,test_19797,1
19798,test_19798,1
19799,test_19799,1
19800,test_19800,1
19801,test_19801,1
19802,test_19802,1
19803,test_19803,1
19804,test_19804,1
19805,test_19805,1
19806,test_19806,1
19807,test_19807,1
19808,test_19808,1
19809,test_19809,1
19810,test_19810,0
19811,test_19811,1
19812,test_19812,1
19813,test_19813,1
19814,test_19814,0
19815,test_19815,1
19816,test_19816,1
19817,test_19817,1
19818,test_19818,1
19819,test_19819,1
19820,test_19820,1
19821,test_19821,1
19822,test_19822,1
19823,test_19823,0
19824,test_19824,1
19825,test_19825,1
19826,test_19826,1
19827,test_19827,1
19828,test_19828,1
19829,test_19829,1
19830,test_19830,1
19831,test_19831,1
19832,test_19832,1
19833,test_19833,1
19834,test_19834,1
19835,test_19835,1
19836,test_19836,0
19837,test_19837,1
19838,test_19838,1
19839,test_19839,1
19840,test_19840,1
19841,test_19841,1
19842,test_19842,1
19843,test_19843,1
19844,test_19844,1
19845,test_19845,1
19846,test_19846,1
19847,test_19847,1
19848,test_19848,0
19849,test_19849,1
19850,test_19850,1
19851,test_19851,1
19852,test_19852,1
19853,test_19853,1
19854,test_19854,1
19855,test_19855,1
19856,test_19856,1
19857,test_19857,1
19858,test_19858,0
19859,test_19859,0
19860,test_19860,1
19861,test_19861,1
19862,test_19862,1
19863,test_19863,1
19864,test_19864,0
19865,test_19865,1
19866,test_19866,1
19867,test_19867,1
19868,test_19868,1
19869,test_19869,0
19870,test_19870,1
19871,test_19871,1
19872,test_19872,0
19873,test_19873,1
19874,test_19874,1
19875,test_19875,1
19876,test_19876,1
19877,test_19877,1
19878,test_19878,0
19879,test_19879,1
19880,test_19880,1
19881,test_19881,1
19882,test_19882,1
19883,test_19883,1
19884,test_19884,1
19885,test_19885,0
19886,test_19886,1
19887,test_19887,1
19888,test_19888,1
19889,test_19889,1
19890,test_19890,1
19891,test_19891,1
19892,test_19892,1
19893,test_19893,1
19894,test_19894,1
19895,test_19895,1
19896,test_19896,1
19897,test_19897,1
19898,test_19898,1
19899,test_19899,1
19900,test_19900,1
19901,test_19901,1
19902,test_19902,1
19903,test_19903,1
19904,test_19904,1
19905,test_19905,1
19906,test_19906,1
19907,test_19907,1
19908,test_19908,1
19909,test_19909,1
19910,test_19910,1
19911,test_19911,1
19912,test_19912,1
19913,test_19913,1
19914,test_19914,1
19915,test_19915,1
19916,test_19916,1
19917,test_19917,1
19918,test_19918,0
19919,test_19919,1
19920,test_19920,1
19921,test_19921,1
19922,test_19922,1
19923,test_19923,1
19924,test_19924,1
19925,test_19925,0
19926,test_19926,0
19927,test_19927,1
19928,test_19928,1
19929,test_19929,1
19930,test_19930,0
19931,test_19931,1
19932,test_19932,1
19933,test_19933,1
19934,test_19934,1
19935,test_19935,1
19936,test_19936,1
19937,test_19937,1
19938,test_19938,1
19939,test_19939,1
19940,test_19940,1
19941,test_19941,0
19942,test_19942,1
19943,test_19943,1
19944,test_19944,1
19945,test_19945,1
19946,test_19946,1
19947,test_19947,0
19948,test_19948,1
19949,test_19949,1
19950,test_19950,1
19951,test_19951,1
19952,test_19952,0
19953,test_19953,1
19954,test_19954,0
19955,test_19955,1
19956,test_19956,1
19957,test_19957,1
19958,test_19958,1
19959,test_19959,0
19960,test_19960,1
19961,test_19961,1
19962,test_19962,1
19963,test_19963,1
19964,test_19964,1
19965,test_19965,0
19966,test_19966,1
19967,test_19967,1
19968,test_19968,1
19969,test_19969,0
19970,test_19970,0
19971,test_19971,1
19972,test_19972,1
19973,test_19973,1
19974,test_19974,0
19975,test_19975,1
19976,test_19976,1
19977,test_19977,1
19978,test_19978,1
19979,test_19979,1
19980,test_19980,0
19981,test_19981,1
19982,test_19982,0
19983,test_19983,1
19984,test_19984,1
19985,test_19985,1
19986,test_19986,1
19987,test_19987,1
19988,test_19988,1
19989,test_19989,1
19990,test_19990,1
19991,test_19991,1
19992,test_19992,1
19993,test_19993,1
19994,test_19994,1
19995,test_19995,1
19996,test_19996,1
19997,test_19997,1
19998,test_19998,1
19999,test_19999,1
